customerID,tenure,MonthlyCharges,TotalCharges,InternetService,Contract,Churn,TotalServicesUsed,ChurnProbability,PredictedChurn,RiskLevel,RetentionStrategy
7590-VHVEG,1,29.85,29.85,DSL,Month-to-month,No,1,0.7057049006058717,Yes,High Risk,Offer contract upgrade discount
5575-GNVDE,34,56.95,1889.5,DSL,One year,No,2,0.06187822889569006,No,Normal Risk,Continue regular engagement
3668-QPYBK,2,53.85,108.15,DSL,Month-to-month,Yes,2,0.32337223289797984,No,Normal Risk,Continue regular engagement
7795-CFOCW,45,42.3,1840.75,DSL,One year,No,3,0.05966729533380508,No,Normal Risk,Continue regular engagement
9237-HQITU,2,70.7,151.65,Fiber optic,Month-to-month,Yes,0,0.8879513078135303,Yes,High Risk,Offer contract upgrade discount
9305-CDSKC,8,99.65,820.5,Fiber optic,Month-to-month,Yes,3,0.8795839586267796,Yes,High Risk,Offer contract upgrade discount
1452-KIOVK,22,89.1,1949.4,Fiber optic,Month-to-month,No,2,0.3424944475520239,No,Normal Risk,Continue regular engagement
6713-OKOMC,10,29.75,301.9,DSL,Month-to-month,No,1,0.4967416250888434,No,Normal Risk,Continue regular engagement
7892-POOKP,28,104.8,3046.05,Fiber optic,Month-to-month,Yes,4,0.6330865872122937,Yes,Normal Risk,Continue regular engagement
6388-TABGU,62,56.15,3487.95,DSL,One year,No,2,0.032032063074405884,No,Normal Risk,Continue regular engagement
9763-GRSKD,13,49.95,587.45,DSL,Month-to-month,No,1,0.11696941989959593,No,Normal Risk,Continue regular engagement
7469-LKBCI,16,18.95,326.8,No,Two year,No,0,0.029803176406994297,No,Normal Risk,Continue regular engagement
8091-TTVAX,58,100.35,5681.1,Fiber optic,One year,No,3,0.26286895691202167,No,Normal Risk,Continue regular engagement
0280-XJGEX,49,103.7,5036.3,Fiber optic,Month-to-month,Yes,4,0.7066763408416912,Yes,High Risk,Offer contract upgrade discount
5129-JLPIS,25,105.5,2686.05,Fiber optic,Month-to-month,No,5,0.46866135474716136,No,Normal Risk,Continue regular engagement
3655-SNQYZ,69,113.25,7895.15,Fiber optic,Two year,No,6,0.028808914268828388,No,Normal Risk,Continue regular engagement
8191-XWSZG,52,20.65,1022.95,No,One year,No,0,0.023849709853714377,No,Normal Risk,Continue regular engagement
9959-WOFKT,71,106.7,7382.25,Fiber optic,Two year,No,4,0.17923891677535259,No,Normal Risk,Continue regular engagement
4190-MFLUW,10,55.2,528.35,DSL,Month-to-month,Yes,2,0.19412529661179792,No,Normal Risk,Continue regular engagement
4183-MYFRB,21,90.05,1862.9,Fiber optic,Month-to-month,No,3,0.6610885777100077,Yes,Normal Risk,Continue regular engagement
8779-QRDMV,1,39.65,39.65,DSL,Month-to-month,Yes,2,0.7160475640461612,Yes,High Risk,Offer contract upgrade discount
1680-VDCWW,12,19.8,202.25,No,One year,No,0,0.19571569349045204,No,Normal Risk,Continue regular engagement
1066-JKSGK,1,20.15,20.15,No,Month-to-month,Yes,0,0.3796970584845667,No,Normal Risk,Continue regular engagement
3638-WEABW,58,59.9,3505.1,DSL,Two year,No,2,0.01646217248230512,No,Normal Risk,Continue regular engagement
6322-HRPFA,49,59.6,2970.3,DSL,Month-to-month,No,3,0.018267520728591363,No,Normal Risk,Continue regular engagement
6865-JZNKO,30,55.3,1530.6,DSL,Month-to-month,No,2,0.31138713466771967,No,Normal Risk,Continue regular engagement
6467-CHFZW,47,99.35,4749.15,Fiber optic,Month-to-month,Yes,3,0.48746750140101164,No,Normal Risk,Continue regular engagement
8665-UTDHZ,1,30.2,30.2,DSL,Month-to-month,Yes,1,0.493670790994501,No,Normal Risk,Continue regular engagement
5248-YGIJN,72,90.25,6369.45,DSL,Two year,No,6,0.010624942454817501,No,Normal Risk,Continue regular engagement
8773-HHUOZ,17,64.7,1093.1,DSL,Month-to-month,Yes,2,0.3874904851169864,No,Normal Risk,Continue regular engagement
3841-NFECX,71,96.35,6766.95,Fiber optic,Two year,No,4,0.02276109450103614,No,Normal Risk,Continue regular engagement
4929-XIHVW,2,95.5,181.65,Fiber optic,Month-to-month,No,3,0.6823925131351128,Yes,Normal Risk,Continue regular engagement
6827-IEAUQ,27,66.15,1874.45,DSL,One year,No,4,0.015934708546894327,No,Normal Risk,Continue regular engagement
7310-EGVHZ,1,20.2,20.2,No,Month-to-month,No,0,0.5810512076077707,Yes,Normal Risk,Continue regular engagement
3413-BMNZE,1,45.25,45.25,DSL,Month-to-month,No,0,0.7381549449992731,Yes,High Risk,Offer contract upgrade discount
6234-RAAPL,72,99.9,7251.7,Fiber optic,Two year,No,4,0.06010500135072898,No,Normal Risk,Continue regular engagement
6047-YHPVI,5,69.7,316.9,Fiber optic,Month-to-month,Yes,0,0.8394830878463743,Yes,High Risk,Offer contract upgrade discount
6572-ADKRS,46,74.8,3548.3,Fiber optic,Month-to-month,No,1,0.4872523139285533,No,Normal Risk,Continue regular engagement
5380-WJKOV,34,106.35,3549.25,Fiber optic,Month-to-month,Yes,4,0.6909968898777263,Yes,Normal Risk,Continue regular engagement
8168-UQWWF,11,97.85,1105.4,Fiber optic,Month-to-month,Yes,3,0.901589028320469,Yes,High Risk,Offer contract upgrade discount
8865-TNMNX,10,49.55,475.7,DSL,One year,No,1,0.10897350450515868,No,Normal Risk,Continue regular engagement
9489-DEDVP,70,69.2,4872.35,DSL,Two year,No,3,0.009154977502978463,No,Normal Risk,Continue regular engagement
9867-JCZSP,17,20.75,418.25,No,One year,No,0,0.037196967380581286,No,Normal Risk,Continue regular engagement
4671-VJLCL,63,79.85,4861.45,DSL,Two year,No,5,0.01202814170657714,No,Normal Risk,Continue regular engagement
4080-IIARD,13,76.2,981.45,DSL,Month-to-month,No,4,0.18463061443633755,No,Normal Risk,Continue regular engagement
3714-NTNFO,49,84.5,3906.7,Fiber optic,Month-to-month,No,1,0.7150784043693065,Yes,High Risk,Offer contract upgrade discount
5948-UJZLF,2,49.25,97.0,DSL,Month-to-month,No,1,0.48874124678400965,No,Normal Risk,Continue regular engagement
7760-OYPDY,2,80.65,144.15,Fiber optic,Month-to-month,Yes,1,0.9001957406438215,Yes,High Risk,Offer contract upgrade discount
7639-LIAYI,52,79.75,4217.8,DSL,Two year,No,4,0.028355087523997183,No,Normal Risk,Continue regular engagement
2954-PIBKO,69,64.15,4254.1,DSL,Two year,No,3,0.0039014187759066447,No,Normal Risk,Continue regular engagement
8012-SOUDQ,43,90.25,3838.75,Fiber optic,Month-to-month,No,2,0.6231250123052996,Yes,Normal Risk,Continue regular engagement
9420-LOJKX,15,99.1,1426.4,Fiber optic,Month-to-month,Yes,4,0.45115555964381193,No,Normal Risk,Continue regular engagement
6575-SUVOI,25,69.5,1752.65,DSL,Month-to-month,No,3,0.10555944302778844,No,Normal Risk,Continue regular engagement
7495-OOKFY,8,80.65,633.3,Fiber optic,Month-to-month,Yes,1,0.6054588967211145,Yes,Normal Risk,Continue regular engagement
4667-QONEA,60,74.85,4456.35,DSL,One year,No,5,0.007278327506153155,No,Normal Risk,Continue regular engagement
1658-BYGOY,18,95.45,1752.55,Fiber optic,Month-to-month,Yes,2,0.7449712302525817,Yes,High Risk,Offer contract upgrade discount
8769-KKTPH,63,99.65,6311.2,Fiber optic,One year,No,3,0.14290526129454,No,Normal Risk,Continue regular engagement
5067-XJQFU,66,108.45,7076.35,Fiber optic,One year,No,5,0.09125552877793908,No,Normal Risk,Continue regular engagement
3957-SQXML,34,24.95,894.3,No,Two year,No,0,0.010904640164267853,No,Normal Risk,Continue regular engagement
5954-BDFSG,72,107.5,7853.7,Fiber optic,Two year,No,4,0.21576540547318201,No,Normal Risk,Continue regular engagement
0434-CSFON,47,100.5,4707.1,Fiber optic,Month-to-month,No,3,0.7369487903731844,Yes,High Risk,Offer contract upgrade discount
1215-FIGMP,60,89.9,5450.7,Fiber optic,Month-to-month,No,2,0.6674883393109311,Yes,Normal Risk,Continue regular engagement
0526-SXDJP,72,42.1,2962.0,DSL,Two year,No,3,0.015462170855920937,No,Normal Risk,Continue regular engagement
0557-ASKVU,18,54.4,957.1,DSL,One year,No,2,0.03741392524175006,No,Normal Risk,Continue regular engagement
5698-BQJOH,9,94.4,857.25,Fiber optic,Month-to-month,Yes,2,0.8945103228462138,Yes,High Risk,Offer contract upgrade discount
5122-CYFXA,3,75.3,244.1,DSL,Month-to-month,No,4,0.6104279968181947,Yes,Normal Risk,Continue regular engagement
8627-ZYGSZ,47,78.9,3650.35,Fiber optic,One year,No,1,0.22072138891246942,No,Normal Risk,Continue regular engagement
3410-YOQBQ,31,79.2,2497.2,DSL,Two year,No,5,0.05484729335693188,No,Normal Risk,Continue regular engagement
3170-NMYVV,50,20.15,930.9,No,Two year,No,0,0.014045798818140689,No,Normal Risk,Continue regular engagement
7410-OIEDU,10,79.85,887.35,Fiber optic,Month-to-month,No,2,0.5549508537750912,Yes,Normal Risk,Continue regular engagement
2273-QCKXA,1,49.05,49.05,DSL,Month-to-month,No,1,0.4312557188016899,No,Normal Risk,Continue regular engagement
0731-EBJQB,52,20.4,1090.65,No,One year,No,0,0.017186979625098908,No,Normal Risk,Continue regular engagement
1891-QRQSA,64,111.6,7099.0,Fiber optic,Two year,No,5,0.08161864428954461,No,Normal Risk,Continue regular engagement
8028-PNXHQ,62,24.25,1424.6,No,Two year,No,0,0.007230705899320838,No,Normal Risk,Continue regular engagement
5630-AHZIL,3,64.5,177.4,DSL,Month-to-month,No,3,0.42872751517396523,No,Normal Risk,Continue regular engagement
2673-CXQEU,56,110.5,6139.5,Fiber optic,One year,No,5,0.25408518073482717,No,Normal Risk,Continue regular engagement
6416-JNVRK,46,55.65,2688.85,DSL,One year,No,1,0.14683865451327408,No,Normal Risk,Continue regular engagement
5590-ZSKRV,8,54.65,482.25,DSL,Month-to-month,No,2,0.1882880299326372,No,Normal Risk,Continue regular engagement
0191-ZHSKZ,30,74.75,2111.3,DSL,Month-to-month,No,4,0.2323047380583661,No,Normal Risk,Continue regular engagement
3887-PBQAO,45,25.9,1216.6,No,One year,No,0,0.01434474393770291,No,Normal Risk,Continue regular engagement
5919-TMRGD,1,79.35,79.35,Fiber optic,Month-to-month,Yes,1,0.8226891262342648,Yes,High Risk,Offer contract upgrade discount
8108-UXRQN,11,50.55,565.35,DSL,Month-to-month,No,3,0.5020051371007563,Yes,Normal Risk,Continue regular engagement
9191-MYQKX,7,75.15,496.9,Fiber optic,Month-to-month,Yes,1,0.8577941019477711,Yes,High Risk,Offer contract upgrade discount
9919-YLNNG,42,103.8,4327.5,Fiber optic,Month-to-month,No,5,0.636693798506833,Yes,Normal Risk,Continue regular engagement
0318-ZOPWS,49,20.15,973.35,No,Two year,No,0,0.028602812910062992,No,Normal Risk,Continue regular engagement
4445-ZJNMU,9,99.3,918.75,Fiber optic,Month-to-month,No,3,0.7228316898390224,Yes,High Risk,Offer contract upgrade discount
4808-YNLEU,35,62.15,2215.45,DSL,One year,No,2,0.2119212269767663,No,Normal Risk,Continue regular engagement
1862-QRWPE,48,20.65,1057.0,No,Two year,No,0,0.016832678599372396,No,Normal Risk,Continue regular engagement
2796-NNUFI,46,19.95,927.1,No,Two year,No,0,0.008003884912076676,No,Normal Risk,Continue regular engagement
3016-KSVCP,29,33.75,1009.25,DSL,Month-to-month,No,1,0.3047869013107425,No,Normal Risk,Continue regular engagement
4767-HZZHQ,30,82.05,2570.2,Fiber optic,Month-to-month,No,2,0.46155694244275314,No,Normal Risk,Continue regular engagement
2424-WVHPL,1,74.7,74.7,Fiber optic,Month-to-month,No,1,0.6779927953874545,Yes,Normal Risk,Continue regular engagement
7233-PAHHL,66,84.0,5714.25,DSL,Two year,No,5,0.009766970433292903,No,Normal Risk,Continue regular engagement
6067-NGCEU,65,111.05,7107.0,Fiber optic,Month-to-month,No,5,0.42239723011865965,No,Normal Risk,Continue regular engagement
9848-JQJTX,72,100.9,7459.05,Fiber optic,Two year,No,4,0.2702974101076596,No,Normal Risk,Continue regular engagement
8637-XJIVR,12,78.95,927.35,Fiber optic,Month-to-month,Yes,1,0.7317585115000204,Yes,High Risk,Offer contract upgrade discount
9803-FTJCG,71,66.85,4748.7,DSL,One year,No,3,0.005904804927665715,No,Normal Risk,Continue regular engagement
0278-YXOOG,5,21.05,113.85,No,Month-to-month,Yes,0,0.3592077036596332,No,Normal Risk,Continue regular engagement
3212-KXOCR,52,21.0,1107.2,No,Two year,No,0,0.025621858196026415,No,Normal Risk,Continue regular engagement
4598-XLKNJ,25,98.5,2514.5,Fiber optic,Month-to-month,Yes,4,0.5979413308640513,Yes,Normal Risk,Continue regular engagement
6380-ARCEH,1,20.2,20.2,No,Month-to-month,No,0,0.38056784474569993,No,Normal Risk,Continue regular engagement
3679-XASPY,1,19.45,19.45,No,Month-to-month,No,0,0.3338138664509058,No,Normal Risk,Continue regular engagement
7123-WQUHX,38,95.0,3605.6,Fiber optic,One year,No,3,0.3589523146626696,No,Normal Risk,Continue regular engagement
5386-THSLQ,66,45.55,3027.25,DSL,One year,No,3,0.07316451032901165,No,Normal Risk,Continue regular engagement
3192-NQECA,68,110.0,7611.85,Fiber optic,Two year,Yes,5,0.2042385856765859,No,Normal Risk,Continue regular engagement
6180-YBIQI,5,24.3,100.2,DSL,Month-to-month,No,0,0.6423677543986094,Yes,Normal Risk,Continue regular engagement
6728-DKUCO,72,104.15,7303.05,Fiber optic,One year,No,4,0.1528925585511372,No,Normal Risk,Continue regular engagement
9750-BOOHV,32,30.15,927.65,DSL,One year,No,1,0.09393056496529222,No,Normal Risk,Continue regular engagement
8597-CWYHH,43,94.35,3921.3,Fiber optic,One year,No,2,0.3942020633731432,No,Normal Risk,Continue regular engagement
2848-YXSMW,72,19.4,1363.25,No,Two year,No,0,0.0016352713721243149,No,Normal Risk,Continue regular engagement
0486-HECZI,55,96.75,5238.9,Fiber optic,Month-to-month,Yes,3,0.4042560954530639,No,Normal Risk,Continue regular engagement
4549-ZDQYY,52,57.95,3042.25,DSL,One year,No,3,0.018598442463487116,No,Normal Risk,Continue regular engagement
5712-AHQNN,43,91.65,3954.1,Fiber optic,Month-to-month,No,3,0.6628606693334215,Yes,Normal Risk,Continue regular engagement
4846-WHAFZ,37,76.5,2868.15,Fiber optic,Month-to-month,Yes,0,0.629982666607303,Yes,Normal Risk,Continue regular engagement
5256-SKJGO,64,54.6,3423.5,DSL,Two year,No,4,0.022810347486640216,No,Normal Risk,Continue regular engagement
3071-VBYPO,3,89.85,248.4,Fiber optic,Month-to-month,No,3,0.4487052431712482,No,Normal Risk,Continue regular engagement
9560-BBZXK,36,31.05,1126.35,DSL,Two year,No,1,0.11573816086108733,No,Normal Risk,Continue regular engagement
5299-RULOA,10,100.25,1064.65,Fiber optic,Month-to-month,Yes,3,0.674288732978138,Yes,Normal Risk,Continue regular engagement
8402-OOOHJ,41,20.65,835.15,No,Two year,No,0,0.021981242700097055,No,Normal Risk,Continue regular engagement
9445-ZUEQE,27,85.2,2151.6,Fiber optic,Month-to-month,No,2,0.16204460130510998,No,Normal Risk,Continue regular engagement
1091-SOZGA,56,99.8,5515.45,Fiber optic,One year,No,3,0.21438886489791678,No,Normal Risk,Continue regular engagement
2928-HLDBA,6,20.7,112.75,No,Month-to-month,No,0,0.40418742163445454,No,Normal Risk,Continue regular engagement
0404-SWRVG,3,74.4,229.55,Fiber optic,Month-to-month,Yes,0,0.84018886686984,Yes,High Risk,Offer contract upgrade discount
6497-TILVL,7,50.7,350.35,DSL,Month-to-month,No,1,0.2765017163357768,No,Normal Risk,Continue regular engagement
7219-TLZHO,4,20.85,62.9,No,Month-to-month,No,0,0.242094819130498,No,Normal Risk,Continue regular engagement
4622-YNKIJ,33,88.95,3027.65,Fiber optic,Two year,No,3,0.1258041189792358,No,Normal Risk,Continue regular engagement
4412-YLTKF,27,78.05,2135.5,Fiber optic,Month-to-month,Yes,1,0.6084059464901148,Yes,Normal Risk,Continue regular engagement
6734-PSBAW,72,23.55,1723.95,No,Two year,No,0,0.008649003176257006,No,Normal Risk,Continue regular engagement
3930-ZGWVE,1,19.75,19.75,No,Month-to-month,No,0,0.37275903918544995,No,Normal Risk,Continue regular engagement
2639-UGMAZ,71,56.45,3985.35,DSL,One year,No,4,0.04995188575521568,No,Normal Risk,Continue regular engagement
2876-GZYZC,13,85.95,1215.65,Fiber optic,Month-to-month,No,1,0.8207016720553,Yes,High Risk,Offer contract upgrade discount
6207-WIOLX,25,58.6,1502.65,DSL,Month-to-month,Yes,5,0.10881572756688491,No,Normal Risk,Continue regular engagement
8587-XYZSF,67,50.55,3260.1,DSL,Two year,No,1,0.0378023655251014,No,Normal Risk,Continue regular engagement
3091-FYHKI,1,35.45,35.45,DSL,Month-to-month,Yes,1,0.8195761761347202,Yes,High Risk,Offer contract upgrade discount
2372-HWUHI,2,44.35,81.25,DSL,Month-to-month,Yes,0,0.6921354535044318,Yes,Normal Risk,Continue regular engagement
7799-LGRDP,43,25.7,1188.2,No,Two year,No,0,0.020721096331176407,No,Normal Risk,Continue regular engagement
7850-VWJUU,23,75.0,1778.5,Fiber optic,Month-to-month,No,1,0.6683547954520351,Yes,Normal Risk,Continue regular engagement
3774-VBNXY,64,20.2,1277.75,No,Two year,No,0,0.003707699516520521,No,Normal Risk,Continue regular engagement
6217-KDYWC,57,19.6,1170.55,No,Two year,No,0,0.005011661741893198,No,Normal Risk,Continue regular engagement
0390-DCFDQ,1,70.45,70.45,Fiber optic,Month-to-month,Yes,0,0.75585733703484,Yes,High Risk,Offer contract upgrade discount
3146-MSEGF,72,88.05,6425.65,DSL,Two year,No,6,0.005170060637558627,No,Normal Risk,Continue regular engagement
4080-OGPJL,8,71.15,563.65,DSL,Month-to-month,Yes,3,0.46273835198003954,No,Normal Risk,Continue regular engagement
1095-WGNGG,61,101.05,5971.25,Fiber optic,Two year,No,3,0.4007682211802496,No,Normal Risk,Continue regular engagement
2636-SJDOU,64,84.3,5289.05,Fiber optic,One year,No,2,0.07956691635888015,No,Normal Risk,Continue regular engagement
1875-QIVME,2,104.4,242.8,Fiber optic,Month-to-month,Yes,4,0.7506640051765291,Yes,High Risk,Offer contract upgrade discount
1131-QQZEB,71,23.95,1756.2,No,Two year,No,0,0.006814221199433731,No,Normal Risk,Continue regular engagement
5716-EZXZN,65,99.05,6416.7,Fiber optic,Two year,No,4,0.023990080219768953,No,Normal Risk,Continue regular engagement
6837-BJYDQ,3,19.6,61.35,No,One year,No,0,0.16547727457279063,No,Normal Risk,Continue regular engagement
2135-RXIHG,1,45.65,45.65,DSL,Month-to-month,Yes,0,0.7328611719635463,Yes,High Risk,Offer contract upgrade discount
6440-DKQGE,30,64.5,1929.95,DSL,One year,No,3,0.04825393375523211,No,Normal Risk,Continue regular engagement
3466-BYAVD,15,69.5,1071.4,DSL,Month-to-month,No,4,0.08266577706478885,No,Normal Risk,Continue regular engagement
3780-YVMFA,8,68.55,564.35,DSL,Month-to-month,No,3,0.44954334029988335,No,Normal Risk,Continue regular engagement
3874-EQOEP,7,95.0,655.5,Fiber optic,Month-to-month,Yes,2,0.8182418982882118,Yes,High Risk,Offer contract upgrade discount
1679-JRFBR,70,108.15,7930.55,Fiber optic,One year,No,5,0.09277114539747516,No,Normal Risk,Continue regular engagement
9073-ZZIAY,62,86.1,5215.25,DSL,Two year,No,6,0.01085892806910958,No,Normal Risk,Continue regular engagement
3077-RSNTJ,6,19.7,113.5,No,Month-to-month,No,0,0.21394538967531088,No,Normal Risk,Continue regular engagement
6551-GNYDG,14,80.9,1152.8,Fiber optic,Month-to-month,No,1,0.7359104441840119,Yes,High Risk,Offer contract upgrade discount
9167-APMXZ,22,84.15,1821.95,Fiber optic,Month-to-month,No,1,0.8241801285136875,Yes,High Risk,Offer contract upgrade discount
2749-CTKAJ,22,20.15,419.9,No,One year,No,0,0.02183695312021178,No,Normal Risk,Continue regular engagement
6371-NZYEG,16,64.25,1024.0,DSL,Two year,No,3,0.02214772896236842,No,Normal Risk,Continue regular engagement
7554-NEWDD,10,25.7,251.6,No,Two year,No,0,0.17493896686594732,No,Normal Risk,Continue regular engagement
8992-VONJD,13,56.0,764.55,DSL,Month-to-month,No,2,0.20435111167290942,No,Normal Risk,Continue regular engagement
0867-MKZVY,20,82.4,1592.35,Fiber optic,Month-to-month,Yes,1,0.5513049024919519,Yes,Normal Risk,Continue regular engagement
4482-EWFMI,2,69.7,135.2,Fiber optic,Month-to-month,No,0,0.8797238944951887,Yes,High Risk,Offer contract upgrade discount
4648-YPBTM,53,73.9,3958.25,DSL,Two year,No,4,0.05294985630341008,No,Normal Risk,Continue regular engagement
2907-ILJBN,11,20.6,233.9,No,One year,No,0,0.08062428719474482,No,Normal Risk,Continue regular engagement
6345-FZOQH,69,19.9,1363.45,No,Two year,No,0,0.0040902458998035565,No,Normal Risk,Continue regular engagement
3376-BMGFE,4,70.9,273.0,Fiber optic,Month-to-month,Yes,0,0.9187371896823551,Yes,High Risk,Offer contract upgrade discount
5997-OPVFA,72,89.05,6254.45,DSL,Two year,No,6,0.023963408339606966,No,Normal Risk,Continue regular engagement
3445-HXXGF,58,45.3,2651.2,DSL,Month-to-month,Yes,3,0.13516963977352375,No,Normal Risk,Continue regular engagement
1159-WFSGR,16,20.4,321.4,No,Month-to-month,No,0,0.1374741009090781,No,Normal Risk,Continue regular engagement
7654-YWJUF,43,84.25,3539.25,Fiber optic,One year,No,3,0.12761359139765294,No,Normal Risk,Continue regular engagement
6727-IOTLZ,14,81.95,1181.75,DSL,Two year,No,5,0.04654132261561767,No,Normal Risk,Continue regular engagement
0691-JVSYA,53,94.85,5000.2,Fiber optic,One year,Yes,3,0.5563702623760327,Yes,Normal Risk,Continue regular engagement
5918-VUKWP,32,20.55,654.55,No,One year,No,0,0.1096994070350493,No,Normal Risk,Continue regular engagement
1744-JHKYS,34,24.7,780.2,No,Month-to-month,No,0,0.13423186613864604,No,Normal Risk,Continue regular engagement
2656-FMOKZ,15,74.45,1145.7,Fiber optic,Month-to-month,Yes,0,0.6030322308897118,Yes,Normal Risk,Continue regular engagement
2070-FNEXE,7,76.45,503.6,Fiber optic,Month-to-month,Yes,1,0.7934754596256646,Yes,High Risk,Offer contract upgrade discount
5947-SGKCL,15,105.35,1559.25,Fiber optic,Month-to-month,No,4,0.6237742320322232,Yes,Normal Risk,Continue regular engagement
3712-PKXZA,61,20.55,1252.0,No,One year,No,0,0.009469430256593744,No,Normal Risk,Continue regular engagement
6317-YPKDH,1,29.95,29.95,DSL,Month-to-month,Yes,1,0.8098035897349968,Yes,High Risk,Offer contract upgrade discount
6582-OIVSP,1,45.3,45.3,DSL,Month-to-month,No,0,0.6795401457920232,Yes,Normal Risk,Continue regular engagement
9367-WXLCH,8,84.5,662.65,Fiber optic,Month-to-month,Yes,1,0.8909719674828709,Yes,High Risk,Offer contract upgrade discount
5524-KHNJP,33,74.75,2453.3,DSL,One year,No,4,0.03644987552175768,No,Normal Risk,Continue regular engagement
1918-ZBFQJ,13,79.25,1111.65,Fiber optic,Month-to-month,Yes,2,0.6244538106411555,Yes,Normal Risk,Continue regular engagement
1024-GUALD,1,24.8,24.8,DSL,Month-to-month,Yes,0,0.7852261552361479,Yes,High Risk,Offer contract upgrade discount
4827-USJHP,20,51.8,1023.85,DSL,Month-to-month,No,1,0.2902762374926089,No,Normal Risk,Continue regular engagement
8167-GJLRN,3,30.4,82.15,DSL,Month-to-month,No,1,0.6245371511319643,Yes,Normal Risk,Continue regular engagement
0956-SYCWG,13,19.65,244.8,No,One year,No,0,0.12500295407390907,No,Normal Risk,Continue regular engagement
8017-UVSZU,40,56.6,2379.1,DSL,Month-to-month,No,1,0.19615777054251415,No,Normal Risk,Continue regular engagement
7100-FQPRV,43,71.9,3173.35,DSL,One year,No,3,0.02172369014734105,No,Normal Risk,Continue regular engagement
2472-OVKUP,6,91.0,531.0,Fiber optic,Month-to-month,Yes,3,0.7354131215613305,Yes,High Risk,Offer contract upgrade discount
2984-RGEYA,69,19.75,1375.4,No,Two year,No,0,0.0066068542671813245,No,Normal Risk,Continue regular engagement
9680-NIAUV,72,109.7,8129.3,Fiber optic,Two year,No,5,0.05800731254721284,No,Normal Risk,Continue regular engagement
2146-EGVDT,59,19.3,1192.7,No,Two year,No,0,0.002824723091822206,No,Normal Risk,Continue regular engagement
2604-IJPDU,20,96.55,1901.65,Fiber optic,Month-to-month,No,4,0.3560629324482081,No,Normal Risk,Continue regular engagement
9178-JHUVJ,24,24.1,587.4,No,Two year,No,0,0.02679610229591466,No,Normal Risk,Continue regular engagement
6168-YBYNP,59,111.35,6519.75,Fiber optic,Month-to-month,No,5,0.5334155608376795,Yes,Normal Risk,Continue regular engagement
7255-SSFBC,72,112.25,8041.65,Fiber optic,Two year,No,5,0.14140858217424887,No,Normal Risk,Continue regular engagement
3645-DEYGF,1,20.75,20.75,No,Month-to-month,No,0,0.26164433843586543,No,Normal Risk,Continue regular engagement
9323-HGFWY,27,101.9,2681.15,Fiber optic,One year,No,4,0.1953306074196124,No,Normal Risk,Continue regular engagement
8544-GOQSH,14,80.05,1112.3,Fiber optic,Month-to-month,No,2,0.3876804942240774,No,Normal Risk,Continue regular engagement
3363-DTIVD,71,105.55,7405.5,Fiber optic,Two year,No,4,0.09680262755605867,No,Normal Risk,Continue regular engagement
7018-WBJNK,13,78.3,1033.95,Fiber optic,Month-to-month,No,1,0.45298798001024954,No,Normal Risk,Continue regular engagement
9142-KZXOP,44,68.85,2958.95,Fiber optic,Month-to-month,No,0,0.4188131715706755,No,Normal Risk,Continue regular engagement
7674-YTAFD,33,79.95,2684.85,Fiber optic,One year,No,2,0.34500420868287407,No,Normal Risk,Continue regular engagement
6348-SNFUS,72,55.45,4179.2,DSL,Two year,No,5,0.0031498125426047806,No,Normal Risk,Continue regular engagement
1285-OKIPP,1,79.9,79.9,Fiber optic,Month-to-month,Yes,1,0.8671671303658682,Yes,High Risk,Offer contract upgrade discount
7825-ECJRF,19,106.6,1934.45,Fiber optic,Month-to-month,Yes,5,0.5148270783607369,Yes,Normal Risk,Continue regular engagement
1347-KTTTA,64,102.45,6654.1,Fiber optic,One year,No,5,0.10566829664356778,No,Normal Risk,Continue regular engagement
7841-TZDMQ,2,46.0,84.5,DSL,Month-to-month,Yes,0,0.605515452015665,Yes,Normal Risk,Continue regular engagement
4195-NZGTA,1,25.25,25.25,DSL,Month-to-month,No,0,0.8188898852151246,Yes,High Risk,Offer contract upgrade discount
7157-SMCFK,61,19.75,1124.2,No,Two year,No,0,0.0038314856901758274,No,Normal Risk,Continue regular engagement
4709-LKHYG,29,20.0,540.05,No,One year,No,0,0.03682213837348326,No,Normal Risk,Continue regular engagement
2504-DSHIH,23,86.8,1975.85,Fiber optic,Month-to-month,No,1,0.6379293190417218,Yes,Normal Risk,Continue regular engagement
0699-NDKJM,57,58.75,3437.45,DSL,Month-to-month,No,5,0.21543459333251802,No,Normal Risk,Continue regular engagement
9286-BHDQG,72,45.25,3139.8,DSL,Two year,No,4,0.0015883402739198542,No,Normal Risk,Continue regular engagement
0230-WEQUW,66,56.6,3789.2,DSL,Two year,No,5,0.017384790624170924,No,Normal Risk,Continue regular engagement
2040-LDIWQ,65,84.2,5324.5,DSL,Two year,No,5,0.026884098693994968,No,Normal Risk,Continue regular engagement
6496-JDSSB,8,80.0,624.6,Fiber optic,Month-to-month,No,1,0.9202363729584591,Yes,High Risk,Offer contract upgrade discount
9408-SSNVZ,4,70.15,268.35,Fiber optic,Month-to-month,Yes,0,0.8787631023506315,Yes,High Risk,Offer contract upgrade discount
4443-EMBNA,71,24.75,1836.9,No,Two year,No,0,0.012559481543752233,No,Normal Risk,Continue regular engagement
6469-MRVET,1,20.2,20.2,No,One year,No,0,0.13728749513766442,No,Normal Risk,Continue regular engagement
0742-MOABM,4,50.05,179.35,DSL,Month-to-month,Yes,1,0.36734527960480184,No,Normal Risk,Continue regular engagement
5961-VUSRV,12,19.35,219.35,No,One year,No,0,0.29828210162607793,No,Normal Risk,Continue regular engagement
6778-JFCMK,24,50.6,1288.75,DSL,One year,No,3,0.15109568429862652,No,Normal Risk,Continue regular engagement
6341-JVQGF,31,81.15,2545.75,DSL,One year,No,5,0.038084266364068455,No,Normal Risk,Continue regular engagement
2232-DMLXU,1,55.2,55.2,DSL,Month-to-month,Yes,1,0.6536997485847608,Yes,Normal Risk,Continue regular engagement
4811-JBUVU,30,89.9,2723.15,Fiber optic,Month-to-month,No,2,0.46768913737187945,No,Normal Risk,Continue regular engagement
0945-TSONX,47,85.3,4107.25,DSL,Two year,No,5,0.01337318475748434,No,Normal Risk,Continue regular engagement
2651-ZCBXV,54,108.0,5760.65,Fiber optic,Two year,No,5,0.05927384917933899,No,Normal Risk,Continue regular engagement
3316-UWXUY,50,93.5,4747.5,Fiber optic,Month-to-month,No,4,0.18160125259722854,No,Normal Risk,Continue regular engagement
8937-RDTHP,1,84.6,84.6,Fiber optic,Month-to-month,Yes,2,0.6815505949592527,Yes,Normal Risk,Continue regular engagement
7083-MIOPC,72,20.25,1566.9,No,Two year,No,0,0.005684062421429299,No,Normal Risk,Continue regular engagement
1984-GPTEH,29,25.15,702.0,No,Month-to-month,No,0,0.2020626708712139,No,Normal Risk,Continue regular engagement
1251-KRREG,2,54.4,114.1,DSL,Month-to-month,Yes,1,0.5023605624539846,Yes,Normal Risk,Continue regular engagement
0621-JFHOL,10,29.6,299.05,DSL,Two year,No,1,0.1926102315472356,No,Normal Risk,Continue regular engagement
9903-LYSAB,18,73.15,1305.95,Fiber optic,Month-to-month,No,0,0.6027377327592904,Yes,Normal Risk,Continue regular engagement
0094-OIFMO,11,95.0,1120.3,Fiber optic,Month-to-month,Yes,3,0.8330168290314164,Yes,High Risk,Offer contract upgrade discount
9227-UAQFT,16,19.75,284.35,No,Two year,No,0,0.035783320985393434,No,Normal Risk,Continue regular engagement
7301-ABVAD,72,86.6,6350.5,DSL,Two year,No,5,0.09127088222779825,No,Normal Risk,Continue regular engagement
6614-FHDBO,72,109.2,7878.3,Fiber optic,Two year,No,5,0.21018509222709264,No,Normal Risk,Continue regular engagement
7576-ASEJU,41,74.7,3187.65,DSL,One year,No,4,0.03128468245302426,No,Normal Risk,Continue regular engagement
9058-HRZSV,65,94.4,6126.15,Fiber optic,Month-to-month,No,4,0.2809442435622377,No,Normal Risk,Continue regular engagement
4522-AKYLR,13,54.8,731.3,DSL,Month-to-month,No,2,0.34002633713961183,No,Normal Risk,Continue regular engagement
0221-WMXNQ,4,75.35,273.4,Fiber optic,Month-to-month,No,1,0.6600519210500585,Yes,Normal Risk,Continue regular engagement
0303-UNCIP,41,65.0,2531.8,DSL,One year,No,2,0.1138133442442899,No,Normal Risk,Continue regular engagement
9947-OTFQU,15,74.4,1074.3,Fiber optic,Month-to-month,Yes,1,0.5382172045448165,Yes,Normal Risk,Continue regular engagement
0322-YINQP,1,48.55,48.55,DSL,Month-to-month,Yes,1,0.4233612230401371,No,Normal Risk,Continue regular engagement
0959-WHOKV,42,99.0,4298.45,Fiber optic,One year,No,4,0.20905795800341256,No,Normal Risk,Continue regular engagement
4075-JFPGR,51,93.5,4619.55,Fiber optic,One year,No,4,0.159090409296923,No,Normal Risk,Continue regular engagement
4629-NRXKX,2,70.4,147.15,Fiber optic,Month-to-month,Yes,0,0.7569718399629913,Yes,High Risk,Offer contract upgrade discount
9514-JDSKI,1,40.2,40.2,DSL,Month-to-month,Yes,2,0.6094410241319987,Yes,Normal Risk,Continue regular engagement
3282-ZISZV,32,83.7,2633.3,DSL,One year,No,5,0.03300507751282598,No,Normal Risk,Continue regular engagement
3675-YDUPJ,10,19.85,193.05,No,Month-to-month,No,0,0.3089321860724142,No,Normal Risk,Continue regular engagement
4111-BNXIF,67,59.55,4103.9,DSL,Two year,No,5,0.019833854874154174,No,Normal Risk,Continue regular engagement
7017-VFHAY,61,115.1,7008.15,Fiber optic,Two year,No,6,0.03367277972174952,No,Normal Risk,Continue regular engagement
6655-LHBYW,50,114.35,5791.1,Fiber optic,One year,No,6,0.09400113472791442,No,Normal Risk,Continue regular engagement
4959-JOSRX,2,44.6,80.55,DSL,Month-to-month,Yes,0,0.5841498755149159,Yes,Normal Risk,Continue regular engagement
5046-NUHWD,29,45.0,1228.65,DSL,Month-to-month,No,3,0.24836130459279418,No,Normal Risk,Continue regular engagement
7273-TEFQD,3,41.15,132.2,DSL,Month-to-month,Yes,2,0.7264402574577494,Yes,High Risk,Offer contract upgrade discount
3606-TWKGI,13,106.9,1364.3,Fiber optic,Month-to-month,Yes,4,0.6372331726884976,Yes,Normal Risk,Continue regular engagement
7529-ZDFXI,57,89.85,4925.35,Fiber optic,Month-to-month,No,2,0.4431895670277324,No,Normal Risk,Continue regular engagement
7605-BDWDC,31,49.85,1520.1,DSL,Two year,No,4,0.07096331018897782,No,Normal Risk,Continue regular engagement
1950-KSVVJ,45,113.3,5032.25,Fiber optic,One year,No,6,0.09562856254845067,No,Normal Risk,Continue regular engagement
0123-CRBRT,61,88.1,5526.75,DSL,Two year,No,6,0.008548834626641013,No,Normal Risk,Continue regular engagement
6292-TOSSS,50,24.9,1195.25,No,Two year,No,0,0.026061067546864793,No,Normal Risk,Continue regular engagement
3197-ARFOY,19,105.0,2007.25,Fiber optic,Month-to-month,No,5,0.29457550154688267,No,Normal Risk,Continue regular engagement
6323-AYBRX,59,19.35,1099.6,No,Two year,Yes,0,0.00729644869529345,No,Normal Risk,Continue regular engagement
7014-ZZXAW,71,24.25,1732.95,No,Two year,No,0,0.004795704559477756,No,Normal Risk,Continue regular engagement
4385-GZQXV,16,94.45,1511.2,Fiber optic,Month-to-month,Yes,3,0.6506779803784233,Yes,Normal Risk,Continue regular engagement
7633-MVPUY,57,59.75,3450.15,DSL,Two year,No,3,0.011305611861693808,No,Normal Risk,Continue regular engagement
6366-ZGQGL,1,24.8,24.8,DSL,Month-to-month,Yes,0,0.8317626801396825,Yes,High Risk,Offer contract upgrade discount
4716-HHKQH,20,107.05,2172.05,Fiber optic,Month-to-month,No,4,0.4610267587601312,No,Normal Risk,Continue regular engagement
5940-AHUHD,1,70.6,70.6,Fiber optic,Month-to-month,Yes,0,0.7885636405482858,Yes,High Risk,Offer contract upgrade discount
6432-TWQLB,5,85.4,401.1,Fiber optic,Month-to-month,Yes,2,0.5882854047881112,Yes,Normal Risk,Continue regular engagement
4484-GLZOU,52,105.05,5624.85,Fiber optic,Month-to-month,Yes,4,0.66842095453147,Yes,Normal Risk,Continue regular engagement
3179-GBRWV,21,64.95,1339.8,DSL,Month-to-month,No,3,0.23088644487474563,No,Normal Risk,Continue regular engagement
8645-KWHJO,14,55.0,771.95,DSL,Month-to-month,No,4,0.4327921245718493,No,Normal Risk,Continue regular engagement
4130-MZLCC,5,50.55,244.75,DSL,Month-to-month,No,1,0.7399015659648814,Yes,High Risk,Offer contract upgrade discount
0314-TKOSI,6,55.15,322.9,DSL,Month-to-month,No,2,0.3652049673290113,No,Normal Risk,Continue regular engagement
8229-MYEJZ,10,51.2,498.25,DSL,Month-to-month,No,1,0.6383604685679155,Yes,Normal Risk,Continue regular engagement
2080-SRCDE,1,25.4,25.4,No,Month-to-month,No,0,0.303706549708649,No,Normal Risk,Continue regular engagement
9577-WJVCQ,68,54.45,3687.75,DSL,Month-to-month,No,1,0.0913367120697953,No,Normal Risk,Continue regular engagement
9512-UIBFX,18,95.15,1779.95,Fiber optic,Month-to-month,Yes,3,0.4373265867182749,No,Normal Risk,Continue regular engagement
6202-DYYFX,22,76.0,1783.6,Fiber optic,One year,No,0,0.3917859685168129,No,Normal Risk,Continue regular engagement
3808-HFKDE,20,44.35,927.15,DSL,Month-to-month,No,0,0.5014637585928486,Yes,Normal Risk,Continue regular engagement
5583-SXDAG,1,70.0,70.0,Fiber optic,Month-to-month,Yes,0,0.8099271294470339,Yes,High Risk,Offer contract upgrade discount
3488-PGMQJ,8,74.5,606.55,Fiber optic,Month-to-month,Yes,1,0.7159701596136536,Yes,High Risk,Offer contract upgrade discount
3580-REOAC,10,44.85,435.4,DSL,Month-to-month,Yes,0,0.5254541831685454,Yes,Normal Risk,Continue regular engagement
7534-BFESC,24,76.1,1712.7,Fiber optic,Month-to-month,Yes,0,0.6221204906936373,Yes,Normal Risk,Continue regular engagement
3727-OWVYD,35,61.2,2021.2,DSL,One year,No,3,0.03931531601419733,No,Normal Risk,Continue regular engagement
2294-SALNE,23,86.8,1940.8,Fiber optic,One year,No,3,0.061188913875254144,No,Normal Risk,Continue regular engagement
4847-TAJYI,6,89.35,567.8,Fiber optic,Month-to-month,No,2,0.8811412759723531,Yes,High Risk,Offer contract upgrade discount
1563-IWQEX,12,19.7,220.35,No,Month-to-month,No,0,0.33046541406127355,No,Normal Risk,Continue regular engagement
8203-XJZRC,1,20.25,20.25,No,Month-to-month,No,0,0.3814394000167325,No,Normal Risk,Continue regular engagement
6556-DBKZF,71,76.05,5436.45,Fiber optic,Two year,No,1,0.09329999312464422,No,Normal Risk,Continue regular engagement
6851-WEFYX,35,100.8,3437.5,Fiber optic,Month-to-month,No,3,0.6430536206452249,Yes,Normal Risk,Continue regular engagement
2985-JUUBZ,40,74.55,3015.75,DSL,Month-to-month,No,3,0.2608745766246387,No,Normal Risk,Continue regular engagement
6390-DSAZX,1,73.6,73.6,Fiber optic,Month-to-month,Yes,1,0.5439110144540491,Yes,Normal Risk,Continue regular engagement
0895-LMRSF,23,64.9,1509.8,DSL,One year,No,2,0.3941869223182943,No,Normal Risk,Continue regular engagement
8098-LLAZX,4,95.45,396.1,Fiber optic,Month-to-month,Yes,2,0.8886763306465714,Yes,High Risk,Offer contract upgrade discount
8266-VBFQL,4,90.4,356.65,Fiber optic,Month-to-month,No,3,0.7324566042439017,Yes,High Risk,Offer contract upgrade discount
8181-YHCMF,68,60.3,4109.0,DSL,Two year,No,5,0.0106111167423498,No,Normal Risk,Continue regular engagement
2240-HSJQD,38,81.85,3141.7,Fiber optic,Month-to-month,No,1,0.35903849293534984,No,Normal Risk,Continue regular engagement
1248-DYXUB,52,24.8,1229.1,No,Two year,No,0,0.004656301068858157,No,Normal Risk,Continue regular engagement
0265-EDXBD,32,74.9,2303.35,Fiber optic,Month-to-month,Yes,0,0.5401678910077088,Yes,Normal Risk,Continue regular engagement
4115-BNPJY,29,75.55,2054.4,DSL,Two year,No,4,0.02907716263065628,No,Normal Risk,Continue regular engagement
3167-SNQPL,38,101.15,3741.85,Fiber optic,Month-to-month,No,3,0.444176413777365,No,Normal Risk,Continue regular engagement
4091-TVOCN,48,78.75,3682.45,DSL,One year,No,4,0.03608301997412016,No,Normal Risk,Continue regular engagement
1098-TDVUQ,1,19.25,19.25,No,Month-to-month,No,0,0.6437606824970188,Yes,Normal Risk,Continue regular engagement
7277-OZCGZ,22,89.05,1886.25,Fiber optic,Month-to-month,No,3,0.46077751284159135,No,Normal Risk,Continue regular engagement
1557-EMYVT,43,115.05,4895.1,Fiber optic,Two year,No,6,0.07505045178501539,No,Normal Risk,Continue regular engagement
2799-ARNLO,5,69.35,341.6,Fiber optic,Month-to-month,No,0,0.8011744534583477,Yes,High Risk,Offer contract upgrade discount
7563-BIUPC,5,80.6,415.55,Fiber optic,Month-to-month,Yes,1,0.8695070557985995,Yes,High Risk,Offer contract upgrade discount
5027-YOCXN,51,110.05,5686.4,Fiber optic,One year,No,5,0.053446551703082726,No,Normal Risk,Continue regular engagement
3973-SKMLN,71,19.9,1355.1,No,Two year,No,0,0.0043950103360459545,No,Normal Risk,Continue regular engagement
2321-OMBXY,38,80.3,3058.65,DSL,One year,Yes,5,0.022003285586377607,No,Normal Risk,Continue regular engagement
2840-XANRC,24,93.15,2231.05,Fiber optic,Month-to-month,Yes,3,0.5798613943718972,Yes,Normal Risk,Continue regular engagement
6745-JEFZB,35,91.5,3236.35,Fiber optic,Month-to-month,No,2,0.4163077376457084,No,Normal Risk,Continue regular engagement
5020-ZSTTY,54,82.45,4350.1,DSL,One year,Yes,5,0.06055517500925221,No,Normal Risk,Continue regular engagement
9880-TDQAC,72,60.0,4264.0,DSL,Two year,No,5,0.0172504834627797,No,Normal Risk,Continue regular engagement
8705-WZCYL,1,44.8,44.8,DSL,Month-to-month,No,0,0.7203832878545213,Yes,High Risk,Offer contract upgrade discount
7102-JJVTX,9,48.6,422.3,DSL,One year,No,1,0.1006014989798312,No,Normal Risk,Continue regular engagement
8626-PTQGE,69,60.05,4176.7,DSL,Two year,No,5,0.031213333411872567,No,Normal Risk,Continue regular engagement
4983-CLMLV,52,102.7,5138.1,Fiber optic,Month-to-month,No,4,0.34403698503843083,No,Normal Risk,Continue regular engagement
5701-YVSVF,11,82.9,880.05,Fiber optic,Month-to-month,No,2,0.6637398393487992,Yes,Normal Risk,Continue regular engagement
5804-LEPIM,2,70.35,139.05,Fiber optic,Month-to-month,Yes,0,0.8554877574506226,Yes,High Risk,Offer contract upgrade discount
5697-GOMBF,28,35.9,973.65,DSL,Month-to-month,No,1,0.3266848994319399,No,Normal Risk,Continue regular engagement
2739-CACDQ,17,82.65,1470.05,Fiber optic,Month-to-month,No,1,0.5672385582947203,Yes,Normal Risk,Continue regular engagement
9385-EHGDO,35,19.85,739.35,No,Two year,No,0,0.012431773305749938,No,Normal Risk,Continue regular engagement
9498-FIMXL,8,19.2,161.95,No,One year,No,0,0.18065354787284404,No,Normal Risk,Continue regular engagement
2379-GYFLQ,46,94.9,4422.95,Fiber optic,One year,No,3,0.21641797692526357,No,Normal Risk,Continue regular engagement
0122-OAHPZ,7,73.85,511.25,Fiber optic,Month-to-month,Yes,0,0.8588934926865089,Yes,High Risk,Offer contract upgrade discount
2868-SNELZ,2,80.6,155.8,Fiber optic,Month-to-month,Yes,1,0.7796716667292422,Yes,High Risk,Offer contract upgrade discount
4322-RCYMT,68,75.8,5293.95,DSL,One year,Yes,4,0.03811558749207969,No,Normal Risk,Continue regular engagement
6680-NENYN,43,104.6,4759.85,Fiber optic,Two year,Yes,4,0.3672569360799003,No,Normal Risk,Continue regular engagement
2088-IEBAU,68,88.15,6148.45,DSL,Two year,No,6,0.029384470209084936,No,Normal Risk,Continue regular engagement
7982-VCELR,36,94.8,3565.65,Fiber optic,Month-to-month,No,3,0.6447936440506722,Yes,Normal Risk,Continue regular engagement
1343-EHPYB,63,103.4,6603.0,Fiber optic,Month-to-month,Yes,4,0.5455334822418583,Yes,Normal Risk,Continue regular engagement
6035-BXTTY,32,54.65,1830.1,DSL,Month-to-month,No,2,0.25317514525462087,No,Normal Risk,Continue regular engagement
6885-PKOAM,71,85.75,6223.8,DSL,Two year,No,6,0.00918864754812056,No,Normal Risk,Continue regular engagement
7520-HQWJU,66,67.45,4508.65,DSL,Month-to-month,No,3,0.09091133377274584,No,Normal Risk,Continue regular engagement
9639-BUJXT,63,20.5,1328.15,No,One year,No,0,0.01221957922723538,No,Normal Risk,Continue regular engagement
5924-SNGKP,41,20.25,865.0,No,One year,No,0,0.01897442627539562,No,Normal Risk,Continue regular engagement
0021-IKXGC,1,72.1,72.1,Fiber optic,Month-to-month,No,0,0.821560491190682,Yes,High Risk,Offer contract upgrade discount
2034-GDRCN,2,90.4,168.2,Fiber optic,Month-to-month,Yes,2,0.9146361040443365,Yes,High Risk,Offer contract upgrade discount
8966-SNIZF,70,19.45,1303.5,No,Two year,No,0,0.010758527562386058,No,Normal Risk,Continue regular engagement
6243-OZGFH,23,44.95,996.85,DSL,Month-to-month,No,2,0.6441408136192647,Yes,Normal Risk,Continue regular engagement
4654-DLAMQ,64,97.0,6430.9,Fiber optic,One year,No,4,0.23197963667241123,No,Normal Risk,Continue regular engagement
0513-RBGPE,37,62.8,2278.75,DSL,Two year,No,3,0.005653084444798302,No,Normal Risk,Continue regular engagement
5160-UXJED,17,44.6,681.4,DSL,One year,No,0,0.09186086085304902,No,Normal Risk,Continue regular engagement
4115-NZRKS,7,89.15,574.35,Fiber optic,Month-to-month,No,2,0.8747052951108394,Yes,High Risk,Offer contract upgrade discount
0219-YTZUE,4,84.8,371.9,Fiber optic,Month-to-month,Yes,2,0.6336819877834431,Yes,Normal Risk,Continue regular engagement
0623-IIHUG,21,41.9,840.1,DSL,Month-to-month,Yes,2,0.3987467710683681,No,Normal Risk,Continue regular engagement
4572-DVCGN,10,80.25,846.0,Fiber optic,Month-to-month,Yes,1,0.9242994510110832,Yes,High Risk,Offer contract upgrade discount
3351-NGXYI,16,54.1,889.0,DSL,Month-to-month,No,1,0.29558393580696135,No,Normal Risk,Continue regular engagement
8984-EYLLL,64,105.25,6823.4,Fiber optic,Two year,No,4,0.16998954523217144,No,Normal Risk,Continue regular engagement
9057-MSWCO,27,30.75,805.1,DSL,Month-to-month,Yes,1,0.12489096257968715,No,Normal Risk,Continue regular engagement
9833-TGFHX,42,97.1,4016.75,Fiber optic,One year,No,3,0.15975313908088484,No,Normal Risk,Continue regular engagement
9294-TDIPC,5,20.2,83.75,No,Month-to-month,No,0,0.22366729721189751,No,Normal Risk,Continue regular engagement
5229-DTFYB,41,98.8,3959.15,Fiber optic,Two year,No,4,0.3073553195975676,No,Normal Risk,Continue regular engagement
0104-PPXDV,58,50.3,2878.55,DSL,One year,No,1,0.037319869791324525,No,Normal Risk,Continue regular engagement
5176-LMJXE,47,20.55,945.7,No,Two year,No,0,0.0184129296959914,No,Normal Risk,Continue regular engagement
3583-KRKMD,18,75.9,1373.05,Fiber optic,Month-to-month,No,1,0.6554568584439777,Yes,Normal Risk,Continue regular engagement
1010-DIAUQ,5,96.5,492.55,Fiber optic,Month-to-month,Yes,3,0.9021914779743485,Yes,High Risk,Offer contract upgrade discount
9069-LGEUL,23,59.95,1406.0,DSL,Month-to-month,No,2,0.35796616257104386,No,Normal Risk,Continue regular engagement
7302-ZHMHP,1,19.15,19.15,No,Month-to-month,No,0,0.42560608181436,No,Normal Risk,Continue regular engagement
9571-EDEBV,71,98.65,6962.85,Fiber optic,One year,No,3,0.2329955295018572,No,Normal Risk,Continue regular engagement
3520-FJGCV,72,112.6,8126.65,Fiber optic,Two year,No,6,0.021647441409312077,No,Normal Risk,Continue regular engagement
6563-VRERX,33,20.6,690.25,No,One year,No,0,0.017243424759519285,No,Normal Risk,Continue regular engagement
0259-GBZSH,2,85.65,181.5,Fiber optic,Month-to-month,Yes,1,0.8717150524850936,Yes,High Risk,Offer contract upgrade discount
6122-EFVKN,24,35.75,830.8,DSL,Two year,No,2,0.016513405720419316,No,Normal Risk,Continue regular engagement
2805-EDJPQ,56,99.75,5608.4,Fiber optic,One year,No,4,0.07575872067910465,No,Normal Risk,Continue regular engagement
6862-CQUMB,37,96.1,3646.8,Fiber optic,Month-to-month,No,3,0.6014911545852156,Yes,Normal Risk,Continue regular engagement
7156-MXBJE,43,85.1,3662.25,DSL,One year,No,5,0.07375798469401,No,Normal Risk,Continue regular engagement
6158-HDPXZ,1,25.35,25.35,DSL,Month-to-month,No,0,0.6952105607486996,Yes,Normal Risk,Continue regular engagement
9601-BRXPO,25,104.95,2566.5,Fiber optic,Month-to-month,Yes,4,0.7097045966674697,Yes,High Risk,Offer contract upgrade discount
2863-IMQDR,61,89.65,5308.7,DSL,Two year,No,6,0.030443752704599588,No,Normal Risk,Continue regular engagement
5686-CMAWK,17,86.75,1410.25,Fiber optic,One year,No,2,0.268914259414868,No,Normal Risk,Continue regular engagement
5651-CRHKQ,41,86.2,3339.05,Fiber optic,One year,No,3,0.23358790651191516,No,Normal Risk,Continue regular engagement
6905-NIQIN,1,50.65,50.65,DSL,Month-to-month,Yes,1,0.5217654048311303,Yes,Normal Risk,Continue regular engagement
8204-YJCLA,72,64.8,4732.35,DSL,Two year,No,6,0.008627201533251746,No,Normal Risk,Continue regular engagement
5167-ZFFMM,1,90.85,90.85,Fiber optic,Month-to-month,Yes,2,0.7281626884789022,Yes,High Risk,Offer contract upgrade discount
6583-SZVGP,48,108.1,5067.45,Fiber optic,Two year,No,4,0.4305288118267404,No,Normal Risk,Continue regular engagement
4895-TMWIR,11,19.95,214.75,No,Month-to-month,Yes,0,0.19515545143831453,No,Normal Risk,Continue regular engagement
0533-BNWKF,55,85.45,4874.7,Fiber optic,Month-to-month,Yes,2,0.4267597200009474,No,Normal Risk,Continue regular engagement
1708-PBBOA,42,54.75,2348.45,DSL,One year,No,5,0.052418621921194196,No,Normal Risk,Continue regular engagement
8782-LKFPK,44,90.4,4063.0,Fiber optic,Month-to-month,No,2,0.5811388635594761,Yes,Normal Risk,Continue regular engagement
5522-JBWMO,1,44.0,44.0,DSL,Month-to-month,No,0,0.5563539716447746,Yes,Normal Risk,Continue regular engagement
3597-MVHJT,27,95.6,2595.25,Fiber optic,Month-to-month,No,2,0.8859586838721616,Yes,High Risk,Offer contract upgrade discount
9774-NRNAU,27,84.8,2309.55,DSL,Month-to-month,No,5,0.25584328522587885,No,Normal Risk,Continue regular engagement
0224-RLWWD,2,44.3,89.3,DSL,Month-to-month,No,0,0.7075897371905592,Yes,High Risk,Offer contract upgrade discount
9967-ATRFS,19,19.9,367.55,No,Month-to-month,No,0,0.17006233017078884,No,Normal Risk,Continue regular engagement
3951-NJCVI,42,95.05,3944.5,Fiber optic,Month-to-month,No,2,0.7187331856465098,Yes,High Risk,Offer contract upgrade discount
2977-CEBSX,66,90.05,5965.95,DSL,Two year,No,6,0.019650980636416824,No,Normal Risk,Continue regular engagement
0177-PXBAT,33,109.9,3694.7,Fiber optic,Month-to-month,No,5,0.4252627127164943,No,Normal Risk,Continue regular engagement
6599-CEBNN,34,73.95,2524.45,Fiber optic,Month-to-month,Yes,1,0.4728542455245789,No,Normal Risk,Continue regular engagement
2519-ERQOJ,33,54.6,1803.7,DSL,Month-to-month,No,4,0.28688951694076287,No,Normal Risk,Continue regular engagement
5876-QMYLD,23,20.05,415.1,No,One year,No,0,0.02674139851049541,No,Normal Risk,Continue regular engagement
2277-AXSDC,32,19.75,624.15,No,One year,No,0,0.10294461455056406,No,Normal Risk,Continue regular engagement
9442-JTWDL,11,20.05,237.7,No,One year,No,0,0.14428351396423916,No,Normal Risk,Continue regular engagement
0979-PHULV,69,99.45,7007.6,Fiber optic,Month-to-month,Yes,3,0.35387196045117536,No,Normal Risk,Continue regular engagement
3067-SVMTC,68,55.9,3848.8,DSL,One year,No,2,0.03887914179310714,No,Normal Risk,Continue regular engagement
5495-GPSRW,20,19.7,419.4,No,Two year,No,0,0.033407700960876634,No,Normal Risk,Continue regular engagement
7606-BPHHN,72,19.8,1468.75,No,Two year,No,0,0.004354255504327783,No,Normal Risk,Continue regular engagement
4742-DRORA,60,95.4,5812.0,Fiber optic,One year,No,3,0.1752316282346821,No,Normal Risk,Continue regular engagement
0111-KLBQG,32,93.95,2861.45,Fiber optic,Month-to-month,No,3,0.3148194282963326,No,Normal Risk,Continue regular engagement
4800-VHZKI,1,19.9,19.9,No,Month-to-month,Yes,0,0.4564946451584192,No,Normal Risk,Continue regular engagement
7989-CHGTL,1,19.6,19.6,No,Month-to-month,Yes,0,0.38661114865724727,No,Normal Risk,Continue regular engagement
0334-GDDSO,3,81.35,233.7,Fiber optic,Month-to-month,Yes,1,0.7533038020495185,Yes,High Risk,Offer contract upgrade discount
4163-NCJAK,46,24.45,1066.15,No,One year,No,0,0.052509846296502335,No,Normal Risk,Continue regular engagement
5233-AOZUF,29,74.95,2149.05,Fiber optic,Month-to-month,No,0,0.6839674300432038,Yes,Normal Risk,Continue regular engagement
5973-EJGDP,51,87.35,4473.0,Fiber optic,Month-to-month,No,3,0.2846352968113974,No,Normal Risk,Continue regular engagement
1996-DBMUS,48,70.65,3545.05,Fiber optic,Month-to-month,No,0,0.6539453142407476,Yes,Normal Risk,Continue regular engagement
7916-VCCPB,16,73.25,1195.75,Fiber optic,Month-to-month,No,1,0.5182789122118607,Yes,Normal Risk,Continue regular engagement
4686-GEFRM,70,98.7,6858.9,Fiber optic,Two year,No,4,0.11998889065131911,No,Normal Risk,Continue regular engagement
5249-QYHEX,40,24.8,1024.7,No,Two year,No,0,0.010596373292413712,No,Normal Risk,Continue regular engagement
0578-SKVMF,22,83.3,1845.9,Fiber optic,Month-to-month,Yes,2,0.4613876495687297,No,Normal Risk,Continue regular engagement
5564-NEMQO,1,75.3,75.3,Fiber optic,Month-to-month,Yes,1,0.8714436515470416,Yes,High Risk,Offer contract upgrade discount
2233-FAGXV,5,24.3,132.25,No,Month-to-month,No,0,0.22468560003909874,No,Normal Risk,Continue regular engagement
5605-IYGFG,7,69.85,515.45,Fiber optic,Month-to-month,No,0,0.9090620459385055,Yes,High Risk,Offer contract upgrade discount
7663-ZTEGJ,29,100.55,2830.45,Fiber optic,One year,No,4,0.08654716933990012,No,Normal Risk,Continue regular engagement
3935-TBRZZ,44,25.7,1110.5,No,One year,No,0,0.011809385640942747,No,Normal Risk,Continue regular engagement
8111-BKVDS,10,40.7,449.3,DSL,Month-to-month,No,3,0.5578937648281089,Yes,Normal Risk,Continue regular engagement
2055-SIFSS,55,51.65,2838.55,DSL,Month-to-month,No,0,0.30730974365720454,No,Normal Risk,Continue regular engagement
2806-MLNTI,52,105.1,5376.4,Fiber optic,One year,No,4,0.3678329692946083,No,Normal Risk,Continue regular engagement
8734-DKSTZ,10,85.95,858.6,Fiber optic,Month-to-month,No,1,0.773458645298196,Yes,High Risk,Offer contract upgrade discount
4360-PNRQB,18,75.6,1395.05,Fiber optic,Month-to-month,No,0,0.7806878416596492,Yes,High Risk,Offer contract upgrade discount
6152-ONASV,68,58.25,3975.7,DSL,One year,No,2,0.032785613819536374,No,Normal Risk,Continue regular engagement
9063-ZGTUY,61,19.4,1182.55,No,Month-to-month,Yes,0,0.019190114432035426,No,Normal Risk,Continue regular engagement
7781-HVGMK,72,65.2,4784.45,DSL,Two year,No,6,0.005884429474642949,No,Normal Risk,Continue regular engagement
2181-UAESM,2,53.45,119.5,DSL,Month-to-month,No,2,0.43796453993011986,No,Normal Risk,Continue regular engagement
2957-LOLHO,12,45.4,518.9,DSL,Month-to-month,Yes,0,0.73919050740981,Yes,High Risk,Offer contract upgrade discount
6048-NJXHX,41,19.75,899.45,No,Two year,No,0,0.020777077237665396,No,Normal Risk,Continue regular engagement
2320-SLKMB,26,44.45,1183.8,DSL,Month-to-month,No,3,0.2562425382610798,No,Normal Risk,Continue regular engagement
4980-URKXC,36,20.85,720.05,No,One year,No,0,0.06001029701818342,No,Normal Risk,Continue regular engagement
4376-KFVRS,72,114.05,8468.2,Fiber optic,Two year,No,6,0.02748799608615534,No,Normal Risk,Continue regular engagement
5886-VLQVU,35,89.85,3161.2,Fiber optic,Month-to-month,No,2,0.6263793414440096,Yes,Normal Risk,Continue regular engagement
3577-AMVUX,1,55.05,55.05,DSL,Month-to-month,No,2,0.38428941007435696,No,Normal Risk,Continue regular engagement
0771-WLCLA,16,112.95,1882.55,Fiber optic,Month-to-month,No,5,0.35621440893690015,No,Normal Risk,Continue regular engagement
5628-RKIFK,49,101.55,5070.4,Fiber optic,Month-to-month,No,3,0.50872680799104,Yes,Normal Risk,Continue regular engagement
0206-TBWLC,54,114.65,6049.5,Fiber optic,One year,No,6,0.10929562638393492,No,Normal Risk,Continue regular engagement
2937-FTHUR,18,64.8,1166.7,DSL,Month-to-month,No,2,0.2650781612201798,No,Normal Risk,Continue regular engagement
1910-FMXJM,36,80.4,2937.65,Fiber optic,Month-to-month,No,1,0.7176002015493391,Yes,High Risk,Offer contract upgrade discount
7752-XUSCI,60,105.9,6396.45,Fiber optic,Month-to-month,Yes,4,0.719277397895036,Yes,High Risk,Offer contract upgrade discount
4110-PFEUZ,1,69.55,69.55,Fiber optic,Month-to-month,Yes,0,0.8181147440559712,Yes,High Risk,Offer contract upgrade discount
0732-OCQOC,52,25.05,1270.25,No,Two year,No,0,0.015056809128102326,No,Normal Risk,Continue regular engagement
5168-MSWXT,8,94.75,759.55,Fiber optic,Month-to-month,No,3,0.7108554754037528,Yes,High Risk,Offer contract upgrade discount
1090-ESELR,72,105.5,7611.55,Fiber optic,Two year,No,5,0.06845742423119919,No,Normal Risk,Continue regular engagement
8592-PLTMQ,64,24.7,1642.75,No,One year,No,0,0.015668524859155878,No,Normal Risk,Continue regular engagement
5760-WRAHC,22,69.75,1545.4,DSL,Month-to-month,No,4,0.11929179839125958,No,Normal Risk,Continue regular engagement
8847-GEOOQ,60,60.2,3582.4,DSL,Month-to-month,No,5,0.18679272439116404,No,Normal Risk,Continue regular engagement
0256-LTHVJ,28,81.05,2227.1,Fiber optic,Month-to-month,Yes,1,0.6354782087091043,Yes,Normal Risk,Continue regular engagement
4785-FCIFB,61,24.4,1417.9,No,Two year,No,0,0.0074351579266039415,No,Normal Risk,Continue regular engagement
8313-NDOIA,24,104.15,2494.65,Fiber optic,Month-to-month,No,4,0.6934835417071009,Yes,Normal Risk,Continue regular engagement
5149-CUZUJ,28,92.9,2768.35,Fiber optic,One year,No,4,0.13856653300237123,No,Normal Risk,Continue regular engagement
0942-KOWSM,30,80.8,2369.3,DSL,Two year,No,5,0.05959309426939126,No,Normal Risk,Continue regular engagement
4237-CLSMM,2,20.0,38.0,No,Month-to-month,No,0,0.31179253296554765,No,Normal Risk,Continue regular engagement
1452-VOQCH,1,75.1,75.1,Fiber optic,Month-to-month,No,0,0.8512694532414733,Yes,High Risk,Offer contract upgrade discount
4719-UMSIY,6,19.65,100.9,No,Month-to-month,No,0,0.20983480408155836,No,Normal Risk,Continue regular engagement
6614-VBEGU,24,69.45,1614.05,DSL,Month-to-month,No,3,0.531738751746691,Yes,Normal Risk,Continue regular engagement
0880-TKATG,4,101.15,385.9,Fiber optic,Month-to-month,Yes,3,0.7190941846621323,Yes,High Risk,Offer contract upgrade discount
3811-VBYBZ,7,99.8,673.25,Fiber optic,Month-to-month,Yes,3,0.8272237178034891,Yes,High Risk,Offer contract upgrade discount
1480-BKXGA,72,116.05,8404.9,Fiber optic,Two year,No,6,0.10405272340586026,No,Normal Risk,Continue regular engagement
2996-XAUVF,70,40.05,2799.75,DSL,Two year,No,2,0.021348271952145455,No,Normal Risk,Continue regular engagement
9076-AXYIK,64,102.1,6538.45,Fiber optic,Two year,No,4,0.10847181401672681,No,Normal Risk,Continue regular engagement
5968-XQIVE,72,89.7,6588.95,Fiber optic,One year,No,2,0.1586589521216955,No,Normal Risk,Continue regular engagement
8896-RAZCR,44,19.9,868.1,No,Two year,No,0,0.010230235202962205,No,Normal Risk,Continue regular engagement
4640-UHDOS,13,55.95,734.35,DSL,Month-to-month,Yes,1,0.4139637504424239,No,Normal Risk,Continue regular engagement
4933-IKULF,17,20.65,330.6,No,One year,No,0,0.061963287474260095,No,Normal Risk,Continue regular engagement
3583-EKAPL,1,55.0,55.0,DSL,Month-to-month,Yes,1,0.7587861755611935,Yes,High Risk,Offer contract upgrade discount
1304-BCCFO,9,70.05,564.4,DSL,Month-to-month,No,3,0.5403006949914465,Yes,Normal Risk,Continue regular engagement
4104-PVRPS,24,53.6,1315.35,DSL,Month-to-month,No,2,0.07542438093550695,No,Normal Risk,Continue regular engagement
9399-APLBT,1,74.7,74.7,Fiber optic,Month-to-month,Yes,1,0.6782614451717606,Yes,Normal Risk,Continue regular engagement
2359-KMGLI,24,80.25,1861.5,Fiber optic,Month-to-month,Yes,1,0.5816795266289486,Yes,Normal Risk,Continue regular engagement
3780-DDGSE,35,76.05,2747.2,DSL,Month-to-month,No,4,0.13502077442376048,No,Normal Risk,Continue regular engagement
4431-EDMIQ,7,75.7,554.05,DSL,Month-to-month,No,5,0.16550227339135987,No,Normal Risk,Continue regular engagement
0306-JAELE,5,96.1,453.4,Fiber optic,Month-to-month,Yes,3,0.8109882218491764,Yes,High Risk,Offer contract upgrade discount
6227-HWPWX,15,69.0,994.8,Fiber optic,Month-to-month,Yes,0,0.6838537372589111,Yes,Normal Risk,Continue regular engagement
0486-LGCCH,11,19.65,225.75,No,Two year,No,0,0.03531151669004578,No,Normal Risk,Continue regular engagement
0447-BEMNG,48,45.3,2145.0,DSL,Month-to-month,Yes,3,0.27323790891343264,No,Normal Risk,Continue regular engagement
4612-SSVHJ,20,81.45,1671.6,Fiber optic,Month-to-month,No,1,0.7647427126400528,Yes,High Risk,Offer contract upgrade discount
5168-MQQCA,72,108.5,8003.8,Fiber optic,One year,No,5,0.3311282463378594,No,Normal Risk,Continue regular engagement
5949-XIKAE,8,83.55,680.05,Fiber optic,Month-to-month,Yes,2,0.6695937860585022,Yes,Normal Risk,Continue regular engagement
7971-HLVXI,72,84.5,6130.85,Fiber optic,Two year,No,1,0.07544282566126519,No,Normal Risk,Continue regular engagement
9094-AZPHK,15,100.15,1415.0,Fiber optic,Month-to-month,No,3,0.7605347971506399,Yes,High Risk,Offer contract upgrade discount
3649-JPUGY,72,88.6,6201.95,DSL,Two year,No,5,0.08268766546180914,No,Normal Risk,Continue regular engagement
4472-LVYGI,0,52.55,,DSL,Two year,No,4,0.1473186003008699,No,Normal Risk,Continue regular engagement
8372-JUXUI,1,74.35,74.35,Fiber optic,Month-to-month,Yes,0,0.7499241122921076,Yes,High Risk,Offer contract upgrade discount
3552-CTCYF,63,104.8,6597.25,Fiber optic,Two year,No,4,0.18797210228356584,No,Normal Risk,Continue regular engagement
6778-YSNIH,2,59.0,114.15,DSL,Month-to-month,No,2,0.698717971332473,Yes,Normal Risk,Continue regular engagement
0388-EOPEX,2,74.4,139.4,Fiber optic,Month-to-month,Yes,1,0.7275190010582538,Yes,High Risk,Offer contract upgrade discount
5756-OZRIO,61,64.05,3902.6,DSL,One year,No,2,0.0846960948224074,No,Normal Risk,Continue regular engagement
6579-JPICP,1,20.4,20.4,No,Month-to-month,No,0,0.3840586303924462,No,Normal Risk,Continue regular engagement
8205-OTCHB,22,43.75,903.6,DSL,One year,Yes,3,0.2308365013344586,No,Normal Risk,Continue regular engagement
4134-BSXLX,28,60.9,1785.65,DSL,Month-to-month,No,3,0.0677659718933516,No,Normal Risk,Continue regular engagement
0505-SPOOW,70,19.8,1397.65,No,Two year,No,0,0.011459631800251653,No,Normal Risk,Continue regular engagement
6235-VDHOM,5,28.45,131.05,DSL,Month-to-month,Yes,1,0.6315719885862129,Yes,Normal Risk,Continue regular engagement
7783-YKGDV,12,99.7,1238.45,Fiber optic,Month-to-month,Yes,4,0.7417198807452748,Yes,High Risk,Offer contract upgrade discount
4374-YMUSQ,34,116.25,3899.05,Fiber optic,One year,No,6,0.10680696275978697,No,Normal Risk,Continue regular engagement
4513-CXYIX,71,80.7,5676.0,Fiber optic,Two year,No,1,0.053255074036196524,No,Normal Risk,Continue regular engagement
3957-HHLMR,70,65.2,4543.15,DSL,One year,No,2,0.054969629846164325,No,Normal Risk,Continue regular engagement
7803-XOCCZ,52,84.05,4326.8,Fiber optic,Month-to-month,No,3,0.20280822336883894,No,Normal Risk,Continue regular engagement
5736-YEJAX,69,79.45,5502.55,DSL,Two year,No,5,0.0048579968585290385,No,Normal Risk,Continue regular engagement
5609-CEBID,20,94.1,1782.4,Fiber optic,Month-to-month,Yes,3,0.5792091783101442,Yes,Normal Risk,Continue regular engagement
8981-FJGLA,11,78.0,851.8,Fiber optic,Month-to-month,No,1,0.5340158576759672,Yes,Normal Risk,Continue regular engagement
7218-HKQFK,2,94.2,167.5,Fiber optic,Month-to-month,Yes,3,0.7495068742667874,Yes,High Risk,Offer contract upgrade discount
4636-QRJKY,6,80.5,502.85,Fiber optic,Month-to-month,Yes,1,0.612751353087035,Yes,Normal Risk,Continue regular engagement
1135-LMECX,1,19.85,19.85,No,Month-to-month,No,0,0.43830015892620194,No,Normal Risk,Continue regular engagement
4332-MUOEZ,20,94.3,1818.3,Fiber optic,One year,No,4,0.03362780520639866,No,Normal Risk,Continue regular engagement
8535-SFUTN,61,106.45,6300.15,Fiber optic,Month-to-month,No,4,0.5789748045978316,Yes,Normal Risk,Continue regular engagement
5956-VKDTT,5,74.35,334.8,Fiber optic,Month-to-month,Yes,0,0.7953578461836115,Yes,High Risk,Offer contract upgrade discount
8677-HDZEE,56,105.45,5916.95,Fiber optic,Month-to-month,No,4,0.7090521619394159,Yes,High Risk,Offer contract upgrade discount
2475-MROZF,30,95.0,2852.4,Fiber optic,Month-to-month,No,4,0.1561757935710486,No,Normal Risk,Continue regular engagement
9412-GHEEC,40,104.8,4131.95,Fiber optic,Month-to-month,Yes,4,0.6705532536667449,Yes,Normal Risk,Continue regular engagement
3482-ABPKK,28,54.3,1546.3,DSL,One year,No,2,0.05205967332986204,No,Normal Risk,Continue regular engagement
6705-LXORM,5,70.05,302.6,Fiber optic,Month-to-month,No,0,0.7956640548390335,Yes,High Risk,Offer contract upgrade discount
0257-ZESQC,27,75.2,1929.35,Fiber optic,Month-to-month,Yes,1,0.5546042473646766,Yes,Normal Risk,Continue regular engagement
7531-GQHME,12,20.05,265.45,No,Month-to-month,No,0,0.2545539712972362,No,Normal Risk,Continue regular engagement
5174-ITUMV,67,105.4,6989.45,Fiber optic,One year,No,4,0.21343750357745425,No,Normal Risk,Continue regular engagement
4109-CYRBD,29,51.6,1442.0,DSL,Month-to-month,No,0,0.3282855364859554,No,Normal Risk,Continue regular engagement
0913-XWSCN,55,85.5,4713.4,Fiber optic,Month-to-month,No,1,0.5608942232060572,Yes,Normal Risk,Continue regular engagement
6825-UYPFK,23,75.6,1758.6,Fiber optic,Month-to-month,Yes,0,0.7976737444353292,Yes,High Risk,Offer contract upgrade discount
8397-MVTAZ,34,100.05,3480.0,Fiber optic,Month-to-month,Yes,3,0.7025729446591686,Yes,High Risk,Offer contract upgrade discount
0750-EBAIU,52,91.25,4738.3,Fiber optic,One year,No,3,0.2458136268901605,No,Normal Risk,Continue regular engagement
8606-CIQUL,72,115.75,8399.15,Fiber optic,Two year,No,6,0.023431270312066252,No,Normal Risk,Continue regular engagement
3571-DPYUH,58,94.7,5430.35,Fiber optic,One year,No,3,0.06225308193520716,No,Normal Risk,Continue regular engagement
7601-GNDYK,35,19.6,686.95,No,Two year,No,0,0.008582347347363326,No,Normal Risk,Continue regular engagement
0356-OBMAC,56,99.9,5706.3,Fiber optic,Two year,No,4,0.1838863350452833,No,Normal Risk,Continue regular engagement
8067-NIOYM,24,21.1,490.65,No,Two year,No,0,0.015552834027478495,No,Normal Risk,Continue regular engagement
1403-GYAFU,70,20.05,1360.25,No,Two year,No,0,0.0018854212242412776,No,Normal Risk,Continue regular engagement
4234-XTNEA,2,79.95,174.45,Fiber optic,Month-to-month,No,1,0.8693551749600247,Yes,High Risk,Offer contract upgrade discount
1297-VQDRP,68,107.15,7379.8,Fiber optic,One year,No,4,0.10468212547370509,No,Normal Risk,Continue regular engagement
9282-IZGQK,1,85.0,85.0,Fiber optic,Month-to-month,Yes,1,0.8990792533283262,Yes,High Risk,Offer contract upgrade discount
5348-CAGXB,12,89.55,1021.75,Fiber optic,Month-to-month,No,2,0.8060854583676641,Yes,High Risk,Offer contract upgrade discount
0621-HJWXJ,63,81.55,5029.05,Fiber optic,Month-to-month,No,1,0.5946222982377501,Yes,Normal Risk,Continue regular engagement
5844-QVTAT,33,58.45,1955.4,DSL,One year,No,3,0.021165537537914114,No,Normal Risk,Continue regular engagement
8905-IAZPF,69,95.65,6744.2,Fiber optic,One year,No,3,0.28996805248911117,No,Normal Risk,Continue regular engagement
5394-MEITZ,60,80.6,4946.7,DSL,Two year,No,5,0.043081838822396176,No,Normal Risk,Continue regular engagement
6859-QNXIQ,72,113.1,8248.5,Fiber optic,Two year,No,6,0.07597743060702267,No,Normal Risk,Continue regular engagement
2782-LFZVW,11,58.95,601.6,DSL,Month-to-month,No,1,0.6490493208873376,Yes,Normal Risk,Continue regular engagement
2866-IKBTM,1,19.55,19.55,No,Month-to-month,No,0,0.4328489411670142,No,Normal Risk,Continue regular engagement
1342-JPNKI,10,86.05,834.1,Fiber optic,Month-to-month,Yes,1,0.9014297451943661,Yes,High Risk,Offer contract upgrade discount
2817-NTQDO,13,45.55,597.0,DSL,Month-to-month,Yes,3,0.18610444147935415,No,Normal Risk,Continue regular engagement
7129-AZJDE,34,78.95,2647.2,Fiber optic,One year,No,1,0.354019165148978,No,Normal Risk,Continue regular engagement
6986-IJDHX,39,86.3,3266.0,Fiber optic,Month-to-month,Yes,2,0.3324180256738581,No,Normal Risk,Continue regular engagement
2560-PPCHE,65,105.05,6744.25,Fiber optic,One year,No,4,0.4394849956239282,No,Normal Risk,Continue regular engagement
4676-MQUEA,50,101.9,5265.5,Fiber optic,One year,No,4,0.2180249218847062,No,Normal Risk,Continue regular engagement
8138-EALND,15,19.75,311.6,No,Month-to-month,No,0,0.1555461427717438,No,Normal Risk,Continue regular engagement
3580-HYCSP,72,110.3,7966.9,Fiber optic,Two year,No,5,0.11481776393878236,No,Normal Risk,Continue regular engagement
1352-HNSAW,72,115.6,8220.4,Fiber optic,Two year,No,6,0.08899966451090371,No,Normal Risk,Continue regular engagement
2075-PUEPR,55,19.35,1153.25,No,Two year,No,0,0.00879188667929907,No,Normal Risk,Continue regular engagement
1982-FEBTD,23,25.6,514.75,No,Two year,No,0,0.015364849840753496,No,Normal Risk,Continue regular engagement
5301-GAUUY,32,80.35,2596.15,Fiber optic,Month-to-month,Yes,1,0.6862441908705288,Yes,Normal Risk,Continue regular engagement
5791-KAJFD,56,68.75,3808.0,DSL,One year,No,3,0.05857408902568062,No,Normal Risk,Continue regular engagement
2654-VBVPB,1,19.9,19.9,No,Month-to-month,No,0,0.638731054533397,Yes,Normal Risk,Continue regular engagement
1154-HYWWO,38,70.6,2708.2,DSL,One year,No,4,0.03316821221109149,No,Normal Risk,Continue regular engagement
2501-XWWTZ,11,70.2,760.05,Fiber optic,Month-to-month,No,0,0.8194379727807534,Yes,High Risk,Offer contract upgrade discount
3716-UVSPD,1,49.3,49.3,DSL,Month-to-month,No,1,0.5593073830919774,Yes,Normal Risk,Continue regular engagement
6815-ABQFQ,56,107.25,6033.3,Fiber optic,One year,No,4,0.3017885369710581,No,Normal Risk,Continue regular engagement
7343-EOBEU,3,23.6,89.05,No,Month-to-month,No,0,0.29204505864639385,No,Normal Risk,Continue regular engagement
3701-SFMUH,7,69.7,516.15,DSL,Month-to-month,No,3,0.25660877026667767,No,Normal Risk,Continue regular engagement
6103-LIANB,59,99.5,5861.75,Fiber optic,Two year,No,3,0.10667655046916126,No,Normal Risk,Continue regular engagement
7319-VENRZ,7,64.3,445.95,DSL,Month-to-month,No,3,0.5729765345476016,Yes,Normal Risk,Continue regular engagement
5846-NEQVZ,71,70.85,4973.4,DSL,Two year,No,4,0.005101427479803588,No,Normal Risk,Continue regular engagement
6967-QIQRV,15,101.9,1667.25,Fiber optic,One year,No,4,0.1484935958291916,No,Normal Risk,Continue regular engagement
5781-RFZRP,71,73.5,5357.75,DSL,Two year,No,4,0.00666493506464063,No,Normal Risk,Continue regular engagement
0939-YAPAF,35,100.25,3527.6,Fiber optic,Month-to-month,Yes,3,0.7956921179899322,Yes,High Risk,Offer contract upgrade discount
0308-IVGOK,11,40.4,422.6,DSL,One year,No,3,0.15680275072878322,No,Normal Risk,Continue regular engagement
7293-LSCDV,60,19.25,1103.25,No,Two year,No,0,0.00361310685828636,No,Normal Risk,Continue regular engagement
7025-WCBNE,47,59.6,2754.0,DSL,Two year,No,2,0.03650985383061992,No,Normal Risk,Continue regular engagement
5756-JYOJT,11,64.9,697.25,DSL,One year,No,3,0.1959767551207619,No,Normal Risk,Continue regular engagement
4710-FDUIZ,56,100.3,5614.45,Fiber optic,One year,Yes,3,0.2455213126689805,No,Normal Risk,Continue regular engagement
6030-REHUX,28,110.85,3204.4,Fiber optic,Month-to-month,No,5,0.49960652739596684,No,Normal Risk,Continue regular engagement
9548-LIGTA,61,81.05,4747.65,DSL,Two year,No,5,0.015488336752219365,No,Normal Risk,Continue regular engagement
5150-LJNSR,31,98.05,3082.1,Fiber optic,One year,No,3,0.24290649142530576,No,Normal Risk,Continue regular engagement
8270-RKSAP,9,70.5,597.9,Fiber optic,Month-to-month,No,0,0.8368382561902014,Yes,High Risk,Offer contract upgrade discount
6522-YRBXD,35,94.55,3365.4,Fiber optic,Month-to-month,No,3,0.3626793773373761,No,Normal Risk,Continue regular engagement
2640-LYMOV,2,19.65,38.8,No,Month-to-month,No,0,0.3779764257379202,No,Normal Risk,Continue regular engagement
1218-VKFPE,12,19.0,233.55,No,Month-to-month,Yes,0,0.16906799060706343,No,Normal Risk,Continue regular engagement
3627-FHKBK,1,75.3,75.3,Fiber optic,Month-to-month,Yes,1,0.6948287494676169,Yes,Normal Risk,Continue regular engagement
2865-TCHJW,4,89.2,346.2,Fiber optic,Month-to-month,Yes,2,0.8196206789996374,Yes,High Risk,Offer contract upgrade discount
1423-BMPBQ,1,19.0,19.0,No,Month-to-month,No,0,0.25330964401420014,No,Normal Risk,Continue regular engagement
2393-DIVAI,3,20.0,61.7,No,Month-to-month,No,0,0.43875430359259987,No,Normal Risk,Continue regular engagement
5192-EBGOV,1,85.7,85.7,Fiber optic,Month-to-month,Yes,1,0.873604557599341,Yes,High Risk,Offer contract upgrade discount
4568-KNYWR,52,63.25,3342.45,DSL,Two year,No,3,0.019826968407626044,No,Normal Risk,Continue regular engagement
8752-IMQOS,5,20.1,85.1,No,One year,No,0,0.07531714947428261,No,Normal Risk,Continue regular engagement
0742-LAFQK,72,99.15,7422.1,Fiber optic,Two year,No,4,0.09277330119215661,No,Normal Risk,Continue regular engagement
0795-LAFGP,71,90.4,6668.05,DSL,Two year,No,6,0.011650590807962083,No,Normal Risk,Continue regular engagement
0619-OLYUR,72,111.9,8071.05,Fiber optic,Two year,No,5,0.07593029980792783,No,Normal Risk,Continue regular engagement
5512-IDZEI,46,24.9,1174.8,No,One year,No,0,0.015842550896520386,No,Normal Risk,Continue regular engagement
0459-SPZHJ,63,83.5,5435.0,DSL,Two year,No,5,0.00998697918355192,No,Normal Risk,Continue regular engagement
0215-BQKGS,30,84.3,2438.6,Fiber optic,Month-to-month,No,3,0.2315675837434357,No,Normal Risk,Continue regular engagement
9244-ZVAPM,1,45.6,45.6,DSL,Month-to-month,No,0,0.6245459230790863,Yes,Normal Risk,Continue regular engagement
0719-SYFRB,12,61.65,713.75,DSL,Month-to-month,Yes,3,0.19472190192012892,No,Normal Risk,Continue regular engagement
8208-EUMTE,16,54.85,916.15,DSL,Two year,No,5,0.02399979188971777,No,Normal Risk,Continue regular engagement
5172-MIGPM,4,65.55,237.2,DSL,Month-to-month,No,2,0.47829526707276643,No,Normal Risk,Continue regular engagement
1710-RCXUS,51,90.35,4614.55,Fiber optic,One year,No,2,0.20588681698724423,No,Normal Risk,Continue regular engagement
0374-FIUCA,65,20.4,1414.45,No,Two year,No,0,0.004853839483377892,No,Normal Risk,Continue regular engagement
5839-SUYVZ,16,74.55,1170.5,Fiber optic,Month-to-month,No,1,0.40041265520735514,No,Normal Risk,Continue regular engagement
5173-ZXXXL,2,19.95,47.7,No,One year,No,0,0.17511364350428263,No,Normal Risk,Continue regular engagement
1096-ADRUX,66,74.25,4859.25,Fiber optic,One year,No,0,0.23692521541688114,No,Normal Risk,Continue regular engagement
2001-MCUUW,46,108.65,4903.2,Fiber optic,Two year,No,5,0.15345245133251684,No,Normal Risk,Continue regular engagement
2731-GJRDG,32,109.55,3608.0,Fiber optic,One year,No,5,0.3666688550158994,No,Normal Risk,Continue regular engagement
4723-BEGSG,72,86.65,6094.25,DSL,Two year,No,5,0.014997198768776298,No,Normal Risk,Continue regular engagement
6516-NKQBO,38,81.0,3084.9,DSL,Two year,No,5,0.012420610657979149,No,Normal Risk,Continue regular engagement
8672-OAUPW,51,47.85,2356.75,DSL,One year,No,1,0.01712804174050473,No,Normal Risk,Continue regular engagement
8207-DMRVL,72,114.55,8306.05,Fiber optic,Two year,No,6,0.06278076477283417,No,Normal Risk,Continue regular engagement
3419-SNJJD,65,105.25,6786.4,Fiber optic,Month-to-month,Yes,4,0.5763390530496305,Yes,Normal Risk,Continue regular engagement
6543-CPZMK,9,29.95,248.95,DSL,Month-to-month,Yes,1,0.4330668002219289,No,Normal Risk,Continue regular engagement
4765-OXPPD,9,65.0,663.05,DSL,Month-to-month,Yes,4,0.08675345872035574,No,Normal Risk,Continue regular engagement
2804-ETQDK,66,20.55,1357.1,No,Two year,No,0,0.0035134115431652278,No,Normal Risk,Continue regular engagement
6689-VRRTK,44,109.8,4860.35,Fiber optic,One year,No,5,0.17160833396361644,No,Normal Risk,Continue regular engagement
7138-GIRSH,50,69.5,3418.2,DSL,Two year,No,3,0.07196451498076782,No,Normal Risk,Continue regular engagement
9396-ZSFLL,15,48.85,631.4,DSL,Month-to-month,No,0,0.3916160800148133,No,Normal Risk,Continue regular engagement
6464-KEXXH,8,25.25,186.3,DSL,Month-to-month,No,0,0.6150936048204829,Yes,Normal Risk,Continue regular engagement
7134-MJPDY,66,102.85,6976.75,Fiber optic,One year,No,4,0.19396326512914158,No,Normal Risk,Continue regular engagement
5240-CAOYT,57,87.55,4884.85,Fiber optic,Month-to-month,No,3,0.3008036136800566,No,Normal Risk,Continue regular engagement
4059-IIEBK,7,78.55,522.95,Fiber optic,Month-to-month,No,1,0.8518081662956758,Yes,High Risk,Offer contract upgrade discount
4881-JVQOD,10,34.55,362.6,DSL,Month-to-month,No,1,0.606890051179724,Yes,Normal Risk,Continue regular engagement
0516-UXRMT,62,92.05,5755.8,Fiber optic,One year,No,3,0.19898646860395786,No,Normal Risk,Continue regular engagement
4851-BQDNX,40,85.05,3355.65,Fiber optic,One year,No,2,0.22711326176022067,No,Normal Risk,Continue regular engagement
5148-HKFIR,20,19.7,406.95,No,Two year,No,0,0.04011773893107044,No,Normal Risk,Continue regular engagement
1009-IRMNA,7,20.0,137.6,No,Month-to-month,Yes,0,0.5834063601874279,Yes,Normal Risk,Continue regular engagement
3003-CMDUU,25,95.15,2395.7,Fiber optic,Month-to-month,No,3,0.68046990049772,Yes,Normal Risk,Continue regular engagement
5016-IBERQ,23,84.25,1968.1,Fiber optic,Month-to-month,No,2,0.4397290562310291,No,Normal Risk,Continue regular engagement
6797-UCJHZ,66,104.6,6819.45,Fiber optic,One year,No,4,0.19264357410357522,No,Normal Risk,Continue regular engagement
2469-DTSGX,72,111.65,7943.45,Fiber optic,Two year,No,5,0.18230899954995047,No,Normal Risk,Continue regular engagement
4554-YGZIH,49,90.05,4547.25,Fiber optic,Month-to-month,Yes,2,0.3483029959487397,No,Normal Risk,Continue regular engagement
5099-BAILX,43,110.75,4687.9,Fiber optic,Month-to-month,Yes,5,0.35504082761690564,No,Normal Risk,Continue regular engagement
9931-KGHOA,46,55.0,2473.95,DSL,Month-to-month,No,1,0.244729332326568,No,Normal Risk,Continue regular engagement
1775-KWJKQ,72,89.85,6562.9,DSL,Two year,No,6,0.005789998052792709,No,Normal Risk,Continue regular engagement
7665-VIGUD,10,20.35,176.3,No,One year,No,0,0.1355839830686823,No,Normal Risk,Continue regular engagement
9411-TPQQV,40,54.55,2236.2,DSL,One year,No,4,0.16287011277554697,No,Normal Risk,Continue regular engagement
7207-RMRDB,65,105.5,6985.65,Fiber optic,Month-to-month,Yes,4,0.5174604341528236,Yes,Normal Risk,Continue regular engagement
7954-MLBUN,31,99.45,3109.9,Fiber optic,Two year,No,4,0.3086736168639832,No,Normal Risk,Continue regular engagement
2077-DDHJK,68,70.9,4911.35,DSL,Two year,No,4,0.006651534944959669,No,Normal Risk,Continue regular engagement
4913-EHYUI,56,104.55,5794.65,Fiber optic,One year,Yes,4,0.18146608780634452,No,Normal Risk,Continue regular engagement
0195-IESCP,10,85.25,855.3,Fiber optic,Month-to-month,Yes,1,0.8279358129346551,Yes,High Risk,Offer contract upgrade discount
9574-BOSMD,68,25.4,1620.2,No,Two year,No,0,0.00596159052561562,No,Normal Risk,Continue regular engagement
4580-TMHJU,43,56.15,2499.3,DSL,Month-to-month,Yes,1,0.2771226933056296,No,Normal Risk,Continue regular engagement
0970-ETWGE,1,89.55,89.55,Fiber optic,Month-to-month,Yes,2,0.8869896974019315,Yes,High Risk,Offer contract upgrade discount
4908-XAXAY,49,89.85,4287.2,Fiber optic,One year,No,3,0.39043107308407166,No,Normal Risk,Continue regular engagement
8404-VLQFB,15,25.25,394.85,No,Month-to-month,No,0,0.15018247899465048,No,Normal Risk,Continue regular engagement
1626-ERCMM,20,94.55,1899.65,Fiber optic,Month-to-month,Yes,2,0.6726577261548919,Yes,Normal Risk,Continue regular engagement
0887-HJGAR,1,45.7,45.7,DSL,Month-to-month,Yes,0,0.6424893971958483,Yes,Normal Risk,Continue regular engagement
2391-IPLOP,50,69.65,3442.15,DSL,One year,No,3,0.03905516179141373,No,Normal Risk,Continue regular engagement
5644-PDMZC,2,89.5,161.5,Fiber optic,Month-to-month,Yes,2,0.7981854678296724,Yes,High Risk,Offer contract upgrade discount
3509-GWQGF,24,70.0,1732.6,Fiber optic,Month-to-month,No,0,0.4539046117546915,No,Normal Risk,Continue regular engagement
9576-ANLXO,3,69.55,222.3,Fiber optic,Month-to-month,Yes,0,0.9132174565712047,Yes,High Risk,Offer contract upgrade discount
2024-BASKD,1,74.6,74.6,Fiber optic,Month-to-month,Yes,1,0.7872897489610597,Yes,High Risk,Offer contract upgrade discount
5845-BZZIB,35,20.1,655.3,No,Two year,No,0,0.008788464258037821,No,Normal Risk,Continue regular engagement
1140-UKVZG,17,24.8,475.25,No,Month-to-month,No,0,0.18448113724413542,No,Normal Risk,Continue regular engagement
4160-AMJTL,8,19.65,164.3,No,Month-to-month,Yes,0,0.4074447215460609,No,Normal Risk,Continue regular engagement
5183-SNMJQ,10,95.1,865.1,Fiber optic,Month-to-month,No,3,0.6759898304622861,Yes,Normal Risk,Continue regular engagement
8100-PNJMH,68,88.85,6132.7,DSL,Two year,No,6,0.0058729202261003,No,Normal Risk,Continue regular engagement
7838-LAZFO,45,78.8,3597.5,DSL,One year,No,5,0.08847687152071732,No,Normal Risk,Continue regular engagement
4464-JCOLN,2,19.85,35.9,No,One year,Yes,0,0.08302080145525821,No,Normal Risk,Continue regular engagement
2085-JVGAD,37,20.35,697.65,No,Month-to-month,No,0,0.13731470470923016,No,Normal Risk,Continue regular engagement
5650-VDUDS,4,24.25,96.05,DSL,Month-to-month,Yes,0,0.7237548722773289,Yes,High Risk,Offer contract upgrade discount
8095-WANWK,10,45.25,428.7,DSL,Month-to-month,No,0,0.615635300157232,Yes,Normal Risk,Continue regular engagement
3030-ZKIWL,1,20.05,20.05,No,Month-to-month,No,0,0.377957812656399,No,Normal Risk,Continue regular engagement
9565-FLVCG,65,69.55,4459.15,DSL,Two year,No,3,0.00939131240422881,No,Normal Risk,Continue regular engagement
8755-OGKNA,57,19.5,1167.6,No,Two year,No,0,0.010567535041745211,No,Normal Risk,Continue regular engagement
2800-VEQXM,3,74.75,238.1,Fiber optic,Month-to-month,No,1,0.7841219149747718,Yes,High Risk,Offer contract upgrade discount
7538-GWHML,2,69.65,145.15,Fiber optic,Month-to-month,Yes,0,0.8721680109317551,Yes,High Risk,Offer contract upgrade discount
5533-RJFTJ,49,30.2,1453.1,DSL,Month-to-month,No,1,0.3160235621164593,No,Normal Risk,Continue regular engagement
3859-CVCET,4,45.65,191.05,DSL,Month-to-month,Yes,0,0.6664885745976875,Yes,Normal Risk,Continue regular engagement
0214-JHPFW,70,57.8,4039.3,DSL,Two year,No,5,0.035895613744763105,No,Normal Risk,Continue regular engagement
5642-MHDQT,53,19.85,1039.45,No,One year,No,0,0.022578820828755484,No,Normal Risk,Continue regular engagement
3088-FVYWK,53,25.55,1336.1,No,Two year,No,0,0.004227678862725018,No,Normal Risk,Continue regular engagement
3276-HDUEG,1,75.05,75.05,Fiber optic,Month-to-month,Yes,0,0.8290830696446312,Yes,High Risk,Offer contract upgrade discount
9092-GDZKO,22,24.85,493.4,No,Month-to-month,No,0,0.11326718926844725,No,Normal Risk,Continue regular engagement
0823-HSCDJ,52,49.15,2550.9,DSL,Month-to-month,Yes,3,0.26168434112349603,No,Normal Risk,Continue regular engagement
3729-OWRVL,65,110.35,7246.15,Fiber optic,Two year,No,5,0.11421842256167558,No,Normal Risk,Continue regular engagement
2324-AALNO,48,24.55,1203.95,No,One year,No,0,0.06028397657320319,No,Normal Risk,Continue regular engagement
0822-GAVAP,2,34.7,62.25,DSL,Month-to-month,Yes,1,0.8437142609056297,Yes,High Risk,Offer contract upgrade discount
5760-IFJOZ,3,107.95,313.6,Fiber optic,Month-to-month,No,4,0.745906028757342,Yes,High Risk,Offer contract upgrade discount
2826-UWHIS,45,81.4,3775.85,Fiber optic,Month-to-month,No,1,0.5972861027208038,Yes,Normal Risk,Continue regular engagement
1448-PWKYE,1,80.0,80.0,Fiber optic,Month-to-month,Yes,1,0.7395200372481657,Yes,High Risk,Offer contract upgrade discount
7501-IWUNG,61,73.8,4616.05,DSL,Two year,No,4,0.048002771650578174,No,Normal Risk,Continue regular engagement
4957-TREIR,3,64.4,195.65,DSL,Month-to-month,No,3,0.2754048594692451,No,Normal Risk,Continue regular engagement
7251-LJBQN,40,103.75,4188.4,Fiber optic,One year,No,4,0.2246603517310865,No,Normal Risk,Continue regular engagement
8040-MNRTF,1,71.1,71.1,Fiber optic,Month-to-month,No,0,0.834545123130879,Yes,High Risk,Offer contract upgrade discount
1536-HBSWP,1,49.9,49.9,DSL,Month-to-month,No,1,0.6335883220077767,Yes,Normal Risk,Continue regular engagement
5313-FPXWG,51,24.6,1266.4,No,One year,No,0,0.044931823719294446,No,Normal Risk,Continue regular engagement
0067-DKWBL,2,49.25,91.1,DSL,Month-to-month,Yes,1,0.46941939481296574,No,Normal Risk,Continue regular engagement
0946-FKYTX,52,30.1,1623.4,DSL,One year,No,1,0.05200483251359542,No,Normal Risk,Continue regular engagement
5076-YVXCM,51,83.4,4149.45,Fiber optic,Month-to-month,No,1,0.7097652872729165,Yes,High Risk,Offer contract upgrade discount
8262-COGGB,1,20.45,20.45,No,Month-to-month,No,0,0.401611381496728,No,Normal Risk,Continue regular engagement
6663-JOCQO,31,75.25,2344.5,DSL,One year,No,4,0.04093907709135039,No,Normal Risk,Continue regular engagement
9620-QJREV,47,20.55,1013.05,No,One year,No,0,0.011135089033852122,No,Normal Risk,Continue regular engagement
2276-YDAVZ,3,75.1,270.7,Fiber optic,Month-to-month,Yes,0,0.805112987974847,Yes,High Risk,Offer contract upgrade discount
2682-KEVRP,22,20.05,417.0,No,One year,No,0,0.0523248533045738,No,Normal Risk,Continue regular engagement
2480-JZOSN,1,20.65,20.65,No,Month-to-month,No,0,0.40899213912220433,No,Normal Risk,Continue regular engagement
0078-XZMHT,72,85.15,6316.2,DSL,Two year,No,5,0.054022077411970744,No,Normal Risk,Continue regular engagement
5896-NPFWW,3,50.15,168.15,DSL,Month-to-month,Yes,1,0.45396936254744696,No,Normal Risk,Continue regular engagement
9978-HYCIN,47,84.95,4018.05,Fiber optic,One year,No,2,0.20912553148505636,No,Normal Risk,Continue regular engagement
8338-QIUNR,72,66.5,4811.6,DSL,Two year,No,3,0.0038605915433309133,No,Normal Risk,Continue regular engagement
1525-LNLOJ,66,63.3,4189.7,DSL,Two year,No,2,0.0375865783341401,No,Normal Risk,Continue regular engagement
9450-TRJUU,35,83.15,2848.45,Fiber optic,Month-to-month,No,1,0.664894532278051,Yes,Normal Risk,Continue regular engagement
1766-GKNMI,29,84.9,2516.2,Fiber optic,Month-to-month,No,1,0.7468763522025977,Yes,High Risk,Offer contract upgrade discount
6942-LBFDP,2,20.55,33.6,No,Month-to-month,No,0,0.45781254095787904,No,Normal Risk,Continue regular engagement
1456-TWCGB,4,49.25,208.45,DSL,Month-to-month,No,1,0.47602985514561685,No,Normal Risk,Continue regular engagement
7133-VBDCG,25,79.85,2015.35,Fiber optic,Month-to-month,Yes,2,0.6003366133820711,Yes,Normal Risk,Continue regular engagement
7596-ZYWBB,65,59.6,3739.8,DSL,Two year,No,3,0.009362643266127615,No,Normal Risk,Continue regular engagement
8329-UTMVM,27,104.65,2964.0,Fiber optic,One year,No,4,0.37654907723222497,No,Normal Risk,Continue regular engagement
3014-WJKSM,29,75.3,2263.4,Fiber optic,Month-to-month,No,1,0.4422080127028931,No,Normal Risk,Continue regular engagement
3347-YJZZE,29,80.1,2211.8,DSL,Month-to-month,No,4,0.13356236370326358,No,Normal Risk,Continue regular engagement
1029-QFBEN,1,19.55,19.55,No,Month-to-month,Yes,0,0.3693093778294221,No,Normal Risk,Continue regular engagement
7929-DMBCV,20,81.0,1683.7,Fiber optic,Month-to-month,No,2,0.40401032547182886,No,Normal Risk,Continue regular engagement
9661-JALZV,58,24.7,1519.0,No,Two year,No,0,0.010820099770536417,No,Normal Risk,Continue regular engagement
5433-KYGHE,14,86.0,1164.05,Fiber optic,Month-to-month,No,2,0.239762255112022,No,Normal Risk,Continue regular engagement
4312-KFRXN,72,25.4,1710.9,No,Two year,No,0,0.004090228400975627,No,Normal Risk,Continue regular engagement
5575-TPIZQ,46,89.15,4245.55,Fiber optic,Month-to-month,No,2,0.39021498474424277,No,Normal Risk,Continue regular engagement
0114-IGABW,71,58.25,4145.9,DSL,Two year,No,5,0.036885018741338045,No,Normal Risk,Continue regular engagement
9944-AEXBM,32,85.65,2664.3,Fiber optic,Month-to-month,No,1,0.8085464154377043,Yes,High Risk,Offer contract upgrade discount
1853-ARAAQ,26,50.35,1277.5,DSL,Month-to-month,No,3,0.4731307599614342,No,Normal Risk,Continue regular engagement
6952-OMNWB,68,80.35,5589.3,Fiber optic,Month-to-month,No,1,0.2594332240756899,No,Normal Risk,Continue regular engagement
4697-LUPSU,2,20.2,34.75,No,One year,No,0,0.08496428983880104,No,Normal Risk,Continue regular engagement
8434-VGEQQ,61,20.55,1305.95,No,Two year,No,0,0.0029446492231895507,No,Normal Risk,Continue regular engagement
4952-YSOGZ,4,85.95,381.3,Fiber optic,Month-to-month,Yes,1,0.801025445813274,Yes,High Risk,Offer contract upgrade discount
1589-AGTLK,3,45.35,141.5,DSL,Month-to-month,Yes,0,0.7170568886452446,Yes,High Risk,Offer contract upgrade discount
5244-IRFIH,33,94.5,3105.55,Fiber optic,Month-to-month,Yes,2,0.6737774059133316,Yes,Normal Risk,Continue regular engagement
6549-YMFAW,9,21.25,204.55,No,Month-to-month,No,0,0.23875997733673737,No,Normal Risk,Continue regular engagement
4950-HKQTE,22,26.25,605.9,No,Two year,No,0,0.04270005970648021,No,Normal Risk,Continue regular engagement
6786-OBWQR,5,80.85,356.1,Fiber optic,Month-to-month,No,1,0.7884829964454829,Yes,High Risk,Offer contract upgrade discount
2684-EIWEO,30,91.7,2758.15,Fiber optic,Month-to-month,Yes,3,0.2703426217683679,No,Normal Risk,Continue regular engagement
2753-JMMCV,65,74.2,4805.65,DSL,Two year,No,4,0.017010941749160235,No,Normal Risk,Continue regular engagement
6439-GTPCA,45,87.25,3941.7,Fiber optic,Month-to-month,Yes,2,0.5508328417838276,Yes,Normal Risk,Continue regular engagement
6621-YOBKI,5,20.35,92.75,No,Month-to-month,No,0,0.3455177458514716,No,Normal Risk,Continue regular engagement
1216-JWVUX,25,75.5,1901.05,Fiber optic,Month-to-month,No,1,0.4143859820707281,No,Normal Risk,Continue regular engagement
7564-GHCVB,72,79.05,5730.7,Fiber optic,Two year,No,1,0.0784610378201915,No,Normal Risk,Continue regular engagement
1173-NOEYG,27,90.15,2423.4,Fiber optic,Month-to-month,No,2,0.7723693365398585,Yes,High Risk,Offer contract upgrade discount
7595-EHCDL,32,50.6,1653.45,DSL,Month-to-month,No,3,0.19781561284183866,No,Normal Risk,Continue regular engagement
6647-ZEDXT,30,110.45,3327.05,Fiber optic,One year,No,5,0.22813913710590847,No,Normal Risk,Continue regular engagement
2521-NPUZR,70,101.0,7085.5,Fiber optic,Two year,No,5,0.030229940765928876,No,Normal Risk,Continue regular engagement
1307-TVUFB,42,79.35,3344.1,Fiber optic,Month-to-month,No,1,0.567315340728309,Yes,Normal Risk,Continue regular engagement
7503-MIOGA,72,89.85,6697.35,DSL,Two year,No,6,0.030331225303120216,No,Normal Risk,Continue regular engagement
4381-MHQDC,47,65.0,2879.9,DSL,Two year,No,3,0.01811865306800225,No,Normal Risk,Continue regular engagement
6923-JHPMP,2,80.45,137.1,Fiber optic,Month-to-month,No,2,0.7382396310617031,Yes,High Risk,Offer contract upgrade discount
5138-WVKYJ,10,98.55,1008.55,Fiber optic,Month-to-month,Yes,3,0.7474735362819669,Yes,High Risk,Offer contract upgrade discount
4018-PPNDW,61,24.1,1551.6,No,Two year,No,0,0.004572800506938078,No,Normal Risk,Continue regular engagement
1635-FJFCC,5,44.05,202.15,DSL,Month-to-month,No,0,0.6115165272064073,Yes,Normal Risk,Continue regular engagement
2499-AJYUA,72,110.8,7882.25,Fiber optic,Two year,No,5,0.0877547737066638,No,Normal Risk,Continue regular engagement
6919-ELBGL,72,114.95,8196.4,Fiber optic,Two year,No,6,0.051700787177540584,No,Normal Risk,Continue regular engagement
3966-HRMZA,3,75.05,202.9,Fiber optic,Month-to-month,No,1,0.724501031652913,Yes,High Risk,Offer contract upgrade discount
6425-JWTDV,48,19.25,855.1,No,Two year,No,0,0.008660199466899983,No,Normal Risk,Continue regular engagement
8405-IGQFX,63,90.05,5817.0,Fiber optic,One year,No,3,0.18621120116001003,No,Normal Risk,Continue regular engagement
8224-IVVPA,27,56.7,1652.95,DSL,Month-to-month,No,2,0.2122543123865705,No,Normal Risk,Continue regular engagement
9477-LGWQI,70,80.15,5600.15,DSL,Two year,No,5,0.009554704252489395,No,Normal Risk,Continue regular engagement
1410-RSCMR,7,71.35,515.75,DSL,Month-to-month,No,4,0.1242877768097886,No,Normal Risk,Continue regular engagement
3115-CZMZD,0,20.25,,No,Two year,No,0,0.07059278592628786,No,Normal Risk,Continue regular engagement
0139-IVFJG,2,90.35,190.5,Fiber optic,Month-to-month,No,3,0.6706928648685838,Yes,Normal Risk,Continue regular engagement
6683-VLCTZ,20,98.55,1842.8,Fiber optic,Month-to-month,Yes,3,0.6461658513416614,Yes,Normal Risk,Continue regular engagement
5730-DBDSI,66,19.7,1253.8,No,Two year,No,0,0.012783104304877883,No,Normal Risk,Continue regular engagement
0030-FNXPP,3,19.85,57.2,No,Month-to-month,No,0,0.41849070188922816,No,Normal Risk,Continue regular engagement
2189-WWOEW,15,85.9,1269.55,Fiber optic,Month-to-month,Yes,2,0.6996602973338765,Yes,Normal Risk,Continue regular engagement
5684-FJVYR,72,90.35,6563.4,Fiber optic,Two year,No,3,0.04472533865900575,No,Normal Risk,Continue regular engagement
4013-GUXND,1,20.8,20.8,No,Month-to-month,No,0,0.3910758362383802,No,Normal Risk,Continue regular engagement
1894-IGFSG,22,89.25,1907.85,Fiber optic,Month-to-month,Yes,2,0.7931188260704916,Yes,High Risk,Offer contract upgrade discount
7379-POKDZ,3,70.3,208.85,Fiber optic,Month-to-month,Yes,0,0.8178241059159664,Yes,High Risk,Offer contract upgrade discount
1266-NZYUI,72,66.85,4758.8,DSL,Two year,No,3,0.012224451832011103,No,Normal Risk,Continue regular engagement
7969-FFOWG,65,19.9,1292.6,No,Two year,No,0,0.0026710007898920565,No,Normal Risk,Continue regular engagement
4718-DHSMV,11,35.8,363.15,DSL,Month-to-month,No,1,0.7281496514858031,Yes,High Risk,Offer contract upgrade discount
5175-WLYXL,22,78.85,1600.25,Fiber optic,Month-to-month,No,1,0.4477749107173956,No,Normal Risk,Continue regular engagement
7817-OMJNA,14,20.4,275.7,No,One year,No,0,0.14140465561378737,No,Normal Risk,Continue regular engagement
8728-SKJLR,41,74.25,3089.1,Fiber optic,Month-to-month,No,1,0.4674057333563694,No,Normal Risk,Continue regular engagement
3137-NYQQI,17,64.8,1175.6,DSL,One year,No,3,0.06183522130631509,No,Normal Risk,Continue regular engagement
7706-DZNKK,11,20.45,237.3,No,Month-to-month,No,0,0.28119468478673193,No,Normal Risk,Continue regular engagement
0236-HFWSV,15,93.35,1444.65,Fiber optic,Month-to-month,Yes,2,0.7681427517601626,Yes,High Risk,Offer contract upgrade discount
3900-AQPHZ,1,19.9,19.9,No,Month-to-month,Yes,0,0.4392101818603537,No,Normal Risk,Continue regular engagement
5842-POCOP,5,88.9,454.15,Fiber optic,Month-to-month,Yes,3,0.6016272989055933,Yes,Normal Risk,Continue regular engagement
2037-XJFUP,33,95.8,3036.75,Fiber optic,One year,Yes,3,0.4524548698974424,No,Normal Risk,Continue regular engagement
8823-RLPWL,72,110.65,8065.65,Fiber optic,Two year,No,5,0.11080868621310666,No,Normal Risk,Continue regular engagement
9505-SQFSW,3,40.3,92.5,DSL,Month-to-month,No,2,0.4825850618854512,No,Normal Risk,Continue regular engagement
7314-OXENN,2,82.0,184.65,Fiber optic,Month-to-month,Yes,1,0.8104744239866744,Yes,High Risk,Offer contract upgrade discount
3758-CKOQL,59,107.0,6152.3,Fiber optic,One year,No,5,0.08262284756520402,No,Normal Risk,Continue regular engagement
0322-CHQRU,2,45.35,89.5,DSL,Month-to-month,Yes,0,0.7082639772643851,Yes,High Risk,Offer contract upgrade discount
5676-CFLYY,71,73.35,5154.5,DSL,Two year,No,4,0.009321588018247208,No,Normal Risk,Continue regular engagement
7521-AFHAB,5,44.8,220.45,DSL,Month-to-month,No,0,0.4387337918906803,No,Normal Risk,Continue regular engagement
0285-INHLN,27,54.75,1510.3,DSL,Month-to-month,No,2,0.05925045547116551,No,Normal Risk,Continue regular engagement
4678-DVQEO,1,52.2,52.2,DSL,Month-to-month,Yes,1,0.6720863964318902,Yes,Normal Risk,Continue regular engagement
5125-CNDSP,63,40.6,2588.95,DSL,One year,No,3,0.015957607266041153,No,Normal Risk,Continue regular engagement
0691-IFBQW,46,110.0,4874.8,Fiber optic,One year,Yes,5,0.25433551380924285,No,Normal Risk,Continue regular engagement
4992-LTJNE,72,55.3,3983.6,DSL,Two year,No,1,0.015657181368560962,No,Normal Risk,Continue regular engagement
2202-OUTMO,34,60.85,2003.6,DSL,Month-to-month,No,2,0.21723488413785066,No,Normal Risk,Continue regular engagement
0810-BDHAW,24,78.4,1832.4,DSL,One year,No,4,0.06361812842366173,No,Normal Risk,Continue regular engagement
0229-LFJAF,72,69.65,4908.25,DSL,Two year,No,4,0.012797693861654986,No,Normal Risk,Continue regular engagement
7131-ZQZNK,60,59.85,3590.2,DSL,Two year,No,5,0.008969027405148659,No,Normal Risk,Continue regular engagement
3442-ZHHCC,68,76.9,5023.0,DSL,One year,No,4,0.030950879481074493,No,Normal Risk,Continue regular engagement
5726-CVNYA,8,19.85,146.6,No,Two year,No,0,0.05488616831258911,No,Normal Risk,Continue regular engagement
9871-ELEYA,34,67.65,2339.3,DSL,Two year,No,4,0.012143835999171085,No,Normal Risk,Continue regular engagement
4257-GAESD,6,45.0,298.7,DSL,Month-to-month,No,2,0.7509972760553968,Yes,High Risk,Offer contract upgrade discount
5173-WXOQV,2,64.2,143.65,DSL,Month-to-month,No,3,0.3315307214890887,No,Normal Risk,Continue regular engagement
2040-OBMLJ,31,81.7,2548.65,Fiber optic,One year,No,1,0.20198569288319884,No,Normal Risk,Continue regular engagement
6286-ZHAOK,20,25.55,507.4,No,Month-to-month,No,0,0.17974190037321644,No,Normal Risk,Continue regular engagement
3807-XHCJH,1,20.0,20.0,No,Month-to-month,No,0,0.34291413462466713,No,Normal Risk,Continue regular engagement
3009-JWMPU,62,96.75,6125.4,Fiber optic,One year,Yes,3,0.3977640364354015,No,Normal Risk,Continue regular engagement
5671-RQRLP,70,75.65,5411.4,Fiber optic,Two year,No,0,0.09953325573338778,No,Normal Risk,Continue regular engagement
1450-GALXR,10,98.5,1058.25,Fiber optic,Month-to-month,Yes,3,0.817825974051852,Yes,High Risk,Offer contract upgrade discount
8859-AXJZP,39,23.8,903.8,No,Two year,No,0,0.007569959916259584,No,Normal Risk,Continue regular engagement
3174-AKMAS,46,64.2,3009.5,DSL,Two year,No,3,0.02668766742021892,No,Normal Risk,Continue regular engagement
3138-BKYAV,6,85.35,489.45,Fiber optic,Month-to-month,Yes,2,0.8073124774375504,Yes,High Risk,Offer contract upgrade discount
9926-PJHDQ,72,76.8,5468.45,DSL,Two year,No,3,0.09028476189198596,No,Normal Risk,Continue regular engagement
7382-DFJTU,18,55.2,1058.1,DSL,Month-to-month,No,2,0.16310981220853454,No,Normal Risk,Continue regular engagement
2798-NYLMZ,71,108.55,7616.0,Fiber optic,Two year,No,5,0.05307994223223893,No,Normal Risk,Continue regular engagement
4289-DTDKW,40,101.3,4113.1,Fiber optic,Month-to-month,Yes,3,0.6819532401491062,Yes,Normal Risk,Continue regular engagement
1820-TQVEV,1,69.55,69.55,Fiber optic,Month-to-month,Yes,0,0.8500873478093786,Yes,High Risk,Offer contract upgrade discount
2239-JALAW,58,103.25,6017.65,Fiber optic,One year,Yes,4,0.4511428367209585,No,Normal Risk,Continue regular engagement
4853-RULSV,70,104.0,7250.15,Fiber optic,Two year,Yes,4,0.08100747013935784,No,Normal Risk,Continue regular engagement
8098-TDCBU,42,25.25,1108.2,No,Two year,No,0,0.02613506321915749,No,Normal Risk,Continue regular engagement
3551-GAEGL,34,30.4,938.65,DSL,One year,No,1,0.06719923073200834,No,Normal Risk,Continue regular engagement
4785-NKHCX,5,20.05,94.15,No,Month-to-month,No,0,0.473299271586901,No,Normal Risk,Continue regular engagement
3196-NVXLZ,25,84.6,2088.05,Fiber optic,Month-to-month,No,1,0.7052108570502644,Yes,High Risk,Offer contract upgrade discount
6275-YDUVO,2,86.2,178.7,Fiber optic,Month-to-month,Yes,2,0.8321922687034636,Yes,High Risk,Offer contract upgrade discount
0036-IHMOT,55,103.7,5656.75,Fiber optic,One year,No,5,0.201032024684092,No,Normal Risk,Continue regular engagement
0115-TFERT,21,111.2,2317.1,Fiber optic,Month-to-month,Yes,5,0.4631126599825541,No,Normal Risk,Continue regular engagement
4178-EGMON,70,88.0,5986.45,Fiber optic,Two year,No,3,0.01785631457025767,No,Normal Risk,Continue regular engagement
4220-TINQT,61,106.35,6751.35,Fiber optic,Month-to-month,No,4,0.6398978853640858,Yes,Normal Risk,Continue regular engagement
5318-YKDPV,43,79.15,3566.6,DSL,Two year,No,5,0.011128552948991548,No,Normal Risk,Continue regular engagement
7975-TZMLR,47,103.1,4889.3,Fiber optic,One year,No,4,0.37209688551402087,No,Normal Risk,Continue regular engagement
0295-QVKPB,5,63.95,318.1,DSL,Month-to-month,No,3,0.3591162653604883,No,Normal Risk,Continue regular engagement
4335-BSMJS,62,25.8,1563.95,No,Two year,No,0,0.009868647294420569,No,Normal Risk,Continue regular engagement
2311-QYMUQ,16,89.45,1430.25,Fiber optic,Month-to-month,Yes,3,0.31649548709870595,No,Normal Risk,Continue regular engagement
3643-AHCFP,7,95.6,644.35,Fiber optic,Month-to-month,Yes,2,0.8719435714202584,Yes,High Risk,Offer contract upgrade discount
9146-JRIOX,14,25.55,372.45,No,Month-to-month,No,0,0.10258966854233618,No,Normal Risk,Continue regular engagement
3104-OWCGK,60,90.95,5453.4,Fiber optic,One year,Yes,3,0.14591560164448486,No,Normal Risk,Continue regular engagement
5337-IIWKZ,34,44.85,1442.6,DSL,Month-to-month,No,3,0.13629527505628553,No,Normal Risk,Continue regular engagement
9101-BWFSS,50,108.55,5610.7,Fiber optic,One year,Yes,5,0.17697013676511583,No,Normal Risk,Continue regular engagement
9650-VBUOG,38,25.05,963.95,No,Two year,No,0,0.007181374329511279,No,Normal Risk,Continue regular engagement
3487-EARAT,70,74.1,5222.3,DSL,One year,No,5,0.007034928887087569,No,Normal Risk,Continue regular engagement
2672-TGEFF,37,88.8,3340.55,Fiber optic,Month-to-month,No,2,0.4758805207568122,No,Normal Risk,Continue regular engagement
9231-ZJYAM,4,78.85,292.8,Fiber optic,Month-to-month,Yes,1,0.8545062135827197,Yes,High Risk,Offer contract upgrade discount
4250-WAROZ,60,93.25,5774.55,Fiber optic,Month-to-month,No,3,0.18613077698997502,No,Normal Risk,Continue regular engagement
8184-WMOFI,62,71.4,4487.3,DSL,One year,No,4,0.010648568242042277,No,Normal Risk,Continue regular engagement
6982-SSHFK,1,44.4,44.4,DSL,Month-to-month,Yes,0,0.6035300891681319,Yes,Normal Risk,Continue regular engagement
6092-QZVPP,36,79.2,2854.95,DSL,Month-to-month,No,5,0.11382340952996614,No,Normal Risk,Continue regular engagement
4625-LAMOB,44,20.4,905.55,No,Two year,No,0,0.012848036003887179,No,Normal Risk,Continue regular engagement
0727-BMPLR,55,100.0,5509.3,Fiber optic,One year,Yes,3,0.47873553174953626,No,Normal Risk,Continue regular engagement
0392-BZIUW,72,105.0,7589.8,Fiber optic,Two year,No,4,0.13062682193943104,No,Normal Risk,Continue regular engagement
1038-ZAGBI,12,19.8,229.6,No,One year,Yes,0,0.15081465257494553,No,Normal Risk,Continue regular engagement
6549-NNDYT,13,30.85,394.1,DSL,Month-to-month,No,1,0.5567404299619542,Yes,Normal Risk,Continue regular engagement
3027-ZTDHO,1,89.9,89.9,Fiber optic,Month-to-month,Yes,2,0.8895569136868428,Yes,High Risk,Offer contract upgrade discount
0422-OHQHQ,15,20.55,295.95,No,One year,No,0,0.03835340893768161,No,Normal Risk,Continue regular engagement
6916-HIJSE,65,84.85,5459.2,DSL,Two year,No,6,0.043664090166246734,No,Normal Risk,Continue regular engagement
2316-ESMLS,12,33.15,444.75,DSL,One year,No,2,0.05536646673276564,No,Normal Risk,Continue regular engagement
9778-OGKQZ,72,92.0,6782.15,DSL,Two year,No,6,0.01422868120329195,No,Normal Risk,Continue regular engagement
7408-OFWXJ,72,89.8,6510.45,DSL,Two year,No,6,0.00734924912738598,No,Normal Risk,Continue regular engagement
6007-TCTST,72,115.8,8476.5,Fiber optic,Two year,No,6,0.09907586713989361,No,Normal Risk,Continue regular engagement
2252-NKNSI,52,85.15,4461.85,DSL,Two year,No,5,0.013694131915201925,No,Normal Risk,Continue regular engagement
8713-IGZSO,2,24.85,62.0,No,Month-to-month,No,0,0.359547754763402,No,Normal Risk,Continue regular engagement
7905-TVXTA,5,64.35,352.65,DSL,Month-to-month,No,3,0.45898075648708986,No,Normal Risk,Continue regular engagement
7695-PKLCZ,68,20.5,1424.9,No,Two year,No,0,0.006617228773855223,No,Normal Risk,Continue regular engagement
2382-BCKQJ,62,100.15,6413.65,Fiber optic,One year,Yes,3,0.40752926745270884,No,Normal Risk,Continue regular engagement
8374-UULRV,72,86.05,6309.65,DSL,Two year,No,5,0.017132653488001616,No,Normal Risk,Continue regular engagement
2207-NHRJK,1,50.8,50.8,DSL,Month-to-month,Yes,1,0.6282931489791848,Yes,Normal Risk,Continue regular engagement
3224-DFQNQ,66,89.0,5898.6,Fiber optic,One year,No,3,0.07780240537556204,No,Normal Risk,Continue regular engagement
5275-PMFUT,72,64.8,4719.75,DSL,Two year,No,6,0.0042775772383827435,No,Normal Risk,Continue regular engagement
4795-UXVCJ,26,19.8,457.3,No,One year,No,0,0.04041453941395355,No,Normal Risk,Continue regular engagement
9777-IQHWP,64,93.4,5822.3,Fiber optic,Two year,No,3,0.0798259971947719,No,Normal Risk,Continue regular engagement
0947-MUGVO,20,73.65,1463.5,Fiber optic,Month-to-month,Yes,1,0.44186865565937256,No,Normal Risk,Continue regular engagement
9944-HKVVB,3,95.1,307.4,Fiber optic,Month-to-month,Yes,3,0.8732932613279063,Yes,High Risk,Offer contract upgrade discount
4124-MMETB,22,94.65,2104.55,Fiber optic,Month-to-month,Yes,2,0.6570834637825456,Yes,Normal Risk,Continue regular engagement
3671-SHRSP,4,80.6,319.15,Fiber optic,Month-to-month,Yes,2,0.5374294925509527,Yes,Normal Risk,Continue regular engagement
0979-MOZQI,62,39.0,2337.45,DSL,Two year,No,2,0.03973382755666055,No,Normal Risk,Continue regular engagement
2732-ISEZX,5,20.5,104.3,No,Month-to-month,No,0,0.42843246231538784,No,Normal Risk,Continue regular engagement
3313-QKNKB,59,85.55,5084.65,Fiber optic,One year,Yes,1,0.35496319150629496,No,Normal Risk,Continue regular engagement
0323-XWWTN,3,26.4,121.25,No,Two year,No,0,0.07232516666133192,No,Normal Risk,Continue regular engagement
1937-OTUKY,72,98.2,7015.9,Fiber optic,Two year,No,4,0.10411377873557925,No,Normal Risk,Continue regular engagement
1573-LGXBA,57,97.55,5598.0,Fiber optic,One year,No,4,0.1054841451028799,No,Normal Risk,Continue regular engagement
1764-VUUMT,66,19.95,1269.1,No,Two year,No,0,0.0028014701969480815,No,Normal Risk,Continue regular engagement
5073-WXOYN,60,50.8,3027.4,DSL,Month-to-month,Yes,3,0.3586165339087576,No,Normal Risk,Continue regular engagement
4713-ZBURT,45,99.7,4634.35,Fiber optic,Two year,No,3,0.3112537815011768,No,Normal Risk,Continue regular engagement
3050-GBUSH,3,34.8,113.95,DSL,Month-to-month,No,1,0.7403046959413885,Yes,High Risk,Offer contract upgrade discount
0207-MDKNV,15,105.1,1582.75,Fiber optic,Month-to-month,Yes,5,0.48221837061470046,No,Normal Risk,Continue regular engagement
7876-AEHIG,51,60.15,3077.0,DSL,One year,No,5,0.06226012272452817,No,Normal Risk,Continue regular engagement
7945-HLKEA,60,64.75,4039.5,DSL,One year,No,3,0.036500622157640154,No,Normal Risk,Continue regular engagement
9342-VNIMQ,33,54.65,1665.2,DSL,Month-to-month,No,1,0.3796587963952323,No,Normal Risk,Continue regular engagement
9851-KIELU,10,110.1,1043.3,Fiber optic,Month-to-month,Yes,6,0.4863284795951131,No,Normal Risk,Continue regular engagement
3523-BRGUW,26,19.3,504.2,No,One year,No,0,0.030890565606187085,No,Normal Risk,Continue regular engagement
3908-BLSYF,6,83.9,497.55,Fiber optic,Month-to-month,Yes,2,0.8488991459927823,Yes,High Risk,Offer contract upgrade discount
3199-NPKCN,67,111.25,7511.65,Fiber optic,One year,No,5,0.23895156031246587,No,Normal Risk,Continue regular engagement
5170-PTRKA,49,35.8,1782.0,DSL,One year,No,2,0.013655980050661662,No,Normal Risk,Continue regular engagement
4661-NJEUX,1,20.05,20.05,No,Month-to-month,No,0,0.3945276154180702,No,Normal Risk,Continue regular engagement
2123-AGEEN,7,84.35,609.65,Fiber optic,Month-to-month,No,2,0.8206534879650718,Yes,High Risk,Offer contract upgrade discount
1258-YMZNM,27,110.5,2857.6,Fiber optic,One year,No,5,0.3645504980838093,No,Normal Risk,Continue regular engagement
0048-LUMLS,37,91.2,3247.55,Fiber optic,One year,No,2,0.22574862485396732,No,Normal Risk,Continue regular engagement
7549-MYGPK,63,100.55,6215.35,Fiber optic,Month-to-month,Yes,4,0.25704349848527336,No,Normal Risk,Continue regular engagement
5898-IGSLP,31,89.3,2823.0,Fiber optic,Month-to-month,No,3,0.1535956185135083,No,Normal Risk,Continue regular engagement
3804-RVTGV,50,103.85,5017.9,Fiber optic,Month-to-month,Yes,4,0.4987008446701968,No,Normal Risk,Continue regular engagement
6259-WJQLC,32,81.1,2619.25,Fiber optic,Month-to-month,No,1,0.44559083489139767,No,Normal Risk,Continue regular engagement
9227-LUNBG,1,24.6,24.6,DSL,Month-to-month,Yes,0,0.8116553681544785,Yes,High Risk,Offer contract upgrade discount
7997-EASSD,63,81.2,4965.1,Fiber optic,One year,No,1,0.13202527114005994,No,Normal Risk,Continue regular engagement
0730-KOAVE,30,94.3,2679.7,Fiber optic,Month-to-month,No,3,0.3354094379432835,No,Normal Risk,Continue regular engagement
8975-SKGRX,71,116.1,8310.55,Fiber optic,Two year,No,6,0.1325450557285562,No,Normal Risk,Continue regular engagement
0678-RLHVP,53,105.55,5682.25,Fiber optic,Two year,No,4,0.34280585231641686,No,Normal Risk,Continue regular engagement
4315-MURBD,12,98.9,1120.95,Fiber optic,Month-to-month,Yes,4,0.758239431538798,Yes,High Risk,Offer contract upgrade discount
2267-FPIMA,50,94.4,4914.9,Fiber optic,Month-to-month,No,3,0.27269218636359854,No,Normal Risk,Continue regular engagement
1051-GEJLJ,2,19.5,27.55,No,Month-to-month,No,0,0.420995536647862,No,Normal Risk,Continue regular engagement
9734-YWGEX,9,98.3,923.5,Fiber optic,Month-to-month,Yes,3,0.7753745882509966,Yes,High Risk,Offer contract upgrade discount
2719-BDAQO,17,93.85,1625.65,Fiber optic,Month-to-month,Yes,3,0.6075492801400656,Yes,Normal Risk,Continue regular engagement
5285-MVEHD,56,105.6,6068.65,Fiber optic,One year,No,5,0.17402264826791125,No,Normal Risk,Continue regular engagement
0379-DJQHR,67,81.35,5398.6,DSL,Two year,No,5,0.010349969794551023,No,Normal Risk,Continue regular engagement
0781-LKXBR,9,100.5,918.6,Fiber optic,Month-to-month,Yes,3,0.8200790231742223,Yes,High Risk,Offer contract upgrade discount
5543-QDCRY,4,56.4,234.85,DSL,Month-to-month,No,1,0.756391305370276,Yes,High Risk,Offer contract upgrade discount
0297-RBCSG,19,65.35,1231.85,DSL,One year,No,3,0.17453339149534508,No,Normal Risk,Continue regular engagement
4694-PHWFW,8,19.95,170.9,No,Month-to-month,No,0,0.248502102897679,No,Normal Risk,Continue regular engagement
0835-JKADZ,71,111.25,7984.15,Fiber optic,Two year,No,5,0.24325062239532677,No,Normal Risk,Continue regular engagement
1907-UBQFC,10,72.85,688.65,Fiber optic,Month-to-month,Yes,1,0.677101108576304,Yes,Normal Risk,Continue regular engagement
7508-SMHXL,15,89.0,1288.3,Fiber optic,Month-to-month,No,2,0.48352290721178887,No,Normal Risk,Continue regular engagement
3865-YIOTT,72,106.1,7848.5,Fiber optic,One year,No,4,0.2556971642442811,No,Normal Risk,Continue regular engagement
5993-BQHEA,12,20.05,267.0,No,One year,No,0,0.11093204552992254,No,Normal Risk,Continue regular engagement
6024-RUGGH,72,25.2,1798.9,No,Two year,No,0,0.005591223359241327,No,Normal Risk,Continue regular engagement
6513-EECDB,1,73.55,73.55,Fiber optic,Month-to-month,Yes,0,0.7540033381840243,Yes,High Risk,Offer contract upgrade discount
3956-CJUST,23,75.4,1643.55,Fiber optic,Month-to-month,No,1,0.6022088993322746,Yes,Normal Risk,Continue regular engagement
4079-WWQQQ,72,65.55,4807.45,DSL,Two year,No,6,0.027713378177944992,No,Normal Risk,Continue regular engagement
6103-BOCOU,26,80.7,2193.0,Fiber optic,Month-to-month,No,1,0.7246302734425404,Yes,High Risk,Offer contract upgrade discount
5149-TGWDZ,21,104.55,2239.4,Fiber optic,One year,No,5,0.2337507406108875,No,Normal Risk,Continue regular engagement
7471-WNSUF,60,24.15,1505.9,No,One year,No,0,0.02311475210859385,No,Normal Risk,Continue regular engagement
8942-DBMHZ,12,20.45,255.35,No,Month-to-month,No,0,0.28869583155200335,No,Normal Risk,Continue regular engagement
4301-VVZKA,16,75.4,1189.4,Fiber optic,Month-to-month,No,0,0.6527435672937061,Yes,Normal Risk,Continue regular engagement
9199-PWQVC,63,79.7,4786.15,DSL,One year,No,4,0.045699937102522924,No,Normal Risk,Continue regular engagement
4824-GUCBY,22,81.7,1820.9,Fiber optic,Month-to-month,No,2,0.43662180324674615,No,Normal Risk,Continue regular engagement
5393-HJZSM,32,76.3,2404.15,DSL,Month-to-month,No,5,0.10571093352138645,No,Normal Risk,Continue regular engagement
7074-IEVOJ,3,79.4,205.05,Fiber optic,Month-to-month,Yes,1,0.7731738575850815,Yes,High Risk,Offer contract upgrade discount
9625-QSTYE,13,81.15,952.3,Fiber optic,Month-to-month,Yes,2,0.6419066616473456,Yes,Normal Risk,Continue regular engagement
0862-PRCBS,68,103.75,7039.45,Fiber optic,Two year,No,4,0.06293253687553386,No,Normal Risk,Continue regular engagement
8812-ZRHFP,30,86.45,2538.05,Fiber optic,One year,No,2,0.32456712218740613,No,Normal Risk,Continue regular engagement
5146-CBVOE,16,75.1,1212.85,Fiber optic,Month-to-month,No,1,0.7419469122819254,Yes,High Risk,Offer contract upgrade discount
0454-OKRCT,33,80.6,2651.1,Fiber optic,Two year,No,2,0.18581551159577242,No,Normal Risk,Continue regular engagement
5787-KXGIY,72,19.3,1304.8,No,Two year,No,0,0.002859142047846406,No,Normal Risk,Continue regular engagement
4750-ZRXIU,4,84.6,360.1,Fiber optic,Month-to-month,Yes,1,0.865775070428677,Yes,High Risk,Offer contract upgrade discount
4198-VFOEA,12,33.6,435.45,DSL,One year,No,2,0.14803215670216593,No,Normal Risk,Continue regular engagement
6630-UJZMY,4,83.25,308.05,Fiber optic,Month-to-month,No,1,0.80999651613513,Yes,High Risk,Offer contract upgrade discount
5709-LVOEQ,0,80.85,,DSL,Two year,No,5,0.064120020079454,No,Normal Risk,Continue regular engagement
6400-BWQKW,6,79.05,434.5,Fiber optic,Month-to-month,Yes,1,0.7501634311721753,Yes,High Risk,Offer contract upgrade discount
2692-AQCPF,65,108.05,7118.9,Fiber optic,One year,No,5,0.15187793391241497,No,Normal Risk,Continue regular engagement
0347-UBKUZ,15,19.9,320.45,No,Month-to-month,No,0,0.19588803476134464,No,Normal Risk,Continue regular engagement
0835-DUUIQ,24,21.05,531.55,No,One year,No,0,0.07882126462644257,No,Normal Risk,Continue regular engagement
0811-GSDTP,13,30.15,382.2,DSL,Month-to-month,No,1,0.3621796515164663,No,Normal Risk,Continue regular engagement
7567-ECMCM,24,79.85,2001.0,Fiber optic,Month-to-month,No,1,0.6045157777841721,Yes,Normal Risk,Continue regular engagement
6115-ZTBFQ,72,65.5,4919.7,DSL,Two year,No,6,0.027383872626140057,No,Normal Risk,Continue regular engagement
6353-BRMMA,54,104.1,5645.8,Fiber optic,Month-to-month,No,4,0.4681799353163521,No,Normal Risk,Continue regular engagement
6680-WKXRZ,3,74.4,215.8,Fiber optic,Month-to-month,Yes,0,0.9034916135581134,Yes,High Risk,Offer contract upgrade discount
6231-WFGFH,4,20.5,77.6,No,Month-to-month,No,0,0.20488410730787304,No,Normal Risk,Continue regular engagement
9904-EHEVJ,32,91.35,2896.55,Fiber optic,Month-to-month,No,2,0.40626640791640295,No,Normal Risk,Continue regular engagement
7028-DVOIQ,35,99.05,3395.8,Fiber optic,Month-to-month,Yes,3,0.6664628164186978,Yes,Normal Risk,Continue regular engagement
6169-PPETC,35,20.5,759.35,No,Two year,No,0,0.02104680206651918,No,Normal Risk,Continue regular engagement
4208-UFFGW,2,44.95,85.15,DSL,Month-to-month,Yes,0,0.5419655644992003,Yes,Normal Risk,Continue regular engagement
8584-KMVXD,8,75.6,535.55,Fiber optic,Month-to-month,No,1,0.8072998636224388,Yes,High Risk,Offer contract upgrade discount
8467-WYNSR,22,55.1,1253.15,DSL,Month-to-month,No,2,0.11145221021303035,No,Normal Risk,Continue regular engagement
0851-DFJKB,15,58.95,955.15,DSL,Month-to-month,No,3,0.17887255440467256,No,Normal Risk,Continue regular engagement
5382-SOYZL,22,95.1,2162.6,Fiber optic,Month-to-month,No,2,0.7826249072753265,Yes,High Risk,Offer contract upgrade discount
9448-REEVD,1,44.7,44.7,DSL,Month-to-month,Yes,0,0.5114568560532168,Yes,Normal Risk,Continue regular engagement
3261-CQXOL,71,25.45,1813.35,No,Two year,No,0,0.007291907658478344,No,Normal Risk,Continue regular engagement
8388-FYNPZ,4,56.75,245.15,DSL,Month-to-month,No,2,0.4869978438465719,No,Normal Risk,Continue regular engagement
4002-BQWPQ,25,81.75,2028.8,DSL,Month-to-month,No,5,0.2015960254856085,No,Normal Risk,Continue regular engagement
5651-YLPRD,32,86.1,2723.75,Fiber optic,Month-to-month,No,2,0.5240460983597431,Yes,Normal Risk,Continue regular engagement
2826-DXLQO,7,29.8,220.45,DSL,Month-to-month,No,1,0.535202961084156,Yes,Normal Risk,Continue regular engagement
4378-BZYFP,17,20.5,365.8,No,One year,No,0,0.06609919985150185,No,Normal Risk,Continue regular engagement
9489-UTFKA,8,60.9,551.95,DSL,Month-to-month,No,2,0.5254618593434255,Yes,Normal Risk,Continue regular engagement
4849-PYRLQ,56,73.25,4054.2,DSL,Two year,No,4,0.03187326058989882,No,Normal Risk,Continue regular engagement
9117-SHLZX,1,45.7,45.7,DSL,Month-to-month,Yes,0,0.6424893971958483,Yes,Normal Risk,Continue regular engagement
9889-TMAHG,8,100.3,832.35,Fiber optic,Month-to-month,Yes,4,0.4412304487750347,No,Normal Risk,Continue regular engagement
4541-RMRLG,7,19.25,112.3,No,Month-to-month,Yes,0,0.4058680281865171,No,Normal Risk,Continue regular engagement
7764-BDPEE,3,20.85,60.65,No,Month-to-month,No,0,0.2478773585498065,No,Normal Risk,Continue regular engagement
3429-IFLEM,71,77.35,5550.1,DSL,Two year,No,5,0.012536285805466773,No,Normal Risk,Continue regular engagement
3158-MOERK,2,96.0,174.8,Fiber optic,Month-to-month,Yes,2,0.9156770408808077,Yes,High Risk,Offer contract upgrade discount
7294-TMAOP,1,90.55,90.55,Fiber optic,Month-to-month,Yes,2,0.9112750388341742,Yes,High Risk,Offer contract upgrade discount
5002-GCQFH,49,93.85,4733.1,Fiber optic,Month-to-month,No,3,0.46752812186878967,No,Normal Risk,Continue regular engagement
0556-FJEGU,58,70.1,4048.95,DSL,Two year,No,4,0.04392286920936886,No,Normal Risk,Continue regular engagement
8919-FYFQZ,44,30.35,1359.7,DSL,Month-to-month,Yes,1,0.16614378125499185,No,Normal Risk,Continue regular engagement
0604-THJFP,59,75.95,4542.35,DSL,Two year,No,4,0.020200591100393742,No,Normal Risk,Continue regular engagement
2834-JRTUA,71,108.05,7532.15,Fiber optic,Two year,Yes,5,0.10632126173017725,No,Normal Risk,Continue regular engagement
5875-YPQFJ,1,69.9,69.9,Fiber optic,Month-to-month,Yes,0,0.8533542665602695,Yes,High Risk,Offer contract upgrade discount
5879-SESNB,11,75.25,888.65,Fiber optic,Month-to-month,No,0,0.8581312120417585,Yes,High Risk,Offer contract upgrade discount
6646-QVXLR,62,103.75,6383.35,Fiber optic,One year,Yes,4,0.24959026093494427,No,Normal Risk,Continue regular engagement
6461-PPAXN,35,54.95,1916.0,DSL,One year,No,2,0.04758506931969458,No,Normal Risk,Continue regular engagement
3318-ISQFQ,20,19.5,413.0,No,Month-to-month,No,0,0.3186313237103282,No,Normal Risk,Continue regular engagement
1106-HRLKZ,40,19.6,808.95,No,Two year,No,0,0.007102983253980845,No,Normal Risk,Continue regular engagement
2483-XSSMZ,39,47.85,1886.4,DSL,One year,No,1,0.09715188869639087,No,Normal Risk,Continue regular engagement
8603-IJWDN,1,86.6,86.6,Fiber optic,Month-to-month,Yes,1,0.8849688096518075,Yes,High Risk,Offer contract upgrade discount
8165-ZJRNM,72,23.75,1679.25,No,Two year,No,0,0.005818182022734811,No,Normal Risk,Continue regular engagement
9369-XFEHK,33,80.6,2656.5,Fiber optic,Month-to-month,Yes,1,0.630043516524327,Yes,Normal Risk,Continue regular engagement
2604-XVDAM,12,43.8,540.95,DSL,Month-to-month,No,0,0.7554918762472559,Yes,High Risk,Offer contract upgrade discount
3717-OFRTN,1,19.75,19.75,No,Month-to-month,No,0,0.5729336025779327,Yes,Normal Risk,Continue regular engagement
9046-JBFWA,27,19.15,537.35,No,Month-to-month,No,0,0.06496059561388953,No,Normal Risk,Continue regular engagement
3280-NMUVX,34,19.6,678.8,No,One year,No,0,0.013170527366182011,No,Normal Risk,Continue regular engagement
1206-EHBDD,56,80.3,4513.65,Fiber optic,Two year,No,2,0.14902323796558406,No,Normal Risk,Continue regular engagement
8361-LBRDI,58,24.35,1423.85,No,Two year,No,0,0.009474591142438182,No,Normal Risk,Continue regular engagement
4883-KCPZJ,22,25.25,555.4,No,Two year,No,0,0.014900452686910724,No,Normal Risk,Continue regular engagement
9108-EQPNQ,10,26.1,225.55,No,Two year,No,0,0.04440705275316671,No,Normal Risk,Continue regular engagement
7277-KAMWT,13,20.0,268.45,No,Two year,No,0,0.036079605488053355,No,Normal Risk,Continue regular engagement
3842-IYKUE,35,85.3,2917.5,Fiber optic,Month-to-month,Yes,2,0.3374425610599122,No,Normal Risk,Continue regular engagement
6641-XRPSU,34,70.0,2416.1,Fiber optic,Month-to-month,Yes,0,0.5871317806237873,Yes,Normal Risk,Continue regular engagement
1374-DMZUI,4,94.3,424.45,Fiber optic,Month-to-month,Yes,2,0.8812411092833365,Yes,High Risk,Offer contract upgrade discount
2545-LXYVJ,72,20.7,1492.1,No,Two year,No,0,0.00888927461513058,No,Normal Risk,Continue regular engagement
3234-VKACU,2,70.3,132.4,DSL,Month-to-month,No,3,0.6328702063483471,Yes,Normal Risk,Continue regular engagement
8357-EQXFO,7,95.35,660.9,Fiber optic,Month-to-month,Yes,3,0.8866253246420766,Yes,High Risk,Offer contract upgrade discount
1989-PRJHP,27,75.5,1893.95,Fiber optic,Month-to-month,Yes,0,0.5694139831386194,Yes,Normal Risk,Continue regular engagement
8120-JDCAM,4,69.55,284.9,Fiber optic,Month-to-month,No,0,0.6014876519630864,Yes,Normal Risk,Continue regular engagement
8917-FAEMR,37,19.85,784.25,No,Two year,No,0,0.02453790712437702,No,Normal Risk,Continue regular engagement
7047-YXDMZ,21,20.0,417.7,No,Month-to-month,No,0,0.1280282836007275,No,Normal Risk,Continue regular engagement
2858-EIMXH,53,95.85,5016.25,Fiber optic,One year,No,2,0.33651978357742723,No,Normal Risk,Continue regular engagement
9524-EGPJC,18,90.1,1612.75,Fiber optic,Month-to-month,Yes,2,0.6695675989020143,Yes,Normal Risk,Continue regular engagement
6993-OHLXR,2,68.95,119.75,Fiber optic,Month-to-month,Yes,0,0.8651253594092546,Yes,High Risk,Offer contract upgrade discount
8818-XYFCQ,32,99.55,3204.65,Fiber optic,Month-to-month,Yes,3,0.30461948094455704,No,Normal Risk,Continue regular engagement
6419-ZTTLE,23,20.75,485.2,No,One year,No,0,0.049602389201323635,No,Normal Risk,Continue regular engagement
0929-HYQEW,3,50.15,160.85,DSL,Month-to-month,No,1,0.43980632377453377,No,Normal Risk,Continue regular engagement
6614-YOLAC,71,58.65,4145.25,DSL,Two year,No,5,0.0060230879778263606,No,Normal Risk,Continue regular engagement
7426-RHZGU,9,95.9,827.45,Fiber optic,Month-to-month,No,3,0.8567603735449875,Yes,High Risk,Offer contract upgrade discount
4065-JJAVA,1,49.5,49.5,DSL,Month-to-month,No,1,0.6668030927577376,Yes,Normal Risk,Continue regular engagement
4695-VADHF,18,57.45,990.85,DSL,Month-to-month,Yes,2,0.21812276601872602,No,Normal Risk,Continue regular engagement
3863-IUBJR,12,53.65,696.35,DSL,One year,Yes,1,0.15274579512864125,No,Normal Risk,Continue regular engagement
7649-SIJJF,71,80.1,5585.4,DSL,Two year,No,5,0.008138485521513176,No,Normal Risk,Continue regular engagement
9361-YNQWJ,64,24.4,1601.2,No,One year,No,0,0.03574151782512456,No,Normal Risk,Continue regular engagement
3748-FVMZZ,4,40.05,162.45,DSL,Month-to-month,No,2,0.6722468015484065,Yes,Normal Risk,Continue regular engagement
9391-TTOYH,23,19.5,470.2,No,Month-to-month,No,0,0.15509517431900524,No,Normal Risk,Continue regular engagement
1452-XRSJV,39,51.05,2066.0,DSL,Month-to-month,No,1,0.08332308897362756,No,Normal Risk,Continue regular engagement
3422-WJOYD,28,54.35,1426.45,DSL,One year,No,2,0.03044867311103518,No,Normal Risk,Continue regular engagement
8242-SOQUO,5,84.7,392.5,Fiber optic,Month-to-month,No,2,0.8018226321612494,Yes,High Risk,Offer contract upgrade discount
7460-ITWWP,45,86.1,3861.45,Fiber optic,Month-to-month,No,2,0.6140474164520231,Yes,Normal Risk,Continue regular engagement
7147-AYBAA,37,70.35,2552.9,Fiber optic,Month-to-month,No,0,0.5428124265276068,Yes,Normal Risk,Continue regular engagement
7868-TMWMZ,60,110.0,6668.35,Fiber optic,Two year,No,6,0.11317925313785726,No,Normal Risk,Continue regular engagement
4822-RVYBB,8,100.6,819.4,Fiber optic,Month-to-month,Yes,3,0.8223118690323032,Yes,High Risk,Offer contract upgrade discount
6732-FZUGP,47,94.9,4615.25,Fiber optic,One year,No,3,0.2022012148851089,No,Normal Risk,Continue regular engagement
8436-BJUMM,26,83.75,2070.6,Fiber optic,Month-to-month,Yes,1,0.5190848647943955,Yes,Normal Risk,Continue regular engagement
4184-TJFAN,3,88.3,273.75,Fiber optic,Month-to-month,Yes,3,0.2874376836935738,No,Normal Risk,Continue regular engagement
8329-GWVPJ,50,69.75,3557.7,Fiber optic,Month-to-month,No,0,0.5372459008939225,Yes,Normal Risk,Continue regular engagement
1352-VHKAJ,27,71.6,1957.1,DSL,Month-to-month,No,3,0.24094314748207568,No,Normal Risk,Continue regular engagement
4145-UQXUQ,8,92.1,729.95,Fiber optic,Month-to-month,Yes,3,0.8230166090036792,Yes,High Risk,Offer contract upgrade discount
2632-TACXW,62,23.65,1416.75,No,Two year,No,0,0.01501683022567676,No,Normal Risk,Continue regular engagement
8146-QQKZH,71,81.85,5924.4,DSL,Two year,No,5,0.050649300272040794,No,Normal Risk,Continue regular engagement
1767-CJKBA,66,25.1,1697.7,No,Two year,No,0,0.006791549768403788,No,Normal Risk,Continue regular engagement
6445-TNRXS,68,114.7,7849.85,Fiber optic,Two year,No,6,0.0681818998669734,No,Normal Risk,Continue regular engagement
4581-LNWUM,13,49.15,649.4,DSL,Month-to-month,No,3,0.6303163868554472,Yes,Normal Risk,Continue regular engagement
4869-EPIUS,56,80.9,4557.5,Fiber optic,One year,No,1,0.36873454140613027,No,Normal Risk,Continue regular engagement
9948-YPTDG,38,79.45,3013.05,Fiber optic,Month-to-month,Yes,2,0.32204037231534055,No,Normal Risk,Continue regular engagement
1236-WFCDV,14,90.45,1266.1,Fiber optic,Month-to-month,Yes,2,0.6121687598548381,Yes,Normal Risk,Continue regular engagement
1915-OAKWD,16,19.3,360.35,No,One year,No,0,0.09953591924241437,No,Normal Risk,Continue regular engagement
7296-PIXQY,14,70.2,1046.5,Fiber optic,Month-to-month,No,0,0.5724991636426556,Yes,Normal Risk,Continue regular engagement
4883-QICIH,32,69.75,2347.9,Fiber optic,Month-to-month,Yes,0,0.5643470246527168,Yes,Normal Risk,Continue regular engagement
3354-OADJP,8,54.25,447.75,DSL,One year,No,2,0.24912968383808276,No,Normal Risk,Continue regular engagement
3524-WQDSG,43,99.3,4209.95,Fiber optic,Month-to-month,No,3,0.6746610441283417,Yes,Normal Risk,Continue regular engagement
0810-DHDBD,52,74.0,3877.65,DSL,One year,No,4,0.030835261522067284,No,Normal Risk,Continue regular engagement
4026-SKKHW,3,50.25,152.3,DSL,Month-to-month,No,1,0.4568952574300646,No,Normal Risk,Continue regular engagement
2829-HYVZP,29,19.8,572.2,No,One year,No,0,0.04532527683273212,No,Normal Risk,Continue regular engagement
8329-IBCTI,1,19.65,19.65,No,Month-to-month,Yes,0,0.43466427537878477,No,Normal Risk,Continue regular engagement
1271-SJBGZ,12,43.65,526.95,DSL,Month-to-month,Yes,3,0.4619397986835954,No,Normal Risk,Continue regular engagement
3845-JHAMY,16,35.5,552.7,DSL,Month-to-month,No,1,0.31860228120256584,No,Normal Risk,Continue regular engagement
7013-PSXHK,40,80.75,3208.65,DSL,One year,No,4,0.1326965704882784,No,Normal Risk,Continue regular engagement
5669-SRAIP,5,39.5,210.75,DSL,Month-to-month,Yes,2,0.7767814351764998,Yes,High Risk,Offer contract upgrade discount
5981-ITEMU,40,97.1,3706.95,Fiber optic,Month-to-month,Yes,2,0.813387366192765,Yes,High Risk,Offer contract upgrade discount
3486-NPGST,36,19.55,620.75,No,One year,No,0,0.03964682320374377,No,Normal Risk,Continue regular engagement
6941-PMGEP,5,80.0,412.5,Fiber optic,Month-to-month,Yes,1,0.8966853346557592,Yes,High Risk,Offer contract upgrade discount
1624-WOIWJ,10,84.7,832.05,Fiber optic,Month-to-month,Yes,2,0.7024395592480446,Yes,High Risk,Offer contract upgrade discount
2074-GKOWZ,2,89.55,185.55,Fiber optic,Month-to-month,Yes,2,0.8318335277212556,Yes,High Risk,Offer contract upgrade discount
0376-YMCJC,23,90.6,1943.2,Fiber optic,Month-to-month,Yes,2,0.5810359126096366,Yes,Normal Risk,Continue regular engagement
6100-FJZDG,26,20.05,505.9,No,One year,No,0,0.05031855927452651,No,Normal Risk,Continue regular engagement
4829-ZLJTK,72,112.4,8046.85,Fiber optic,Two year,No,5,0.16135200696317153,No,Normal Risk,Continue regular engagement
1730-VFMWO,34,50.2,1815.3,DSL,Month-to-month,No,1,0.3309027052128758,No,Normal Risk,Continue regular engagement
7143-BQIBA,10,62.25,612.95,DSL,Month-to-month,No,3,0.40111421115215556,No,Normal Risk,Continue regular engagement
3800-LYTRK,14,55.7,795.15,DSL,One year,No,2,0.07072199225306355,No,Normal Risk,Continue regular engagement
0634-SZPQA,23,90.05,2169.8,Fiber optic,Month-to-month,Yes,2,0.7242406585814347,Yes,High Risk,Offer contract upgrade discount
9646-NMHXE,47,19.65,973.1,No,Two year,No,0,0.009803789021041329,No,Normal Risk,Continue regular engagement
7030-NJVDP,24,89.25,2210.2,Fiber optic,Month-to-month,No,3,0.34945246494782106,No,Normal Risk,Continue regular engagement
5536-RTPWK,49,99.05,4853.75,Fiber optic,Month-to-month,Yes,3,0.7011134833597552,Yes,High Risk,Offer contract upgrade discount
8883-GRDWQ,20,54.0,1055.9,DSL,One year,No,2,0.03201746177151421,No,Normal Risk,Continue regular engagement
6166-ILMNY,2,69.75,144.55,Fiber optic,Month-to-month,Yes,0,0.9101038680613948,Yes,High Risk,Offer contract upgrade discount
3097-NNSPB,2,49.05,91.1,DSL,Month-to-month,Yes,1,0.5312809568874797,Yes,Normal Risk,Continue regular engagement
7771-ZONAT,22,56.75,1304.85,DSL,Two year,No,4,0.17717077243020793,No,Normal Risk,Continue regular engagement
0655-RBDUG,7,98.05,713.0,Fiber optic,Month-to-month,Yes,3,0.8805837687512584,Yes,High Risk,Offer contract upgrade discount
2111-DWYHN,1,21.1,21.1,No,Month-to-month,No,0,0.39636863825187196,No,Normal Risk,Continue regular engagement
4194-WHFCB,59,96.65,5580.8,Fiber optic,Month-to-month,No,3,0.43111193379289114,No,Normal Risk,Continue regular engagement
4121-AGSIN,58,24.5,1497.9,No,One year,No,0,0.007820605725581142,No,Normal Risk,Continue regular engagement
4361-BKAXE,41,114.5,4527.45,Fiber optic,Month-to-month,Yes,6,0.4924492493438314,No,Normal Risk,Continue regular engagement
9845-PEEKO,59,79.2,4590.35,Fiber optic,Two year,No,1,0.09182000408939375,No,Normal Risk,Continue regular engagement
0455-XFASS,3,69.55,200.2,Fiber optic,Month-to-month,No,0,0.753438422978721,Yes,High Risk,Offer contract upgrade discount
0301-KOBTQ,32,20.05,614.45,No,Two year,No,0,0.05327875124797221,No,Normal Risk,Continue regular engagement
1751-NCDLI,46,98.85,4564.9,Fiber optic,Month-to-month,No,3,0.5923145596642737,Yes,Normal Risk,Continue regular engagement
4367-NUYAO,0,25.75,,No,Two year,No,0,0.05607594363952776,No,Normal Risk,Continue regular engagement
9878-TNQGW,2,80.95,171.15,Fiber optic,Month-to-month,Yes,1,0.8820670948383686,Yes,High Risk,Offer contract upgrade discount
9170-ARBTB,52,19.6,1012.4,No,One year,No,0,0.008319639393367965,No,Normal Risk,Continue regular engagement
4441-NIHPT,13,74.3,940.35,Fiber optic,Month-to-month,Yes,1,0.647819719557084,Yes,Normal Risk,Continue regular engagement
8999-BOHSE,11,89.7,1047.7,Fiber optic,Month-to-month,Yes,2,0.9089462613702678,Yes,High Risk,Offer contract upgrade discount
7241-AJHFS,32,87.65,2766.4,Fiber optic,Month-to-month,No,2,0.4917049474208116,No,Normal Risk,Continue regular engagement
7029-RPUAV,17,100.45,1622.45,Fiber optic,Month-to-month,Yes,3,0.49337504906831536,No,Normal Risk,Continue regular engagement
4546-FOKWR,16,74.75,1129.35,Fiber optic,Month-to-month,No,0,0.622213150706982,Yes,Normal Risk,Continue regular engagement
9036-CSKBW,51,107.45,5680.9,Fiber optic,One year,No,5,0.3547247460590831,No,Normal Risk,Continue regular engagement
5832-TRLPB,29,75.35,2243.9,DSL,One year,No,4,0.23389187465755612,No,Normal Risk,Continue regular engagement
8590-YFFQO,70,64.95,4523.25,DSL,Two year,No,4,0.003831047249394009,No,Normal Risk,Continue regular engagement
8659-IOOPU,71,100.45,7159.7,Fiber optic,Two year,No,4,0.05293070924943325,No,Normal Risk,Continue regular engagement
1338-CECEE,41,68.5,2839.95,DSL,One year,No,3,0.0733785927946169,No,Normal Risk,Continue regular engagement
7439-DKZTW,1,80.55,80.55,Fiber optic,Month-to-month,No,1,0.8753784458788427,Yes,High Risk,Offer contract upgrade discount
4646-QZXTF,7,81.25,580.1,DSL,Month-to-month,No,5,0.48751253686729545,No,Normal Risk,Continue regular engagement
4607-CHPCA,25,90.4,2178.6,Fiber optic,One year,Yes,2,0.3766466457020378,No,Normal Risk,Continue regular engagement
9742-XOKTS,67,89.55,6038.55,Fiber optic,One year,No,3,0.036284191216828555,No,Normal Risk,Continue regular engagement
6921-OZMFH,5,55.7,259.4,DSL,Month-to-month,No,1,0.256189794741653,No,Normal Risk,Continue regular engagement
9578-FOMUK,15,24.8,324.15,No,Month-to-month,No,0,0.1405524635379537,No,Normal Risk,Continue regular engagement
4712-UYOOI,20,20.0,417.65,No,Month-to-month,No,0,0.1172301477414017,No,Normal Risk,Continue regular engagement
8824-RWFXJ,3,56.15,168.15,DSL,Month-to-month,Yes,2,0.27581248673255865,No,Normal Risk,Continue regular engagement
7722-CVFXN,54,105.2,5637.85,Fiber optic,One year,No,4,0.1618547985961619,No,Normal Risk,Continue regular engagement
8717-VCTXJ,42,19.55,839.4,No,One year,No,0,0.027069611936224126,No,Normal Risk,Continue regular engagement
7363-QTBIW,9,79.75,769.1,Fiber optic,Month-to-month,No,1,0.8636269382069032,Yes,High Risk,Offer contract upgrade discount
4159-NAAIX,63,97.45,6253.0,Fiber optic,Two year,No,3,0.38469694181503133,No,Normal Risk,Continue regular engagement
0971-QIFJK,69,24.25,1641.8,No,Two year,No,0,0.012317442250419213,No,Normal Risk,Continue regular engagement
9397-TZSHA,69,24.6,1678.05,No,Two year,No,0,0.006327528776368694,No,Normal Risk,Continue regular engagement
3391-JSQEW,40,50.15,2058.5,DSL,Month-to-month,No,1,0.15961541429699647,No,Normal Risk,Continue regular engagement
0343-QLUZP,60,39.6,2424.5,DSL,Two year,No,3,0.02343397350372454,No,Normal Risk,Continue regular engagement
9763-PDTKK,4,94.4,387.2,Fiber optic,Month-to-month,Yes,4,0.7026955081818606,Yes,High Risk,Offer contract upgrade discount
2176-LVPNX,71,89.85,6293.45,DSL,Two year,No,6,0.014552978510260151,No,Normal Risk,Continue regular engagement
7627-JKIAZ,37,78.95,2839.65,Fiber optic,Month-to-month,Yes,1,0.4376509345131077,No,Normal Risk,Continue regular engagement
3312-UUMZW,32,98.85,3145.9,Fiber optic,Month-to-month,No,3,0.5002796015005067,Yes,Normal Risk,Continue regular engagement
1271-UODNO,39,53.85,2200.7,DSL,Two year,No,1,0.033201501326307115,No,Normal Risk,Continue regular engagement
8461-EFQYM,38,24.25,914.4,No,One year,No,0,0.06161466513186041,No,Normal Risk,Continue regular engagement
6900-RBKER,52,89.45,4577.75,Fiber optic,Two year,No,2,0.1667852206255673,No,Normal Risk,Continue regular engagement
6891-JPYFF,48,105.25,4997.5,Fiber optic,Month-to-month,No,4,0.2731025983166103,No,Normal Risk,Continue regular engagement
1459-QNFQT,70,59.5,4144.8,DSL,Two year,No,5,0.013524825525162258,No,Normal Risk,Continue regular engagement
1047-NNCBF,20,70.55,1493.55,Fiber optic,Month-to-month,No,0,0.5527170646937875,Yes,Normal Risk,Continue regular engagement
3696-XRIEN,50,82.5,4179.1,DSL,One year,No,5,0.04355389233444931,No,Normal Risk,Continue regular engagement
4081-DYXAV,19,44.85,893.55,DSL,One year,Yes,2,0.3004260056039336,No,Normal Risk,Continue regular engagement
0074-HDKDG,25,61.6,1611.0,DSL,One year,No,3,0.056868472423561044,No,Normal Risk,Continue regular engagement
8791-GFXLZ,12,49.05,593.05,DSL,Month-to-month,No,1,0.6329882748244174,Yes,Normal Risk,Continue regular engagement
8111-SLLHI,39,105.65,4284.8,Fiber optic,Month-to-month,Yes,4,0.5747043973192547,Yes,Normal Risk,Continue regular engagement
0927-LCSMG,7,74.65,544.55,Fiber optic,Month-to-month,Yes,1,0.7067497683642593,Yes,High Risk,Offer contract upgrade discount
9330-DHBFL,23,66.25,1533.8,DSL,One year,No,4,0.01572644627321435,No,Normal Risk,Continue regular engagement
0098-BOWSO,27,19.4,529.8,No,Month-to-month,No,0,0.1730831016365359,No,Normal Risk,Continue regular engagement
3452-ABWRL,47,86.05,3865.6,Fiber optic,Month-to-month,No,1,0.4922182812726286,No,Normal Risk,Continue regular engagement
5859-HZYLF,26,19.15,515.75,No,Two year,No,0,0.01101733984005402,No,Normal Risk,Continue regular engagement
8257-RZAHR,14,64.7,941.0,DSL,Month-to-month,Yes,2,0.45714811457421506,No,Normal Risk,Continue regular engagement
5293-WXJAK,11,104.05,1133.65,Fiber optic,Month-to-month,Yes,4,0.7561372189438776,Yes,High Risk,Offer contract upgrade discount
3156-QLHBO,2,19.25,48.35,No,Month-to-month,No,0,0.234236909015665,No,Normal Risk,Continue regular engagement
2208-NQBCT,26,81.95,2070.05,Fiber optic,Month-to-month,No,2,0.31818349815555036,No,Normal Risk,Continue regular engagement
1779-PWPMG,72,114.65,8333.95,Fiber optic,Two year,No,6,0.11715308551160561,No,Normal Risk,Continue regular engagement
6621-NRZAK,63,20.0,1209.25,No,Two year,No,0,0.0032189505637416024,No,Normal Risk,Continue regular engagement
0831-JNISG,71,19.8,1396.25,No,Two year,No,0,0.0020741977252314255,No,Normal Risk,Continue regular engagement
0774-IFUVM,11,65.15,723.35,DSL,Month-to-month,No,2,0.4203302368014851,No,Normal Risk,Continue regular engagement
3082-WQRVY,14,19.65,228.65,No,One year,No,0,0.03908943557947343,No,Normal Risk,Continue regular engagement
9553-DLCLU,13,88.95,1161.75,DSL,Two year,No,6,0.01482726161368604,No,Normal Risk,Continue regular engagement
1641-BYBTK,6,20.2,98.35,No,Month-to-month,No,0,0.22853182430465718,No,Normal Risk,Continue regular engagement
2460-NGXBJ,11,75.2,775.3,Fiber optic,Month-to-month,No,0,0.4700915288584444,No,Normal Risk,Continue regular engagement
2446-ZKVAF,18,56.8,1074.65,DSL,Month-to-month,No,1,0.2180174607795731,No,Normal Risk,Continue regular engagement
0841-NULXI,1,35.55,35.55,DSL,Month-to-month,Yes,1,0.8206665225455771,Yes,High Risk,Offer contract upgrade discount
3522-CDKHF,32,75.5,2324.7,Fiber optic,Month-to-month,No,1,0.6040012410672079,Yes,Normal Risk,Continue regular engagement
1430-SFQSA,29,35.6,1072.6,DSL,One year,No,2,0.04885613265683336,No,Normal Risk,Continue regular engagement
0411-EZJZE,3,60.25,170.5,DSL,Month-to-month,No,1,0.7861718734386476,Yes,High Risk,Offer contract upgrade discount
7851-WZEKY,2,95.15,196.9,Fiber optic,Month-to-month,Yes,2,0.9114505336494862,Yes,High Risk,Offer contract upgrade discount
8844-TONUD,13,96.65,1162.85,Fiber optic,Month-to-month,Yes,3,0.4796120092884987,No,Normal Risk,Continue regular engagement
8807-ARQET,41,40.35,1677.85,DSL,Month-to-month,No,2,0.40500994305722526,No,Normal Risk,Continue regular engagement
8992-CEUEN,1,18.85,18.85,No,Month-to-month,No,0,0.526157002523145,Yes,Normal Risk,Continue regular engagement
4320-QMLLA,7,54.85,370.4,DSL,Month-to-month,No,1,0.6066585628950636,Yes,Normal Risk,Continue regular engagement
8777-PVYGU,52,64.3,3410.6,DSL,One year,No,3,0.05020583557433348,No,Normal Risk,Continue regular engagement
8292-ITGYJ,45,24.65,1138.8,No,Two year,No,0,0.019316894962079247,No,Normal Risk,Continue regular engagement
6870-ZWMNX,70,76.1,5264.25,DSL,Two year,No,4,0.01292958292975251,No,Normal Risk,Continue regular engagement
0621-CXBKL,53,18.7,1005.7,No,Two year,No,0,0.011591706689508112,No,Normal Risk,Continue regular engagement
5268-DSMNQ,62,97.95,5936.55,Fiber optic,One year,No,3,0.18801300355064204,No,Normal Risk,Continue regular engagement
5334-JLAXU,60,94.1,5475.9,Fiber optic,Month-to-month,No,3,0.27068428736431793,No,Normal Risk,Continue regular engagement
4086-YQSNZ,3,80.4,224.05,Fiber optic,Month-to-month,Yes,1,0.8396200448601439,Yes,High Risk,Offer contract upgrade discount
6242-MBHPK,23,95.1,2326.05,Fiber optic,Month-to-month,No,3,0.5864361698133902,Yes,Normal Risk,Continue regular engagement
5868-CZJDR,1,31.35,31.35,DSL,Month-to-month,Yes,1,0.48799994859787593,No,Normal Risk,Continue regular engagement
9359-UGBTK,67,72.35,4991.5,DSL,One year,No,4,0.08618031381340581,No,Normal Risk,Continue regular engagement
0135-NMXAP,12,89.75,1052.4,Fiber optic,Month-to-month,Yes,2,0.8751683740066896,Yes,High Risk,Offer contract upgrade discount
4782-OSFXZ,71,82.7,5831.2,DSL,Two year,No,5,0.024267879388152322,No,Normal Risk,Continue regular engagement
6479-OAUSD,25,19.9,510.8,No,One year,No,0,0.04350960637012728,No,Normal Risk,Continue regular engagement
7129-ACFOG,5,53.8,283.95,DSL,Month-to-month,No,1,0.5673129752197573,Yes,Normal Risk,Continue regular engagement
4189-NAKJS,26,51.55,1295.4,DSL,One year,No,0,0.15361592706723323,No,Normal Risk,Continue regular engagement
5562-BETPV,1,19.65,19.65,No,One year,No,0,0.0850788995288905,No,Normal Risk,Continue regular engagement
1282-IHQAC,70,44.05,3011.65,DSL,One year,No,3,0.02285891022623248,No,Normal Risk,Continue regular engagement
9127-FHJBZ,72,114.0,8093.15,Fiber optic,Two year,No,6,0.04118957364344436,No,Normal Risk,Continue regular engagement
6270-OMFIW,60,94.4,5610.25,Fiber optic,One year,Yes,3,0.33067048917571834,No,Normal Risk,Continue regular engagement
1641-RQDAY,32,100.4,3217.65,Fiber optic,Month-to-month,No,3,0.5327954114352887,Yes,Normal Risk,Continue regular engagement
0107-WESLM,1,19.85,19.85,No,Month-to-month,Yes,0,0.49589911189176017,No,Normal Risk,Continue regular engagement
6994-ORCWG,14,54.25,773.2,DSL,One year,No,1,0.15833038859333665,No,Normal Risk,Continue regular engagement
1346-UFHAX,13,80.0,1029.35,Fiber optic,Month-to-month,No,1,0.4706833242389214,No,Normal Risk,Continue regular engagement
3992-YWPKO,6,109.9,669.45,Fiber optic,Month-to-month,Yes,5,0.590746757895654,Yes,Normal Risk,Continue regular engagement
2933-XEUJM,46,79.2,3593.8,DSL,Two year,No,4,0.057639962093044964,No,Normal Risk,Continue regular engagement
0125-LZQXK,15,101.35,1553.95,Fiber optic,Month-to-month,Yes,4,0.6346737411754104,Yes,Normal Risk,Continue regular engagement
5461-QKNTN,43,94.3,3953.15,Fiber optic,Month-to-month,No,3,0.33008200921345493,No,Normal Risk,Continue regular engagement
4835-YSJMR,39,49.8,1971.15,DSL,Two year,No,1,0.08321363644125652,No,Normal Risk,Continue regular engagement
8399-YNDCH,21,60.05,1236.15,DSL,Month-to-month,Yes,2,0.46547162272115694,No,Normal Risk,Continue regular engagement
3164-YAXFY,57,53.75,3196.0,DSL,Month-to-month,No,4,0.203251419145898,No,Normal Risk,Continue regular engagement
0887-WBJVH,53,93.45,4872.2,Fiber optic,One year,No,3,0.32776593202213733,No,Normal Risk,Continue regular engagement
4660-IRIBM,18,87.9,1500.5,Fiber optic,Month-to-month,No,3,0.20104713023096313,No,Normal Risk,Continue regular engagement
5673-FSSMF,1,60.15,60.15,DSL,Month-to-month,Yes,1,0.8007074685467929,Yes,High Risk,Offer contract upgrade discount
7670-ZBPOQ,58,61.05,3478.75,DSL,One year,No,2,0.055738082997452164,No,Normal Risk,Continue regular engagement
8089-UZWLX,71,104.05,7413.55,Fiber optic,Two year,No,3,0.4993091333768927,No,Normal Risk,Continue regular engagement
0080-OROZO,35,99.25,3532.0,Fiber optic,One year,No,4,0.4111372896550793,No,Normal Risk,Continue regular engagement
3916-NRPAP,3,85.7,256.75,Fiber optic,Month-to-month,No,2,0.7437963208824335,Yes,High Risk,Offer contract upgrade discount
6807-SIWJI,38,104.85,3887.25,Fiber optic,One year,No,4,0.30241547223313925,No,Normal Risk,Continue regular engagement
8221-HVAYI,35,69.15,2490.15,DSL,Two year,No,4,0.0048857443730611445,No,Normal Risk,Continue regular engagement
1579-KLYDT,7,90.45,593.45,Fiber optic,Month-to-month,Yes,2,0.8260108508072063,Yes,High Risk,Offer contract upgrade discount
5232-NXPAY,47,74.45,3510.3,DSL,Two year,No,4,0.059578579628656175,No,Normal Risk,Continue regular engagement
8967-SZQAS,14,50.45,765.45,DSL,Month-to-month,No,1,0.4531233417676664,No,Normal Risk,Continue regular engagement
4468-KAZHE,20,60.0,1259.35,DSL,Month-to-month,No,2,0.36158618029551653,No,Normal Risk,Continue regular engagement
0455-ENTCR,66,85.25,5538.35,DSL,Two year,No,5,0.02172301930037507,No,Normal Risk,Continue regular engagement
8944-AILEF,15,19.45,340.85,No,Month-to-month,No,0,0.11623404262424,No,Normal Risk,Continue regular engagement
5542-NKVRU,42,20.75,844.45,No,Two year,No,0,0.049826205489457175,No,Normal Risk,Continue regular engagement
7126-RBHSD,17,78.9,1348.95,Fiber optic,Month-to-month,No,1,0.498545856148782,No,Normal Risk,Continue regular engagement
5370-IIVVL,37,104.5,3778.0,Fiber optic,One year,No,4,0.20315706385542875,No,Normal Risk,Continue regular engagement
6789-HJBWG,12,49.4,611.65,DSL,Month-to-month,No,1,0.6120002111097468,Yes,Normal Risk,Continue regular engagement
3927-NLNRY,53,94.25,4867.95,Fiber optic,One year,Yes,3,0.42725820473085435,No,Normal Risk,Continue regular engagement
9087-EYCPR,60,25.0,1505.05,No,Two year,No,0,0.010797646836555742,No,Normal Risk,Continue regular engagement
6791-YBNAK,18,25.55,467.85,DSL,Month-to-month,No,0,0.1974044063600338,No,Normal Risk,Continue regular engagement
6358-LYNGM,1,74.9,74.9,Fiber optic,Month-to-month,Yes,0,0.8493881530907705,Yes,High Risk,Offer contract upgrade discount
6077-BDPXA,3,70.15,194.2,Fiber optic,Month-to-month,No,0,0.8806674383531135,Yes,High Risk,Offer contract upgrade discount
0013-MHZWF,9,69.4,571.45,DSL,Month-to-month,No,3,0.37514668830300046,No,Normal Risk,Continue regular engagement
5494-HECPR,1,80.25,80.25,Fiber optic,Month-to-month,Yes,1,0.8995419382361777,Yes,High Risk,Offer contract upgrade discount
8268-YDIXR,56,93.15,5253.95,Fiber optic,One year,No,3,0.14919802615499989,No,Normal Risk,Continue regular engagement
9824-BEMCV,17,69.0,1149.65,Fiber optic,Month-to-month,Yes,0,0.4766479252304417,No,Normal Risk,Continue regular engagement
1373-ORVIZ,11,66.35,740.8,DSL,Month-to-month,Yes,2,0.44057960197040763,No,Normal Risk,Continue regular engagement
4291-SHSBH,7,69.55,521.35,Fiber optic,Month-to-month,No,0,0.8361830422249128,Yes,High Risk,Offer contract upgrade discount
6980-IMXXE,69,20.2,1412.65,No,Two year,No,0,0.006930548475310636,No,Normal Risk,Continue regular engagement
9866-QEVEE,19,86.0,1532.45,Fiber optic,Month-to-month,Yes,1,0.8157075225105529,Yes,High Risk,Offer contract upgrade discount
9897-KXHCM,3,80.3,250.05,Fiber optic,Month-to-month,Yes,1,0.7978946566354211,Yes,High Risk,Offer contract upgrade discount
0040-HALCW,54,20.4,1090.6,No,Two year,No,0,0.003732564900298874,No,Normal Risk,Continue regular engagement
0784-GTUUK,62,23.75,1446.8,No,One year,No,0,0.008284852387287956,No,Normal Risk,Continue regular engagement
7979-CORPM,24,90.55,2282.55,Fiber optic,Month-to-month,Yes,2,0.5210312507842406,Yes,Normal Risk,Continue regular engagement
2294-DMMUS,62,70.45,4300.45,DSL,Month-to-month,No,2,0.1750698762450241,No,Normal Risk,Continue regular engagement
0872-JCPIB,17,65.75,1111.2,DSL,Month-to-month,No,2,0.4474885664761317,No,Normal Risk,Continue regular engagement
3055-MJDSB,9,24.6,190.1,DSL,Month-to-month,No,0,0.62760340313498,Yes,Normal Risk,Continue regular engagement
9091-WTUUY,64,69.25,4447.75,DSL,Two year,No,4,0.005300646254672652,No,Normal Risk,Continue regular engagement
1618-CFHME,2,75.9,143.35,Fiber optic,Month-to-month,Yes,0,0.8857408893420105,Yes,High Risk,Offer contract upgrade discount
3165-HDOEW,1,45.85,45.85,DSL,Month-to-month,Yes,0,0.4396004571001871,No,Normal Risk,Continue regular engagement
6581-NQCBA,16,49.95,810.2,DSL,Month-to-month,Yes,3,0.48294120360399934,No,Normal Risk,Continue regular engagement
7115-IRDHS,72,24.65,1830.05,No,Two year,No,0,0.011858531369582603,No,Normal Risk,Continue regular engagement
8496-DMZUK,30,90.4,2820.65,Fiber optic,One year,No,3,0.24731346086840547,No,Normal Risk,Continue regular engagement
2040-VZIKE,49,100.85,4847.35,Fiber optic,Month-to-month,No,3,0.5305222167998652,Yes,Normal Risk,Continue regular engagement
9068-VPWQQ,61,75.35,4729.3,DSL,Two year,No,4,0.011648405307401324,No,Normal Risk,Continue regular engagement
0178-SZBHO,47,87.2,4017.45,Fiber optic,Month-to-month,No,2,0.3197039537044759,No,Normal Risk,Continue regular engagement
0384-RVBPI,20,64.4,1398.6,DSL,Month-to-month,No,3,0.17702570913740692,No,Normal Risk,Continue regular engagement
1689-MRZQR,34,78.3,2564.3,Fiber optic,Month-to-month,Yes,1,0.4557428962397943,No,Normal Risk,Continue regular engagement
1299-AURJA,70,24.7,1685.9,No,Two year,No,0,0.00687898865660735,No,Normal Risk,Continue regular engagement
4525-VZCZG,54,105.85,5826.65,Fiber optic,One year,No,5,0.12173502580552199,No,Normal Risk,Continue regular engagement
1543-LLLFT,61,98.3,6066.55,Fiber optic,One year,No,4,0.07622845059978879,No,Normal Risk,Continue regular engagement
5835-BEQEU,3,76.95,228.4,Fiber optic,Month-to-month,Yes,0,0.8637284333050684,Yes,High Risk,Offer contract upgrade discount
2788-CJQAQ,13,19.45,270.2,No,One year,No,0,0.06648728761418429,No,Normal Risk,Continue regular engagement
5565-FILXA,16,96.15,1529.2,Fiber optic,Month-to-month,Yes,2,0.8012267805523378,Yes,High Risk,Offer contract upgrade discount
0319-QZTCO,3,58.7,168.6,DSL,Month-to-month,No,2,0.34955253804773523,No,Normal Risk,Continue regular engagement
2120-SMPEX,25,20.15,536.35,No,Month-to-month,No,0,0.13742773482757967,No,Normal Risk,Continue regular engagement
0096-FCPUF,30,64.5,1888.45,DSL,Month-to-month,No,2,0.22938447027655925,No,Normal Risk,Continue regular engagement
0668-OGMHD,21,28.5,629.35,DSL,Month-to-month,No,1,0.28085660885810776,No,Normal Risk,Continue regular engagement
5552-ZNFSJ,1,45.3,45.3,DSL,Month-to-month,Yes,0,0.7136981649629349,Yes,High Risk,Offer contract upgrade discount
2223-KAGMX,15,19.4,289.3,No,Month-to-month,Yes,0,0.3435915831740392,No,Normal Risk,Continue regular engagement
6507-ZJSUR,23,90.45,2117.25,Fiber optic,Month-to-month,No,2,0.6821782544903068,Yes,Normal Risk,Continue regular engagement
9408-HRXRK,45,105.15,4730.9,Fiber optic,Month-to-month,No,4,0.4070817209715069,No,Normal Risk,Continue regular engagement
5593-SUAOO,24,83.15,2033.05,Fiber optic,One year,No,2,0.21572925199521842,No,Normal Risk,Continue regular engagement
7321-PKUYW,11,90.15,987.95,Fiber optic,Month-to-month,Yes,2,0.7851190298711633,Yes,High Risk,Offer contract upgrade discount
2833-SLKDQ,1,45.05,45.05,DSL,Month-to-month,Yes,0,0.614966573390559,Yes,Normal Risk,Continue regular engagement
6766-HFKLA,56,103.2,5744.35,Fiber optic,Two year,No,4,0.25929806407308215,No,Normal Risk,Continue regular engagement
7595-EUIVN,1,75.8,75.8,Fiber optic,Month-to-month,Yes,1,0.8316330614625321,Yes,High Risk,Offer contract upgrade discount
7617-EYGLW,1,19.45,19.45,No,Month-to-month,No,0,0.4710639303718559,No,Normal Risk,Continue regular engagement
2026-TGDHM,7,79.3,523.15,Fiber optic,Month-to-month,Yes,1,0.8867771915637819,Yes,High Risk,Offer contract upgrade discount
9220-ZNKJI,55,88.8,4805.3,Fiber optic,Two year,No,3,0.06252474428912444,No,Normal Risk,Continue regular engagement
4030-VPZBD,2,30.9,59.05,DSL,Month-to-month,Yes,1,0.7148620793433322,Yes,High Risk,Offer contract upgrade discount
2226-ICFDO,72,85.9,6110.75,DSL,Two year,No,5,0.011103454934493964,No,Normal Risk,Continue regular engagement
0723-VSOBE,45,34.2,1596.6,DSL,One year,No,1,0.16731332270700386,No,Normal Risk,Continue regular engagement
5529-GIBVH,47,20.15,1046.2,No,Two year,No,0,0.017382753497117764,No,Normal Risk,Continue regular engagement
4187-CINZD,46,95.25,4424.2,Fiber optic,One year,Yes,3,0.30123090359329924,No,Normal Risk,Continue regular engagement
9992-UJOEL,2,50.3,92.75,DSL,Month-to-month,No,1,0.5250599047339385,Yes,Normal Risk,Continue regular engagement
4741-WWJQZ,2,80.15,194.55,Fiber optic,Month-to-month,No,2,0.5954267975819635,Yes,Normal Risk,Continue regular engagement
6625-UTXEW,12,51.25,612.1,DSL,Month-to-month,No,1,0.5848686130599516,Yes,Normal Risk,Continue regular engagement
6818-WOBHJ,68,89.6,6127.6,Fiber optic,Month-to-month,Yes,2,0.5901070077533617,Yes,Normal Risk,Continue regular engagement
6244-BESBM,69,95.2,6671.7,Fiber optic,Two year,No,3,0.06945584106196381,No,Normal Risk,Continue regular engagement
1004-NOZNR,56,94.8,5264.3,Fiber optic,One year,No,3,0.10144504472679093,No,Normal Risk,Continue regular engagement
1251-STYSZ,4,80.25,303.7,Fiber optic,Month-to-month,No,1,0.725103854972309,Yes,High Risk,Offer contract upgrade discount
2612-PHGOX,64,76.1,4818.8,DSL,Two year,No,4,0.03932029306140427,No,Normal Risk,Continue regular engagement
2408-TZMJL,59,110.15,6448.05,Fiber optic,One year,Yes,5,0.21330811003200922,No,Normal Risk,Continue regular engagement
8480-PPONV,62,115.55,7159.05,Fiber optic,Two year,No,6,0.06824616748484473,No,Normal Risk,Continue regular engagement
8780-IHCRN,63,24.65,1574.5,No,Two year,No,0,0.0027003895807004405,No,Normal Risk,Continue regular engagement
4598-ZADCK,53,53.6,2879.2,DSL,One year,No,5,0.03431698610447374,No,Normal Risk,Continue regular engagement
1257-SXUXQ,5,19.45,86.05,No,Month-to-month,No,0,0.17541526764250043,No,Normal Risk,Continue regular engagement
9681-KYGYB,49,88.2,4159.45,Fiber optic,Month-to-month,No,3,0.1876780365357951,No,Normal Risk,Continue regular engagement
7182-OVLBJ,62,101.15,6638.35,Fiber optic,Two year,No,3,0.254524474421341,No,Normal Risk,Continue regular engagement
5095-ETBRJ,55,56.8,3112.05,DSL,Two year,No,3,0.006961121230277549,No,Normal Risk,Continue regular engagement
7005-CYUIL,71,99.4,7168.25,Fiber optic,Two year,No,5,0.047564533730516646,No,Normal Risk,Continue regular engagement
4821-WQOYN,72,20.1,1326.25,No,Two year,No,0,0.002368836598148575,No,Normal Risk,Continue regular engagement
4730-AWNAU,36,60.7,2234.55,DSL,One year,No,5,0.022571108430887363,No,Normal Risk,Continue regular engagement
3452-FLHYD,25,20.95,495.15,No,One year,No,0,0.09647821702368516,No,Normal Risk,Continue regular engagement
2388-LAESQ,72,114.85,8317.95,Fiber optic,Two year,No,6,0.11800636947628078,No,Normal Risk,Continue regular engagement
9531-NSBMR,36,19.25,679.8,No,One year,No,0,0.09101510011937397,No,Normal Risk,Continue regular engagement
6260-ONULR,1,62.8,62.8,DSL,Month-to-month,No,2,0.6675027838568611,Yes,Normal Risk,Continue regular engagement
4389-UEFCZ,72,105.5,7544.0,Fiber optic,Two year,No,4,0.21364577926099942,No,Normal Risk,Continue regular engagement
8711-LOBKY,59,19.85,1188.25,No,Two year,No,0,0.003400387393303624,No,Normal Risk,Continue regular engagement
9134-CEQMF,7,89.5,676.7,Fiber optic,Month-to-month,Yes,2,0.8170266307608728,Yes,High Risk,Offer contract upgrade discount
8985-OOPOS,1,74.1,74.1,DSL,One year,No,4,0.24853750409570677,No,Normal Risk,Continue regular engagement
8800-ZKRFW,30,107.5,3242.5,Fiber optic,Month-to-month,No,5,0.3410704239851143,No,Normal Risk,Continue regular engagement
2616-FLVQC,64,19.55,1240.15,No,Two year,No,0,0.006172146241475414,No,Normal Risk,Continue regular engagement
9968-FFVVH,63,68.8,4111.35,DSL,One year,No,4,0.022688781313887137,No,Normal Risk,Continue regular engagement
3108-PCCGG,72,84.45,5899.85,DSL,Two year,No,5,0.011653232046391694,No,Normal Risk,Continue regular engagement
7993-PYKOF,8,75.0,632.95,Fiber optic,Month-to-month,Yes,1,0.6463510952168542,Yes,Normal Risk,Continue regular engagement
8390-FESFV,62,84.5,5193.2,DSL,Two year,No,5,0.0801041884533614,No,Normal Risk,Continue regular engagement
3022-BEXHZ,67,111.2,7530.8,Fiber optic,Two year,No,5,0.13616064005093764,No,Normal Risk,Continue regular engagement
5027-XWQHA,6,44.75,270.95,DSL,Month-to-month,Yes,0,0.6735446577994083,Yes,Normal Risk,Continue regular engagement
6248-TKCQV,70,80.6,5460.2,DSL,Two year,No,4,0.030874392511007983,No,Normal Risk,Continue regular engagement
6729-GDNGC,20,80.7,1614.2,Fiber optic,Month-to-month,No,1,0.7979299010597556,Yes,High Risk,Offer contract upgrade discount
6198-ZFIOJ,5,75.6,402.5,Fiber optic,Month-to-month,No,0,0.8717883658385208,Yes,High Risk,Offer contract upgrade discount
5989-OMNJE,24,57.6,1367.75,DSL,One year,No,5,0.05567350734606122,No,Normal Risk,Continue regular engagement
4566-QVRRW,11,44.05,483.7,DSL,Month-to-month,Yes,0,0.6467094168729287,Yes,Normal Risk,Continue regular engagement
1291-CUOCY,72,110.6,7962.2,Fiber optic,Two year,No,5,0.08884706133940469,No,Normal Risk,Continue regular engagement
9795-SHUHB,66,58.2,3810.8,DSL,Two year,No,3,0.003106068262586479,No,Normal Risk,Continue regular engagement
3230-IUALN,45,81.0,3533.6,DSL,Two year,No,5,0.017156406123944555,No,Normal Risk,Continue regular engagement
0042-RLHYP,69,19.7,1396.9,No,Two year,No,0,0.006639938189759801,No,Normal Risk,Continue regular engagement
8519-IMDHU,15,85.6,1345.55,Fiber optic,Month-to-month,Yes,1,0.743563682264716,Yes,High Risk,Offer contract upgrade discount
4945-RVMTE,28,59.55,1646.45,DSL,Month-to-month,No,2,0.5806595504286637,Yes,Normal Risk,Continue regular engagement
0201-OAMXR,70,115.55,8127.6,Fiber optic,One year,Yes,6,0.1270823795442936,No,Normal Risk,Continue regular engagement
1866-NXPSP,36,75.55,2680.15,DSL,One year,No,5,0.0398312020712492,No,Normal Risk,Continue regular engagement
3372-KWFBM,16,86.6,1281.0,Fiber optic,Month-to-month,Yes,1,0.706986898243853,Yes,High Risk,Offer contract upgrade discount
7831-QGOXH,18,85.2,1553.9,Fiber optic,Month-to-month,Yes,1,0.7888695734323952,Yes,High Risk,Offer contract upgrade discount
6393-WRYZE,34,97.65,3207.55,Fiber optic,Month-to-month,Yes,2,0.8139574662419503,Yes,High Risk,Offer contract upgrade discount
3941-XTSKM,42,45.1,2049.05,DSL,One year,No,3,0.03704469590263513,No,Normal Risk,Continue regular engagement
1661-CZBAU,48,70.95,3629.2,DSL,One year,No,3,0.1061163150708458,No,Normal Risk,Continue regular engagement
6599-RCLCJ,47,109.55,5124.55,Fiber optic,Month-to-month,Yes,5,0.4412266383016959,No,Normal Risk,Continue regular engagement
9831-BPFRI,39,89.55,3474.45,Fiber optic,One year,Yes,3,0.10243504115388909,No,Normal Risk,Continue regular engagement
5158-RIVOP,11,20.9,202.3,No,Two year,No,0,0.042791062628614145,No,Normal Risk,Continue regular engagement
9788-YTFGE,7,19.95,147.5,No,Month-to-month,No,0,0.33801287521626644,No,Normal Risk,Continue regular engagement
9277-JOOMO,3,24.6,86.35,No,Month-to-month,No,0,0.4088026965513444,No,Normal Risk,Continue regular engagement
1907-YLNYW,8,66.7,579.0,DSL,Month-to-month,No,3,0.5344811423485426,Yes,Normal Risk,Continue regular engagement
1725-MIMXW,1,19.45,19.45,No,Month-to-month,Yes,0,0.2566186473402065,No,Normal Risk,Continue regular engagement
8947-YRTDV,32,94.8,3131.55,Fiber optic,One year,No,4,0.07127020464150972,No,Normal Risk,Continue regular engagement
3161-ONRWK,60,65.85,3928.3,DSL,One year,No,4,0.013665949173094424,No,Normal Risk,Continue regular engagement
0114-RSRRW,10,19.95,187.75,No,Month-to-month,No,0,0.5075388658055657,Yes,Normal Risk,Continue regular engagement
4565-NLZBV,71,24.65,1710.15,No,Two year,No,0,0.012699694093219157,No,Normal Risk,Continue regular engagement
0031-PVLZI,4,20.35,76.35,No,Month-to-month,Yes,0,0.2363967184836933,No,Normal Risk,Continue regular engagement
7206-GZCDC,1,69.25,69.25,Fiber optic,Month-to-month,Yes,0,0.8477689758538317,Yes,High Risk,Offer contract upgrade discount
6682-VCIXC,43,51.25,2151.6,DSL,One year,No,4,0.04153700068245699,No,Normal Risk,Continue regular engagement
4791-QRGMF,59,99.5,5961.1,Fiber optic,One year,Yes,3,0.5008272817412757,Yes,Normal Risk,Continue regular engagement
6475-VHUIZ,23,54.25,1221.55,DSL,Month-to-month,No,2,0.21601600868186555,No,Normal Risk,Continue regular engagement
3910-MRQOY,72,19.4,1496.45,No,Two year,No,0,0.010531118622909348,No,Normal Risk,Continue regular engagement
0661-WCQNQ,22,56.25,1292.2,DSL,One year,No,2,0.03524012250464341,No,Normal Risk,Continue regular engagement
7537-RBWEA,1,25.15,25.15,DSL,Month-to-month,No,0,0.7585343383336136,Yes,High Risk,Offer contract upgrade discount
4656-CAURT,69,23.95,1713.1,No,Two year,No,0,0.01220809098184355,No,Normal Risk,Continue regular engagement
0121-SNYRK,50,35.4,1748.9,DSL,One year,No,2,0.025379597326302336,No,Normal Risk,Continue regular engagement
1768-ZAIFU,1,25.2,25.2,DSL,Month-to-month,Yes,0,0.7882161844139058,Yes,High Risk,Offer contract upgrade discount
4671-LXRDQ,2,45.0,96.45,DSL,Month-to-month,Yes,0,0.6241642592702067,Yes,Normal Risk,Continue regular engagement
3733-LSYCE,15,75.35,1114.55,Fiber optic,Month-to-month,No,1,0.6971167593097414,Yes,Normal Risk,Continue regular engagement
6265-FRMTQ,31,20.4,609.1,No,Two year,No,0,0.05336305500490947,No,Normal Risk,Continue regular engagement
1934-SJVJK,1,20.15,20.15,No,Month-to-month,Yes,0,0.3796970584845667,No,Normal Risk,Continue regular engagement
3838-OZURD,66,105.0,7133.25,Fiber optic,Month-to-month,Yes,4,0.44935785128161504,No,Normal Risk,Continue regular engagement
1371-DWPAZ,0,56.05,,DSL,Two year,No,5,0.034719974856090144,No,Normal Risk,Continue regular engagement
9269-CQOOL,3,54.7,169.45,DSL,Month-to-month,Yes,1,0.4661755197381276,No,Normal Risk,Continue regular engagement
2017-CCBLH,8,20.0,141.6,No,Two year,No,0,0.11235662693980691,No,Normal Risk,Continue regular engagement
7690-KPNCU,64,73.05,4688.65,DSL,One year,No,4,0.019583853587415292,No,Normal Risk,Continue regular engagement
0536-BGFMZ,28,20.5,563.05,No,Month-to-month,No,0,0.11937169875239534,No,Normal Risk,Continue regular engagement
2293-IJWPS,57,100.75,5985.0,Fiber optic,One year,No,3,0.37852365857281384,No,Normal Risk,Continue regular engagement
2845-HSJCY,14,87.25,1258.6,Fiber optic,Month-to-month,Yes,2,0.5269406943249312,Yes,Normal Risk,Continue regular engagement
5469-NUJUR,19,19.95,373.5,No,Two year,No,0,0.03498646849664855,No,Normal Risk,Continue regular engagement
1184-PJVDB,10,79.95,857.2,Fiber optic,Month-to-month,Yes,1,0.823238047263637,Yes,High Risk,Offer contract upgrade discount
2625-TRCZQ,51,49.65,2553.35,DSL,Month-to-month,No,3,0.3374261401069406,No,Normal Risk,Continue regular engagement
4102-HLENU,67,65.65,4322.85,DSL,Two year,No,3,0.012196653775982362,No,Normal Risk,Continue regular engagement
7266-GSSJX,11,20.45,250.8,No,Month-to-month,No,0,0.23165205990621485,No,Normal Risk,Continue regular engagement
7722-VJRQD,72,60.95,4549.05,DSL,Two year,No,5,0.01605723995570994,No,Normal Risk,Continue regular engagement
7073-QETQY,66,20.35,1359.5,No,One year,No,0,0.007552835125834677,No,Normal Risk,Continue regular engagement
9415-DPEWS,18,88.35,1639.3,Fiber optic,Month-to-month,Yes,2,0.6326563778877635,Yes,Normal Risk,Continue regular engagement
5624-RYAMH,9,19.5,178.85,No,Month-to-month,No,0,0.47578509082821546,No,Normal Risk,Continue regular engagement
0196-JTUQI,9,75.2,633.85,Fiber optic,Month-to-month,No,0,0.7832721077383342,Yes,High Risk,Offer contract upgrade discount
7130-YXBRO,48,111.45,5315.1,Fiber optic,Month-to-month,No,5,0.5633871726092533,Yes,Normal Risk,Continue regular engagement
9272-LSVYH,10,70.15,735.5,Fiber optic,Month-to-month,No,0,0.7540345295573303,Yes,High Risk,Offer contract upgrade discount
7943-RQCHR,9,94.75,889.9,Fiber optic,Month-to-month,Yes,2,0.9043493559134472,Yes,High Risk,Offer contract upgrade discount
3793-MMFUH,13,95.05,1290.0,Fiber optic,Month-to-month,Yes,2,0.7958138152559528,Yes,High Risk,Offer contract upgrade discount
3249-ZPQRG,4,78.45,330.05,Fiber optic,Month-to-month,Yes,1,0.7474534045710474,Yes,High Risk,Offer contract upgrade discount
2568-BRGYX,4,70.2,237.95,Fiber optic,Month-to-month,Yes,0,0.8464719562528658,Yes,High Risk,Offer contract upgrade discount
3084-DOWLE,72,92.0,6474.4,DSL,Two year,No,6,0.03893864562508358,No,Normal Risk,Continue regular engagement
1084-MNSMJ,51,85.5,4421.95,DSL,Two year,No,6,0.009395145408864264,No,Normal Risk,Continue regular engagement
7721-JXEAW,59,41.05,2452.7,DSL,Month-to-month,Yes,2,0.2669252171215655,No,Normal Risk,Continue regular engagement
7249-WBIYX,10,85.6,813.85,Fiber optic,Month-to-month,Yes,1,0.8227808152447809,Yes,High Risk,Offer contract upgrade discount
4238-HFHSN,61,82.15,4904.85,Fiber optic,Month-to-month,No,1,0.39165474381456455,No,Normal Risk,Continue regular engagement
6250-CGGUN,54,84.4,4484.05,Fiber optic,One year,No,3,0.0940450062420831,No,Normal Risk,Continue regular engagement
5478-JJVZK,33,60.9,2033.85,DSL,Month-to-month,No,2,0.17690569410551865,No,Normal Risk,Continue regular engagement
7596-IIWYC,27,20.25,538.2,No,Two year,No,0,0.08404476456657897,No,Normal Risk,Continue regular engagement
6567-HOOPW,1,79.2,79.2,Fiber optic,Month-to-month,Yes,1,0.8645598857152204,Yes,High Risk,Offer contract upgrade discount
9793-WECQC,23,95.3,2192.9,Fiber optic,Month-to-month,No,3,0.5912791141712043,Yes,Normal Risk,Continue regular engagement
4291-HPAXL,1,19.85,19.85,No,Month-to-month,No,0,0.2489987847947697,No,Normal Risk,Continue regular engagement
8999-YPYBV,45,84.35,3858.05,DSL,Two year,No,6,0.008745300997970542,No,Normal Risk,Continue regular engagement
1839-FBNFR,39,19.85,854.8,No,Two year,No,0,0.023984234841921352,No,Normal Risk,Continue regular engagement
3164-AALRN,5,70.0,347.4,DSL,One year,Yes,3,0.37842934588328164,No,Normal Risk,Continue regular engagement
3071-MVJCD,72,82.3,5815.15,DSL,Two year,No,5,0.011122345215187067,No,Normal Risk,Continue regular engagement
1697-BCSHV,58,66.8,3970.4,DSL,Month-to-month,No,2,0.2613219106487266,No,Normal Risk,Continue regular engagement
0562-KBDVM,70,44.6,3058.15,DSL,Two year,No,4,0.01349676948661603,No,Normal Risk,Continue regular engagement
1131-SUEKT,61,98.45,6145.2,Fiber optic,One year,No,4,0.18498338353481303,No,Normal Risk,Continue regular engagement
3717-OEAUQ,2,70.7,129.2,Fiber optic,Month-to-month,No,0,0.7857251919728487,Yes,High Risk,Offer contract upgrade discount
4538-WNTMJ,46,24.95,1165.9,No,One year,No,0,0.013509396986379697,No,Normal Risk,Continue regular engagement
3334-CTHOL,1,49.95,49.95,DSL,Month-to-month,Yes,0,0.8290033407908497,Yes,High Risk,Offer contract upgrade discount
4704-ERYFC,22,69.25,1554.0,Fiber optic,Month-to-month,Yes,0,0.6691654588324081,Yes,Normal Risk,Continue regular engagement
9432-RUVSL,48,102.5,4904.25,Fiber optic,Two year,No,5,0.08282105122178547,No,Normal Risk,Continue regular engagement
8060-HIWJJ,64,86.55,5632.55,DSL,Two year,No,5,0.031218792046643865,No,Normal Risk,Continue regular engagement
7684-XSZIY,72,24.3,1643.25,No,Two year,No,0,0.004586589922484525,No,Normal Risk,Continue regular engagement
9089-UOWJG,12,58.35,740.55,DSL,Month-to-month,No,2,0.33393948400632906,No,Normal Risk,Continue regular engagement
8621-MNIHH,34,94.25,3217.55,Fiber optic,Month-to-month,Yes,3,0.5337001488030017,Yes,Normal Risk,Continue regular engagement
8039-ACLPL,72,68.75,4888.2,DSL,Two year,No,4,0.006247166700754068,No,Normal Risk,Continue regular engagement
9885-AIBVB,29,85.8,2440.25,Fiber optic,Month-to-month,No,2,0.4973517191263657,No,Normal Risk,Continue regular engagement
1934-MKPXS,33,20.1,620.55,No,One year,No,0,0.013989925310752247,No,Normal Risk,Continue regular engagement
2592-YKDIF,1,20.35,20.35,No,Month-to-month,No,0,0.4474180761173628,No,Normal Risk,Continue regular engagement
2272-JKMSI,62,110.8,6840.95,Fiber optic,One year,No,5,0.1819626264999414,No,Normal Risk,Continue regular engagement
0471-LVHGK,41,73.0,3001.2,DSL,One year,Yes,3,0.16441638026524666,No,Normal Risk,Continue regular engagement
9518-RWHZL,64,100.05,6254.2,Fiber optic,One year,Yes,3,0.37161552618477106,No,Normal Risk,Continue regular engagement
8714-CTZJW,4,82.85,319.6,Fiber optic,Month-to-month,No,2,0.7628883223988046,Yes,High Risk,Offer contract upgrade discount
3569-EDBPQ,24,84.35,1938.05,Fiber optic,Month-to-month,No,2,0.3954568674793639,No,Normal Risk,Continue regular engagement
3131-NWVFJ,14,19.55,294.5,No,One year,No,0,0.037403060906528,No,Normal Risk,Continue regular engagement
7521-YXVZY,3,19.95,58.3,No,Month-to-month,No,0,0.23557906714555008,No,Normal Risk,Continue regular engagement
5419-CONWX,4,99.8,442.85,Fiber optic,Month-to-month,Yes,4,0.6920244406908523,Yes,Normal Risk,Continue regular engagement
6240-EURKS,18,35.0,553.0,DSL,Month-to-month,Yes,1,0.4825992282703576,No,Normal Risk,Continue regular engagement
2373-NTKOD,8,66.25,546.45,DSL,Month-to-month,No,2,0.7750233358006613,Yes,High Risk,Offer contract upgrade discount
1970-KKFWL,35,23.3,797.1,No,Two year,No,0,0.0514396667270987,No,Normal Risk,Continue regular engagement
6960-HVYXR,1,76.0,76.0,Fiber optic,Month-to-month,Yes,0,0.8814413293751093,Yes,High Risk,Offer contract upgrade discount
9337-SRRNI,66,25.3,1673.8,No,Two year,No,0,0.0035096914320568353,No,Normal Risk,Continue regular engagement
0895-UADGO,8,44.55,343.45,DSL,Two year,No,3,0.06087332136374875,No,Normal Risk,Continue regular engagement
5678-VFNEQ,71,104.1,7412.25,Fiber optic,One year,No,4,0.19002968020922398,No,Normal Risk,Continue regular engagement
5977-CKHON,43,92.55,4039.0,Fiber optic,Month-to-month,No,2,0.6819838670739351,Yes,Normal Risk,Continue regular engagement
7024-OHCCK,2,93.85,170.85,Fiber optic,Month-to-month,Yes,2,0.8770217910629967,Yes,High Risk,Offer contract upgrade discount
2692-BUCFV,29,101.45,2948.6,Fiber optic,Month-to-month,No,4,0.7249406763708013,Yes,High Risk,Offer contract upgrade discount
7861-UVUFT,15,84.3,1308.4,Fiber optic,Month-to-month,Yes,2,0.6921751352095085,Yes,Normal Risk,Continue regular engagement
1830-GGFNM,65,94.55,6078.75,Fiber optic,Two year,No,4,0.010483091413812115,No,Normal Risk,Continue regular engagement
5302-BDJNT,35,95.5,3418.2,Fiber optic,Month-to-month,No,3,0.5361620248195074,Yes,Normal Risk,Continue regular engagement
5223-UZAVK,64,100.3,6603.8,Fiber optic,One year,No,4,0.18359733260874983,No,Normal Risk,Continue regular engagement
4859-ZSRDZ,58,55.5,3166.9,DSL,Two year,No,4,0.019372764941193676,No,Normal Risk,Continue regular engagement
5651-WYIPH,18,49.85,865.75,DSL,Month-to-month,No,1,0.24072906239850816,No,Normal Risk,Continue regular engagement
9350-VLHMB,67,89.55,6373.1,Fiber optic,Month-to-month,No,2,0.47828427202969304,No,Normal Risk,Continue regular engagement
3498-LZGQZ,63,19.15,1177.05,No,Two year,No,0,0.0028471099239519198,No,Normal Risk,Continue regular engagement
8785-CJSHH,60,99.8,5985.75,Fiber optic,Month-to-month,No,3,0.6715594069659537,Yes,Normal Risk,Continue regular engagement
5357-TZHPP,9,84.4,732.5,Fiber optic,Month-to-month,Yes,1,0.7152496112028244,Yes,High Risk,Offer contract upgrade discount
3870-SPZSI,70,113.05,7869.05,Fiber optic,Two year,No,6,0.028714613032466894,No,Normal Risk,Continue regular engagement
0680-DFNNY,15,101.1,1504.05,Fiber optic,Month-to-month,Yes,3,0.7118428638998509,Yes,High Risk,Offer contract upgrade discount
7560-QRBXH,48,19.95,936.7,No,One year,No,0,0.014816173921998086,No,Normal Risk,Continue regular engagement
7077-XJMET,12,74.15,741.4,DSL,Month-to-month,No,4,0.44438735993175726,No,Normal Risk,Continue regular engagement
8752-GHJFU,71,92.0,6585.2,Fiber optic,One year,No,4,0.03529114689241522,No,Normal Risk,Continue regular engagement
6896-SRVYQ,44,73.85,3122.4,Fiber optic,Month-to-month,No,1,0.44552060044762276,No,Normal Risk,Continue regular engagement
7767-UXAGJ,1,50.45,50.45,DSL,Month-to-month,Yes,0,0.723734222588094,Yes,High Risk,Offer contract upgrade discount
4652-ODEVH,45,24.45,1088.25,No,Two year,No,0,0.0059908543791604195,No,Normal Risk,Continue regular engagement
6510-UPNKS,23,24.8,615.35,No,One year,No,0,0.0535302956209044,No,Normal Risk,Continue regular engagement
6718-BDGHG,43,64.85,2908.2,DSL,One year,No,2,0.17446879606654567,No,Normal Risk,Continue regular engagement
9046-DQMTP,35,20.75,739.9,No,Month-to-month,No,0,0.1905969532080503,No,Normal Risk,Continue regular engagement
6439-LAJXL,9,68.95,593.85,DSL,Month-to-month,No,4,0.16023222626545147,No,Normal Risk,Continue regular engagement
1571-SAVHK,12,99.95,1132.75,Fiber optic,Month-to-month,Yes,3,0.7007264030591867,Yes,High Risk,Offer contract upgrade discount
9052-VKDUW,65,109.4,7227.45,Fiber optic,Month-to-month,No,5,0.28999333210731876,No,Normal Risk,Continue regular engagement
9546-CQJSU,2,91.4,193.6,Fiber optic,Month-to-month,Yes,2,0.8776749003605283,Yes,High Risk,Offer contract upgrade discount
1666-JZPZT,27,49.0,1291.35,DSL,Month-to-month,No,0,0.2976164159639011,No,Normal Risk,Continue regular engagement
5777-KJIRB,40,50.25,2023.55,DSL,One year,No,1,0.11874689376761759,No,Normal Risk,Continue regular engagement
0506-LVNGN,5,75.55,349.65,Fiber optic,Month-to-month,Yes,1,0.7087883794602058,Yes,High Risk,Offer contract upgrade discount
7677-SJJJK,8,19.9,153.95,No,One year,No,0,0.05808295540991606,No,Normal Risk,Continue regular engagement
2480-EJWYP,58,97.8,5458.8,Fiber optic,One year,No,3,0.39417716400851993,No,Normal Risk,Continue regular engagement
3253-HKOKL,52,100.3,5244.45,Fiber optic,One year,No,4,0.2009661785568578,No,Normal Risk,Continue regular engagement
7055-HNEOJ,3,55.8,154.55,DSL,Month-to-month,No,2,0.3427193776181397,No,Normal Risk,Continue regular engagement
5514-YQENT,41,111.15,4507.15,Fiber optic,Two year,No,6,0.06475263424242979,No,Normal Risk,Continue regular engagement
3211-AAPKX,20,98.55,2031.95,Fiber optic,Month-to-month,No,3,0.5275857199196625,Yes,Normal Risk,Continue regular engagement
8445-DNBAE,1,50.05,50.05,DSL,Month-to-month,No,0,0.5848085490968913,Yes,Normal Risk,Continue regular engagement
2951-QOQTK,4,80.8,332.45,Fiber optic,Month-to-month,Yes,1,0.46210238628658107,No,Normal Risk,Continue regular engagement
2958-NHPPS,23,20.85,473.9,No,Month-to-month,No,0,0.1820372524631043,No,Normal Risk,Continue regular engagement
6806-YDEUL,6,19.5,106.8,No,Month-to-month,No,0,0.5186707117663758,Yes,Normal Risk,Continue regular engagement
1735-XMJVH,8,19.35,152.6,No,Month-to-month,No,0,0.16766443639065795,No,Normal Risk,Continue regular engagement
6890-PFRQX,18,69.5,1199.4,DSL,Month-to-month,No,3,0.19084284621812833,No,Normal Risk,Continue regular engagement
0222-CNVPT,52,48.8,2555.05,DSL,Month-to-month,No,3,0.1249675284366018,No,Normal Risk,Continue regular engagement
5899-OUVKV,31,94.5,2979.2,Fiber optic,Month-to-month,No,3,0.708069947130191,Yes,High Risk,Offer contract upgrade discount
8681-ICONS,29,20.65,654.85,No,Month-to-month,No,0,0.05818344969447224,No,Normal Risk,Continue regular engagement
1621-YNCJH,36,106.05,3834.4,Fiber optic,Two year,No,5,0.05485254611781781,No,Normal Risk,Continue regular engagement
3473-XIIIT,16,100.0,1534.75,Fiber optic,Month-to-month,Yes,3,0.7101158553399337,Yes,High Risk,Offer contract upgrade discount
6362-QHAFM,42,108.3,4586.15,Fiber optic,One year,No,4,0.3732397857623845,No,Normal Risk,Continue regular engagement
7893-IXHRQ,1,20.55,20.55,No,Month-to-month,Yes,0,0.4913578900369014,No,Normal Risk,Continue regular engagement
3070-BDOQC,60,99.65,5941.05,Fiber optic,Two year,No,4,0.3004766404604113,No,Normal Risk,Continue regular engagement
2952-QAYZF,5,85.3,424.15,Fiber optic,Month-to-month,Yes,2,0.733110293951109,Yes,High Risk,Offer contract upgrade discount
6234-PFPXL,22,95.9,2234.95,Fiber optic,Month-to-month,No,3,0.2467114449395284,No,Normal Risk,Continue regular engagement
9824-QCJPK,36,20.0,666.75,No,One year,No,0,0.02534162741666156,No,Normal Risk,Continue regular engagement
4763-PGDPO,4,70.4,281.0,Fiber optic,Month-to-month,Yes,0,0.8737313131008012,Yes,High Risk,Offer contract upgrade discount
4283-IVYCI,9,64.95,547.8,DSL,Month-to-month,No,3,0.27883769675049264,No,Normal Risk,Continue regular engagement
1866-OBPNR,1,74.6,74.6,Fiber optic,Month-to-month,No,1,0.4574594473325019,No,Normal Risk,Continue regular engagement
8205-MQUGY,12,49.2,571.15,DSL,Month-to-month,No,1,0.270681468379416,No,Normal Risk,Continue regular engagement
8970-ANWXO,23,73.75,1756.6,DSL,One year,No,3,0.15841040096380518,No,Normal Risk,Continue regular engagement
9480-BQJEI,62,92.3,5731.45,Fiber optic,One year,No,3,0.23547748128799187,No,Normal Risk,Continue regular engagement
5394-SVGJV,37,98.8,3475.55,Fiber optic,Month-to-month,Yes,3,0.6869907521092906,Yes,Normal Risk,Continue regular engagement
6979-TNDEU,8,19.2,156.85,No,Month-to-month,No,0,0.35974236283045286,No,Normal Risk,Continue regular engagement
9777-WJJPR,31,88.65,2683.2,Fiber optic,Month-to-month,No,2,0.4386307578864496,No,Normal Risk,Continue regular engagement
9283-LZQOH,13,74.4,896.75,Fiber optic,Month-to-month,Yes,0,0.3584973434267718,No,Normal Risk,Continue regular engagement
7079-QRCBC,24,98.75,2407.3,Fiber optic,Month-to-month,Yes,3,0.7648011127558801,Yes,High Risk,Offer contract upgrade discount
9495-SKLKD,45,95.95,4456.65,Fiber optic,Month-to-month,No,3,0.5064754110855485,Yes,Normal Risk,Continue regular engagement
6048-UWKAL,69,105.4,6998.95,Fiber optic,Two year,No,4,0.08443043555761122,No,Normal Risk,Continue regular engagement
5067-DGXLL,2,20.25,36.8,No,Month-to-month,No,0,0.3717403901515473,No,Normal Risk,Continue regular engagement
5469-CTCWN,61,106.0,6547.7,Fiber optic,One year,Yes,4,0.16538798948577096,No,Normal Risk,Continue regular engagement
9851-QXEEQ,41,104.7,4346.4,Fiber optic,Month-to-month,Yes,4,0.6615257310491,Yes,Normal Risk,Continue regular engagement
6281-FKEWS,44,49.05,2265.0,DSL,One year,No,3,0.24956705758800166,No,Normal Risk,Continue regular engagement
8898-KASCD,39,35.55,1309.15,DSL,One year,No,2,0.05269309197727337,No,Normal Risk,Continue regular engagement
9242-TKFSV,72,65.1,4754.3,DSL,Two year,No,6,0.0044338493676020505,No,Normal Risk,Continue regular engagement
9290-SHCMB,13,96.85,1235.55,Fiber optic,Month-to-month,No,3,0.774410290453777,Yes,High Risk,Offer contract upgrade discount
0743-HNPFG,51,69.75,3562.5,DSL,One year,No,4,0.013109982785645994,No,Normal Risk,Continue regular engagement
2277-BKJKN,71,99.2,7213.75,Fiber optic,Two year,No,4,0.1976570932024485,No,Normal Risk,Continue regular engagement
9809-IMGCQ,22,96.7,2082.95,Fiber optic,Month-to-month,Yes,2,0.7512979660373867,Yes,High Risk,Offer contract upgrade discount
5208-HFSBT,2,55.05,102.75,DSL,Month-to-month,Yes,2,0.3847177460768103,No,Normal Risk,Continue regular engagement
5035-PGZXH,56,106.8,5914.4,Fiber optic,One year,No,4,0.4991339999002362,No,Normal Risk,Continue regular engagement
8695-WDYEA,1,51.25,51.25,DSL,Month-to-month,No,1,0.45528561622970615,No,Normal Risk,Continue regular engagement
6543-JXSOO,23,57.75,1282.85,DSL,One year,No,3,0.014416873379956997,No,Normal Risk,Continue regular engagement
8016-ZMGMO,66,70.85,4738.85,DSL,One year,No,3,0.10622763140055419,No,Normal Risk,Continue regular engagement
8605-ITULD,1,19.55,19.55,No,Month-to-month,No,0,0.4328489411670142,No,Normal Risk,Continue regular engagement
3254-YRILK,19,88.2,1775.8,Fiber optic,Month-to-month,Yes,2,0.5645489282871006,Yes,Normal Risk,Continue regular engagement
6416-YJTTB,11,79.5,795.65,Fiber optic,Month-to-month,No,2,0.715868710364693,Yes,High Risk,Offer contract upgrade discount
2667-WYLWJ,8,19.75,145.0,No,One year,Yes,0,0.08960928086196139,No,Normal Risk,Continue regular engagement
4472-VESGY,52,98.15,4993.4,Fiber optic,Month-to-month,No,4,0.3011179135902648,No,Normal Risk,Continue regular engagement
3195-TQDZX,3,20.25,61.45,No,Month-to-month,No,0,0.48345861599861584,No,Normal Risk,Continue regular engagement
3128-YOVTD,51,79.15,4018.55,Fiber optic,Month-to-month,No,2,0.28453431116300254,No,Normal Risk,Continue regular engagement
0529-ONKER,15,75.65,1146.65,Fiber optic,Month-to-month,Yes,0,0.6453258706408254,Yes,Normal Risk,Continue regular engagement
1728-CXQBE,64,94.25,6081.4,Fiber optic,Month-to-month,No,3,0.3986662080893323,No,Normal Risk,Continue regular engagement
7041-TXQJH,37,40.2,1478.85,DSL,Month-to-month,No,2,0.3315056468247304,No,Normal Risk,Continue regular engagement
5014-GSOUQ,13,19.95,243.65,No,Two year,No,0,0.041029612685440434,No,Normal Risk,Continue regular engagement
5724-BIDBU,49,55.35,2633.95,DSL,One year,No,1,0.058942005869318324,No,Normal Risk,Continue regular engagement
0481-SUMCB,45,102.15,4735.35,Fiber optic,One year,No,3,0.6518753151464628,Yes,Normal Risk,Continue regular engagement
1769-GRUIK,18,71.1,1247.75,Fiber optic,Month-to-month,No,0,0.7608934766694606,Yes,High Risk,Offer contract upgrade discount
5240-IJOQT,1,74.7,74.7,Fiber optic,Month-to-month,Yes,0,0.8106409263777878,Yes,High Risk,Offer contract upgrade discount
8819-WFGGJ,68,54.1,3794.5,DSL,Two year,No,4,0.04605124053457665,No,Normal Risk,Continue regular engagement
7427-AUFPY,54,19.65,1008.7,No,Two year,No,0,0.007882873694468285,No,Normal Risk,Continue regular engagement
2811-POVEX,23,88.45,2130.55,Fiber optic,Month-to-month,No,3,0.4624428780102568,No,Normal Risk,Continue regular engagement
1092-GANHU,17,76.65,1313.55,Fiber optic,Month-to-month,Yes,1,0.6763687835364625,Yes,Normal Risk,Continue regular engagement
7898-PDWQE,71,80.4,5727.15,DSL,Two year,No,5,0.007097572489741218,No,Normal Risk,Continue regular engagement
9972-EWRJS,67,19.25,1372.9,No,Two year,No,0,0.007503531123216818,No,Normal Risk,Continue regular engagement
9314-IJWSQ,14,84.8,1203.9,Fiber optic,Month-to-month,No,1,0.6222330716145686,Yes,Normal Risk,Continue regular engagement
0661-XEYAN,1,25.8,25.8,DSL,Month-to-month,Yes,0,0.7174514333291895,Yes,High Risk,Offer contract upgrade discount
5799-JRCZO,63,19.5,1215.1,No,Two year,No,0,0.003986859406803293,No,Normal Risk,Continue regular engagement
1921-KYSAY,41,68.6,2877.05,DSL,One year,No,3,0.12707795476539105,No,Normal Risk,Continue regular engagement
6198-RTPMF,17,92.6,1579.7,Fiber optic,Month-to-month,No,2,0.7402562637839551,Yes,High Risk,Offer contract upgrade discount
2924-KHUVI,56,100.55,5514.95,Fiber optic,One year,No,3,0.3076107941534325,No,Normal Risk,Continue regular engagement
1925-GMVBW,5,20.55,96.1,No,Month-to-month,No,0,0.37631263997314013,No,Normal Risk,Continue regular engagement
7881-EVUAD,2,42.6,72.4,DSL,Month-to-month,Yes,3,0.5914810041142902,Yes,Normal Risk,Continue regular engagement
6184-DYUOB,3,19.6,55.25,No,Month-to-month,No,0,0.371138309086802,No,Normal Risk,Continue regular engagement
9207-ZPANB,37,67.45,2443.3,DSL,One year,No,4,0.02468450353282645,No,Normal Risk,Continue regular engagement
5766-XQXMQ,29,68.85,1970.5,DSL,Month-to-month,Yes,4,0.31780544401139443,No,Normal Risk,Continue regular engagement
9327-QSDED,8,43.55,335.4,DSL,Month-to-month,No,0,0.5347981245271537,Yes,Normal Risk,Continue regular engagement
1656-DRSMG,63,109.85,7002.95,Fiber optic,Month-to-month,No,5,0.42995628651450873,No,Normal Risk,Continue regular engagement
3012-VFFMN,7,20.65,158.95,No,Month-to-month,No,0,0.22078629883932177,No,Normal Risk,Continue regular engagement
2984-AFWNC,3,95.4,293.15,Fiber optic,Month-to-month,No,3,0.8672401125161355,Yes,High Risk,Offer contract upgrade discount
0640-YJTPY,72,21.0,1493.75,No,Two year,No,0,0.005055486776462614,No,Normal Risk,Continue regular engagement
8096-LOIST,19,56.2,1093.4,DSL,Month-to-month,No,1,0.6077821168273976,Yes,Normal Risk,Continue regular engagement
9764-REAFF,59,18.4,1057.85,No,Two year,No,0,0.015221507157418553,No,Normal Risk,Continue regular engagement
3703-VAVCL,2,90.0,190.05,Fiber optic,Month-to-month,Yes,3,0.3827757172795999,No,Normal Risk,Continue regular engagement
7107-UBYKY,35,25.75,882.55,No,Month-to-month,No,0,0.08992962676509175,No,Normal Risk,Continue regular engagement
4881-GQJTW,14,19.6,300.4,No,Month-to-month,No,0,0.1410346636026817,No,Normal Risk,Continue regular engagement
8519-QJGJD,14,75.35,1025.95,Fiber optic,Month-to-month,Yes,1,0.7035439220260485,Yes,High Risk,Offer contract upgrade discount
7876-DNYAP,69,19.8,1436.95,No,Two year,No,0,0.002609235221438476,No,Normal Risk,Continue regular engagement
7905-NJMXS,7,64.2,475.0,DSL,Month-to-month,No,3,0.15925754984538606,No,Normal Risk,Continue regular engagement
2882-WDTBA,69,75.75,5388.15,DSL,Two year,No,5,0.010696449871511802,No,Normal Risk,Continue regular engagement
2091-GPPIQ,72,78.95,5730.15,DSL,Two year,No,4,0.025800289253259435,No,Normal Risk,Continue regular engagement
6326-MTTXK,8,100.85,819.55,Fiber optic,Month-to-month,Yes,3,0.8298499384398729,Yes,High Risk,Offer contract upgrade discount
5071-FBJFS,4,50.3,217.1,DSL,Month-to-month,No,1,0.3835553228384629,No,Normal Risk,Continue regular engagement
2796-UUZZO,63,80.3,4896.35,Fiber optic,Month-to-month,No,2,0.13976220347744028,No,Normal Risk,Continue regular engagement
2429-AYKKO,72,19.85,1434.1,No,Two year,No,0,0.010448053817230093,No,Normal Risk,Continue regular engagement
9798-OPFEM,46,21.1,937.1,No,Two year,No,0,0.030340592417493123,No,Normal Risk,Continue regular engagement
0330-IVZHA,5,69.95,330.15,Fiber optic,Month-to-month,Yes,0,0.8353545423132466,Yes,High Risk,Offer contract upgrade discount
3794-NFNCH,30,50.0,1474.9,DSL,Month-to-month,No,1,0.2190309703524334,No,Normal Risk,Continue regular engagement
5193-QLVZB,63,104.75,6536.5,Fiber optic,Two year,No,4,0.3426620514037561,No,Normal Risk,Continue regular engagement
7114-AEOZE,60,19.85,1128.1,No,Two year,No,0,0.021173674979696702,No,Normal Risk,Continue regular engagement
2886-KEFUM,63,107.5,6873.75,Fiber optic,One year,Yes,4,0.4628559856134669,No,Normal Risk,Continue regular engagement
5522-NYKPB,25,85.9,2199.05,Fiber optic,Month-to-month,No,2,0.40728763688222663,No,Normal Risk,Continue regular engagement
4237-RLAQD,1,45.85,45.85,DSL,Month-to-month,Yes,0,0.6450319152532311,Yes,Normal Risk,Continue regular engagement
9957-YODKZ,6,80.8,457.1,Fiber optic,Month-to-month,No,1,0.717091090675275,Yes,High Risk,Offer contract upgrade discount
6518-KZXCB,22,25.25,566.5,No,Two year,No,0,0.03034477712144509,No,Normal Risk,Continue regular engagement
2245-ADZFJ,31,80.55,2471.6,DSL,Two year,No,4,0.07265972552587589,No,Normal Risk,Continue regular engagement
7776-QGYJC,39,81.5,3107.3,Fiber optic,Month-to-month,No,2,0.4206892360526021,No,Normal Risk,Continue regular engagement
9313-QOLTZ,26,20.9,518.3,No,Month-to-month,No,0,0.1293274861426279,No,Normal Risk,Continue regular engagement
9651-GTSAQ,53,106.1,5769.75,Fiber optic,One year,Yes,5,0.3691353484759233,No,Normal Risk,Continue regular engagement
3186-BAXNB,1,91.7,91.7,Fiber optic,Month-to-month,Yes,3,0.7563711522727675,Yes,High Risk,Offer contract upgrade discount
4672-FOTSD,12,67.25,832.3,DSL,Month-to-month,No,3,0.2778519768453972,No,Normal Risk,Continue regular engagement
0637-YLETY,16,95.6,1555.65,Fiber optic,Month-to-month,Yes,3,0.5539816726000454,Yes,Normal Risk,Continue regular engagement
9818-XQCUV,2,20.35,45.3,No,Month-to-month,No,0,0.43806415202848414,No,Normal Risk,Continue regular engagement
7338-ERIVA,39,45.05,1790.6,DSL,One year,No,3,0.05523758330912105,No,Normal Risk,Continue regular engagement
1157-BQCUW,1,74.95,74.95,Fiber optic,Month-to-month,Yes,0,0.8498603056154722,Yes,High Risk,Offer contract upgrade discount
8259-NFJTV,7,34.65,246.6,DSL,Month-to-month,No,2,0.19594018569673163,No,Normal Risk,Continue regular engagement
3223-DWFIO,4,69.35,261.65,Fiber optic,Month-to-month,No,0,0.7897724666715651,Yes,High Risk,Offer contract upgrade discount
2660-EMUBI,10,95.35,898.35,Fiber optic,Month-to-month,Yes,2,0.8481586451657112,Yes,High Risk,Offer contract upgrade discount
6968-GMKPR,55,81.55,4509.5,Fiber optic,Month-to-month,No,2,0.5451896966738123,Yes,Normal Risk,Continue regular engagement
4751-ERMAN,72,75.4,5480.25,DSL,Two year,No,4,0.04447383775291596,No,Normal Risk,Continue regular engagement
1436-ZMJAN,10,67.8,653.15,DSL,Month-to-month,No,3,0.5253762798695999,Yes,Normal Risk,Continue regular engagement
3292-PBZEJ,11,111.4,1183.05,Fiber optic,Month-to-month,No,5,0.6209286723592585,Yes,Normal Risk,Continue regular engagement
0799-DDIHE,15,46.3,639.45,DSL,Month-to-month,No,0,0.3458878030037403,No,Normal Risk,Continue regular engagement
3070-FNFZQ,23,20.4,478.75,No,Two year,No,0,0.036814950515390375,No,Normal Risk,Continue regular engagement
2812-SFXMJ,1,20.05,20.05,No,Month-to-month,No,0,0.2517732684076145,No,Normal Risk,Continue regular engagement
7675-OZCZG,3,45.0,127.1,DSL,Month-to-month,Yes,0,0.6968923969499037,Yes,Normal Risk,Continue regular engagement
5014-WUQMG,47,96.1,4391.45,Fiber optic,One year,No,4,0.10107281783488277,No,Normal Risk,Continue regular engagement
5312-TSZVC,15,19.65,270.6,No,One year,No,0,0.045255598908053994,No,Normal Risk,Continue regular engagement
2003-CKLOR,66,99.5,6710.5,Fiber optic,Month-to-month,Yes,4,0.59279668843397,Yes,Normal Risk,Continue regular engagement
0993-OSGPT,68,60.65,3975.9,DSL,One year,No,3,0.03471353753182002,No,Normal Risk,Continue regular engagement
9254-RBFON,17,98.6,1704.95,Fiber optic,One year,Yes,4,0.27896084615683614,No,Normal Risk,Continue regular engagement
1205-WNWPJ,7,59.5,415.95,DSL,Month-to-month,Yes,2,0.5219282140928265,Yes,Normal Risk,Continue regular engagement
9391-EOYLI,12,80.45,950.2,Fiber optic,Month-to-month,Yes,1,0.7859492088915275,Yes,High Risk,Offer contract upgrade discount
7108-DGVUU,21,71.7,1497.05,DSL,One year,No,3,0.1995581604849756,No,Normal Risk,Continue regular engagement
2782-JEEBU,21,36.0,780.15,DSL,Month-to-month,No,2,0.19304910383395324,No,Normal Risk,Continue regular engagement
5127-BZENZ,56,65.2,3512.15,DSL,One year,No,2,0.06696219649158452,No,Normal Risk,Continue regular engagement
2720-FVBQP,6,48.95,273.25,DSL,Month-to-month,No,0,0.3902371624746676,No,Normal Risk,Continue regular engagement
9906-NHHVC,65,53.5,3517.9,DSL,Two year,No,4,0.07735142267115759,No,Normal Risk,Continue regular engagement
4522-XRWWI,42,80.45,3375.9,DSL,One year,No,4,0.04201577318560078,No,Normal Risk,Continue regular engagement
3766-EJLFL,68,109.05,7508.55,Fiber optic,Two year,No,5,0.10827661130056877,No,Normal Risk,Continue regular engagement
5939-SXWHM,48,26.3,1245.05,No,Two year,No,0,0.014176877182075389,No,Normal Risk,Continue regular engagement
8152-UOBNY,50,106.8,5347.95,Fiber optic,One year,No,4,0.3525085791821607,No,Normal Risk,Continue regular engagement
7351-KYHQH,7,64.95,493.65,DSL,Month-to-month,No,3,0.5727681509636318,Yes,Normal Risk,Continue regular engagement
7643-RCHXS,63,19.35,1263.85,No,Two year,No,0,0.005557556054274915,No,Normal Risk,Continue regular engagement
8246-SHFGA,17,21.1,385.55,No,Month-to-month,No,0,0.14111783331131245,No,Normal Risk,Continue regular engagement
8387-MOJJT,42,77.95,3384.0,Fiber optic,Month-to-month,Yes,1,0.37876762400934616,No,Normal Risk,Continue regular engagement
0620-XEFWH,4,18.85,84.2,No,Month-to-month,No,0,0.17587307894686038,No,Normal Risk,Continue regular engagement
6485-QXWWE,62,26.0,1638.7,No,Two year,No,0,0.01388844778826555,No,Normal Risk,Continue regular engagement
2761-OCIAX,2,74.7,165.4,Fiber optic,Month-to-month,Yes,1,0.7405367455478423,Yes,High Risk,Offer contract upgrade discount
7321-VGNKU,2,70.35,120.25,Fiber optic,Month-to-month,No,0,0.8559980262503784,Yes,High Risk,Offer contract upgrade discount
5327-CNLUQ,48,96.9,4473.45,Fiber optic,Two year,No,4,0.10488089290774316,No,Normal Risk,Continue regular engagement
7552-KEYGT,27,19.55,520.55,No,Two year,No,0,0.04603739709076932,No,Normal Risk,Continue regular engagement
5816-JMLGY,70,80.4,5717.85,DSL,Two year,No,5,0.03614911451574585,No,Normal Risk,Continue regular engagement
3068-OMWZA,1,88.8,88.8,Fiber optic,Month-to-month,Yes,2,0.7789014239131596,Yes,High Risk,Offer contract upgrade discount
2927-QRRQV,46,94.65,4312.5,Fiber optic,One year,No,3,0.2641072463146653,No,Normal Risk,Continue regular engagement
6032-KRXXO,30,90.25,2755.35,Fiber optic,Month-to-month,Yes,2,0.7901857199600446,Yes,High Risk,Offer contract upgrade discount
7459-RRWQZ,15,64.65,994.55,DSL,Month-to-month,Yes,2,0.5229778280815197,Yes,Normal Risk,Continue regular engagement
6265-SXWBU,69,95.75,6511.25,Fiber optic,One year,No,3,0.08370114565744056,No,Normal Risk,Continue regular engagement
7941-RCJOW,65,19.55,1218.65,No,Two year,No,0,0.005400978831708931,No,Normal Risk,Continue regular engagement
6374-NTQLP,72,104.1,7447.7,Fiber optic,Two year,No,5,0.022410425994051474,No,Normal Risk,Continue regular engagement
4154-AQUGT,13,89.05,1169.35,Fiber optic,Month-to-month,Yes,3,0.4770500624240649,No,Normal Risk,Continue regular engagement
2387-KDZQY,17,20.1,279.5,No,One year,No,0,0.06223674714920847,No,Normal Risk,Continue regular engagement
3584-WKTTW,51,111.55,5720.35,Fiber optic,One year,No,5,0.20452448268191875,No,Normal Risk,Continue regular engagement
3399-BMLVW,51,60.5,3121.45,DSL,Two year,No,3,0.004086710632610706,No,Normal Risk,Continue regular engagement
1971-DTCZB,72,90.95,6468.6,DSL,Two year,No,6,0.038580096791193876,No,Normal Risk,Continue regular engagement
3092-IGHWF,67,87.4,5918.8,Fiber optic,One year,Yes,2,0.12157346753714814,No,Normal Risk,Continue regular engagement
3374-PZLXD,34,19.7,675.6,No,Month-to-month,No,0,0.0898423185512835,No,Normal Risk,Continue regular engagement
3813-DHBBB,67,50.95,3521.7,DSL,Two year,No,4,0.019390230597767885,No,Normal Risk,Continue regular engagement
2812-REYAT,49,20.05,923.1,No,One year,No,0,0.0466505940379786,No,Normal Risk,Continue regular engagement
6518-PPLMZ,53,19.4,1110.35,No,Two year,No,0,0.004554469341310617,No,Normal Risk,Continue regular engagement
4939-KYYPY,27,59.45,1611.65,DSL,Month-to-month,No,2,0.22918801674899864,No,Normal Risk,Continue regular engagement
8017-LXHFA,23,94.75,2293.6,Fiber optic,Month-to-month,Yes,3,0.7048064850261648,Yes,High Risk,Offer contract upgrade discount
5930-GBIWP,69,81.5,5553.25,DSL,Two year,No,5,0.01082103784764189,No,Normal Risk,Continue regular engagement
6022-KOUQO,2,29.05,44.75,DSL,Month-to-month,No,1,0.5633849789504112,Yes,Normal Risk,Continue regular engagement
6352-TWCAU,35,86.45,3029.1,Fiber optic,Month-to-month,Yes,1,0.7917873363775811,Yes,High Risk,Offer contract upgrade discount
2361-UPSND,46,70.6,3231.05,DSL,One year,No,4,0.02976126408367964,No,Normal Risk,Continue regular engagement
6035-RIIOM,54,97.2,5129.45,Fiber optic,Two year,No,3,0.39154173846656926,No,Normal Risk,Continue regular engagement
2929-QNSRW,56,98.25,5508.35,Fiber optic,One year,Yes,3,0.399558550989624,No,Normal Risk,Continue regular engagement
1262-OPMFY,9,75.75,655.9,Fiber optic,Month-to-month,Yes,1,0.8593049827406658,Yes,High Risk,Offer contract upgrade discount
9504-DSHWM,20,59.2,1191.2,DSL,Month-to-month,No,2,0.21579563750347044,No,Normal Risk,Continue regular engagement
5035-BVCXS,11,75.9,866.4,Fiber optic,Month-to-month,No,1,0.6948233602239354,Yes,Normal Risk,Continue regular engagement
6267-DCFFZ,30,90.05,2627.2,Fiber optic,Month-to-month,No,2,0.5921246534712492,Yes,Normal Risk,Continue regular engagement
3533-UVMOM,68,70.95,4741.45,DSL,Two year,No,4,0.029674864264184996,No,Normal Risk,Continue regular engagement
2439-LYPMQ,38,102.6,4009.2,Fiber optic,Month-to-month,No,4,0.5033309931129539,Yes,Normal Risk,Continue regular engagement
4248-QPAVC,17,85.35,1463.45,Fiber optic,Month-to-month,Yes,2,0.5182721060691722,Yes,Normal Risk,Continue regular engagement
1899-VXWXM,48,106.1,5082.8,Fiber optic,One year,Yes,4,0.3001627201185142,No,Normal Risk,Continue regular engagement
1478-VPOAD,1,43.8,43.8,DSL,Month-to-month,No,0,0.7441195128130482,Yes,High Risk,Offer contract upgrade discount
9995-HOTOH,63,59.0,3707.6,DSL,Two year,No,5,0.013266043141473411,No,Normal Risk,Continue regular engagement
2988-PLAHS,3,69.95,220.45,DSL,One year,No,3,0.5588221547150113,Yes,Normal Risk,Continue regular engagement
1371-OJCEK,48,24.35,1133.7,No,One year,No,0,0.05788597630497609,No,Normal Risk,Continue regular engagement
4999-IEZLT,66,29.45,1983.15,DSL,One year,No,1,0.020424640911571375,No,Normal Risk,Continue regular engagement
8883-ANODQ,68,84.4,5746.75,Fiber optic,Two year,No,2,0.04349247705756102,No,Normal Risk,Continue regular engagement
4690-LLKUA,17,45.05,770.6,DSL,Month-to-month,Yes,0,0.4042436104455202,No,Normal Risk,Continue regular engagement
2351-RRBUE,7,20.65,134.05,No,One year,No,0,0.09291226111620134,No,Normal Risk,Continue regular engagement
5980-BDHPY,72,87.1,6230.1,DSL,Two year,No,6,0.020629941640892265,No,Normal Risk,Continue regular engagement
1498-DQNRX,29,19.85,573.05,No,Month-to-month,No,0,0.11005900790240189,No,Normal Risk,Continue regular engagement
9469-WEJBT,37,90.35,3419.3,Fiber optic,Month-to-month,No,3,0.48429895868910067,No,Normal Risk,Continue regular engagement
3331-HQDTW,34,109.8,3587.25,Fiber optic,Month-to-month,Yes,5,0.4516979067208464,No,Normal Risk,Continue regular engagement
9490-DFPMD,42,84.65,3541.35,Fiber optic,Month-to-month,Yes,1,0.6929277486933307,Yes,Normal Risk,Continue regular engagement
2581-VKIRT,59,65.5,3801.3,DSL,One year,No,3,0.009101383082309426,No,Normal Risk,Continue regular engagement
5442-XSDCW,11,79.5,868.5,Fiber optic,Month-to-month,Yes,1,0.7787683016215089,Yes,High Risk,Offer contract upgrade discount
7426-WEIJX,60,80.95,4859.1,Fiber optic,Month-to-month,No,1,0.1976849481270171,No,Normal Risk,Continue regular engagement
2851-MMUTZ,27,56.15,1439.35,DSL,Month-to-month,No,2,0.20212312920604922,No,Normal Risk,Continue regular engagement
3049-NDXFL,1,85.8,85.8,Fiber optic,Month-to-month,Yes,1,0.8518973884101078,Yes,High Risk,Offer contract upgrade discount
8580-AECUZ,1,79.1,79.1,Fiber optic,Month-to-month,Yes,1,0.829396484656789,Yes,High Risk,Offer contract upgrade discount
3307-TLCUD,17,34.4,592.75,DSL,Month-to-month,No,2,0.1598897761952019,No,Normal Risk,Continue regular engagement
6625-FLENO,58,20.75,1185.95,No,Two year,No,0,0.0068524747661533525,No,Normal Risk,Continue regular engagement
2967-MXRAV,1,18.8,18.8,No,One year,No,0,0.08031439920397707,No,Normal Risk,Continue regular engagement
7963-GQRMY,3,44.3,134.5,DSL,Month-to-month,Yes,0,0.44477100871749,No,Normal Risk,Continue regular engagement
8189-HBVRW,53,90.8,4921.2,Fiber optic,Month-to-month,No,3,0.3887073557693521,No,Normal Risk,Continue regular engagement
4163-KIUHY,35,25.6,901.25,No,Month-to-month,No,0,0.14895275688044946,No,Normal Risk,Continue regular engagement
1228-FZFRV,50,105.95,5341.8,Fiber optic,Month-to-month,Yes,4,0.2569127625414051,No,Normal Risk,Continue regular engagement
3500-NSDOA,68,70.8,4859.95,DSL,Two year,No,3,0.00900822833253373,No,Normal Risk,Continue regular engagement
1171-TYKUR,47,25.4,1139.2,No,Month-to-month,No,0,0.0719980926196961,No,Normal Risk,Continue regular engagement
3761-FLYZI,65,108.8,7082.45,Fiber optic,Month-to-month,No,4,0.7444563547571295,Yes,High Risk,Offer contract upgrade discount
2058-DCJBE,5,69.75,324.6,Fiber optic,Month-to-month,Yes,0,0.8403962642490942,Yes,High Risk,Offer contract upgrade discount
5364-XYIRR,51,94.65,4812.75,Fiber optic,Month-to-month,Yes,2,0.6950940802795645,Yes,Normal Risk,Continue regular engagement
4829-AUOAX,46,96.05,4399.5,Fiber optic,Month-to-month,Yes,2,0.8619290515018032,Yes,High Risk,Offer contract upgrade discount
1219-NNDDO,9,76.85,663.55,Fiber optic,Month-to-month,No,0,0.8799834281092629,Yes,High Risk,Offer contract upgrade discount
8388-DMKAE,8,20.25,174.65,No,Two year,No,0,0.11556291388557384,No,Normal Risk,Continue regular engagement
4403-BWPAY,14,24.8,321.7,No,One year,No,0,0.05984561966241951,No,Normal Risk,Continue regular engagement
9659-QEQSY,45,115.65,5125.5,Fiber optic,Month-to-month,No,6,0.42967942537702725,No,Normal Risk,Continue regular engagement
5405-ZMYXQ,8,74.6,548.9,Fiber optic,Month-to-month,No,0,0.7780534880199188,Yes,High Risk,Offer contract upgrade discount
5047-LHVLY,1,50.15,50.15,DSL,Month-to-month,Yes,1,0.3601236274661858,No,Normal Risk,Continue regular engagement
1442-OKRJE,66,103.15,7031.3,Fiber optic,One year,No,5,0.15159414912568916,No,Normal Risk,Continue regular engagement
4737-AQCPU,72,72.1,5016.65,DSL,Two year,No,4,0.0026690711234125357,No,Normal Risk,Continue regular engagement
9158-VCTQB,41,113.6,4594.95,Fiber optic,Month-to-month,Yes,6,0.4211292969965735,No,Normal Risk,Continue regular engagement
2808-CHTDM,23,25.1,611.45,No,Two year,No,0,0.016621917040564274,No,Normal Risk,Continue regular engagement
6311-UEUME,29,78.9,2384.15,Fiber optic,Month-to-month,Yes,1,0.7700615980476317,Yes,High Risk,Offer contract upgrade discount
0793-TWELN,4,80.15,319.85,Fiber optic,Month-to-month,No,1,0.773811007360652,Yes,High Risk,Offer contract upgrade discount
3283-WCWXT,6,25.4,153.3,No,Two year,No,0,0.04414641537237737,No,Normal Risk,Continue regular engagement
1060-ENTOF,67,105.4,7035.6,Fiber optic,One year,No,5,0.05666699412399511,No,Normal Risk,Continue regular engagement
0999-QXNSA,7,45.75,344.2,DSL,Month-to-month,No,0,0.3943206089920403,No,Normal Risk,Continue regular engagement
5451-MHQOF,56,24.45,1431.65,No,One year,No,0,0.007427416457802394,No,Normal Risk,Continue regular engagement
4836-WNFNO,72,25.0,1849.2,No,Two year,No,0,0.004721211313700472,No,Normal Risk,Continue regular engagement
9225-BZLNZ,72,85.25,6083.1,DSL,Two year,No,5,0.03221490435233429,No,Normal Risk,Continue regular engagement
0354-VXMJC,23,19.6,426.65,No,Two year,No,0,0.010243254521500407,No,Normal Risk,Continue regular engagement
4422-QVIJA,35,50.15,1655.35,DSL,Month-to-month,No,0,0.20801857947788685,No,Normal Risk,Continue regular engagement
9365-SRSZE,27,70.55,1943.9,Fiber optic,Month-to-month,No,0,0.5833948998857528,Yes,Normal Risk,Continue regular engagement
6839-ITVZJ,26,60.05,1616.15,DSL,Month-to-month,Yes,2,0.14417058800866522,No,Normal Risk,Continue regular engagement
8332-OSJDW,12,26.4,314.95,No,One year,No,0,0.06364901275734043,No,Normal Risk,Continue regular engagement
4735-BJKOU,40,20.15,804.85,No,Two year,No,0,0.021959654101913733,No,Normal Risk,Continue regular engagement
0274-JKUJR,7,58.85,465.7,DSL,Month-to-month,No,5,0.20506352715045126,No,Normal Risk,Continue regular engagement
5740-YHGTW,70,97.55,6669.05,Fiber optic,Month-to-month,No,3,0.16310572962227338,No,Normal Risk,Continue regular engagement
8917-SZTTJ,60,19.65,1161.75,No,Two year,No,0,0.0027283324336642807,No,Normal Risk,Continue regular engagement
1696-MZVAU,39,25.25,947.75,DSL,One year,No,0,0.04602709148839974,No,Normal Risk,Continue regular engagement
7359-WWYJV,72,114.45,8375.05,Fiber optic,Two year,No,6,0.045071199549530164,No,Normal Risk,Continue regular engagement
0375-HVGXO,1,34.7,34.7,DSL,Month-to-month,Yes,1,0.8426761925472332,Yes,High Risk,Offer contract upgrade discount
4906-ZHGPK,54,70.7,3770.0,DSL,One year,No,3,0.03415800656665064,No,Normal Risk,Continue regular engagement
8593-WHYHV,3,85.3,264.8,Fiber optic,Month-to-month,Yes,1,0.872238932000886,Yes,High Risk,Offer contract upgrade discount
3795-GWTRD,63,75.55,4707.85,DSL,Two year,No,5,0.004987981147628089,No,Normal Risk,Continue regular engagement
1298-PHBTI,71,84.8,6152.4,Fiber optic,Two year,No,2,0.04170891124000041,No,Normal Risk,Continue regular engagement
6223-DHJGV,42,20.65,958.1,No,One year,No,0,0.039617973411538006,No,Normal Risk,Continue regular engagement
6961-MJKBO,47,20.45,943.0,No,Two year,No,0,0.029165155604861662,No,Normal Risk,Continue regular engagement
6097-EQISJ,66,102.45,6615.15,Fiber optic,One year,Yes,4,0.12632348176488659,No,Normal Risk,Continue regular engagement
4423-YLHDV,21,104.4,2200.25,Fiber optic,Month-to-month,Yes,4,0.6653713295431105,Yes,Normal Risk,Continue regular engagement
8158-WPEZG,11,35.65,425.1,DSL,Month-to-month,No,2,0.4810989878891774,No,Normal Risk,Continue regular engagement
0107-YHINA,1,99.75,99.75,Fiber optic,Month-to-month,Yes,3,0.7657160904042539,Yes,High Risk,Offer contract upgrade discount
4918-FYJNT,55,90.45,5044.8,Fiber optic,Month-to-month,No,3,0.27503793898237233,No,Normal Risk,Continue regular engagement
0727-BNRLG,69,97.65,6743.55,Fiber optic,Two year,No,4,0.05595290260711367,No,Normal Risk,Continue regular engagement
4854-CIDCF,3,73.85,196.4,Fiber optic,Month-to-month,No,1,0.786298928486546,Yes,High Risk,Offer contract upgrade discount
8640-SDGKB,4,74.4,299.7,DSL,Month-to-month,Yes,4,0.562031627113279,Yes,Normal Risk,Continue regular engagement
3280-MRDOF,30,69.1,2093.9,DSL,Two year,No,3,0.03358774770471547,No,Normal Risk,Continue regular engagement
6435-SRWBJ,5,82.75,417.75,Fiber optic,Month-to-month,No,2,0.6984197954775602,Yes,Normal Risk,Continue regular engagement
9964-WBQDJ,71,24.4,1725.4,No,Two year,No,0,0.004833891177483483,No,Normal Risk,Continue regular engagement
6303-KFWSL,29,55.25,1620.2,DSL,One year,No,1,0.19733206490525104,No,Normal Risk,Continue regular engagement
1702-CCFNJ,52,61.35,3169.55,DSL,Month-to-month,No,2,0.15957301053868095,No,Normal Risk,Continue regular engagement
8932-CZHRQ,68,76.75,5233.25,DSL,One year,No,4,0.031076553719399158,No,Normal Risk,Continue regular engagement
0386-CWRGM,46,19.4,967.85,No,Two year,No,0,0.0072922110143595975,No,Normal Risk,Continue regular engagement
5515-RUGKN,8,54.75,438.05,DSL,Month-to-month,No,1,0.5920624235422901,Yes,Normal Risk,Continue regular engagement
0404-AHASP,72,19.7,1421.9,No,Two year,No,0,0.0030866925251028256,No,Normal Risk,Continue regular engagement
7279-NMVJC,17,19.9,323.15,No,One year,No,0,0.1544240647503352,No,Normal Risk,Continue regular engagement
2081-VEYEH,3,107.95,318.6,Fiber optic,Month-to-month,No,5,0.7182527757727512,Yes,High Risk,Offer contract upgrade discount
6407-UTSLV,2,83.8,163.7,Fiber optic,Month-to-month,No,2,0.8545224164522673,Yes,High Risk,Offer contract upgrade discount
4116-TZAQJ,9,74.25,639.65,Fiber optic,Month-to-month,Yes,1,0.6253764776860862,Yes,Normal Risk,Continue regular engagement
9060-HJJRW,51,56.4,2928.5,DSL,One year,No,4,0.11948612389160511,No,Normal Risk,Continue regular engagement
2587-YNLES,6,20.1,100.35,No,Two year,No,0,0.056238745771574415,No,Normal Risk,Continue regular engagement
7398-SKNQZ,3,94.9,273.2,Fiber optic,Month-to-month,No,2,0.8783570968241647,Yes,High Risk,Offer contract upgrade discount
5935-FCCNB,17,94.2,1608.15,Fiber optic,Month-to-month,No,2,0.7746207453415698,Yes,High Risk,Offer contract upgrade discount
1958-RNRKS,30,49.9,1441.95,DSL,Month-to-month,No,0,0.33225540044390206,No,Normal Risk,Continue regular engagement
5136-RGMZO,31,71.05,2168.15,DSL,Month-to-month,No,3,0.2664053085358665,No,Normal Risk,Continue regular engagement
8345-MVDYC,45,81.65,3618.7,DSL,Two year,No,5,0.0845966371859087,No,Normal Risk,Continue regular engagement
8226-BXGES,64,89.45,5692.65,Fiber optic,One year,No,3,0.12990805472389633,No,Normal Risk,Continue regular engagement
3877-JRJIP,1,59.85,59.85,DSL,Month-to-month,Yes,1,0.7424787520116102,Yes,High Risk,Offer contract upgrade discount
8375-DKEBR,1,69.6,69.6,Fiber optic,Month-to-month,Yes,0,0.8510775661671626,Yes,High Risk,Offer contract upgrade discount
9705-IOVQQ,61,99.0,5969.3,Fiber optic,One year,No,3,0.16906132237448837,No,Normal Risk,Continue regular engagement
1015-OWJKI,1,19.05,19.05,No,Month-to-month,No,0,0.36074407115827306,No,Normal Risk,Continue regular engagement
7511-YMXVQ,9,45.4,418.8,DSL,Month-to-month,Yes,2,0.8048685922856391,Yes,High Risk,Offer contract upgrade discount
2040-XBAVJ,72,114.45,8100.55,Fiber optic,Two year,No,6,0.05765961527787132,No,Normal Risk,Continue regular engagement
7551-JOHTI,1,19.5,19.5,No,Month-to-month,Yes,0,0.43194194653285567,No,Normal Risk,Continue regular engagement
8887-IPQNC,7,44.25,313.45,DSL,Month-to-month,No,0,0.5782871908311134,Yes,Normal Risk,Continue regular engagement
8646-JCOMS,66,90.55,6130.95,Fiber optic,One year,No,3,0.20760026793545172,No,Normal Risk,Continue regular engagement
9804-ICWBG,1,69.9,69.9,Fiber optic,Month-to-month,Yes,0,0.8533542665602695,Yes,High Risk,Offer contract upgrade discount
1222-KJNZD,40,20.4,745.3,No,Month-to-month,No,0,0.07727941600195891,No,Normal Risk,Continue regular engagement
0106-GHRQR,16,71.4,1212.1,DSL,Month-to-month,No,3,0.5089828797787332,Yes,Normal Risk,Continue regular engagement
5318-IXUZF,2,87.15,183.75,Fiber optic,Month-to-month,Yes,2,0.9076883194910459,Yes,High Risk,Offer contract upgrade discount
3768-VHXQO,67,24.85,1583.5,No,Two year,No,0,0.004092834984288875,No,Normal Risk,Continue regular engagement
8952-WCVCD,41,104.45,4162.05,Fiber optic,One year,No,5,0.32478462904766253,No,Normal Risk,Continue regular engagement
2418-TPEUN,56,19.8,1119.9,No,Two year,No,0,0.00458512722209637,No,Normal Risk,Continue regular engagement
3963-RYFNS,72,116.45,8013.55,Fiber optic,Two year,No,6,0.181367206563341,No,Normal Risk,Continue regular engagement
3198-VELRD,3,84.75,264.85,Fiber optic,Month-to-month,Yes,1,0.8446068020735205,Yes,High Risk,Offer contract upgrade discount
8540-ZQGEA,54,20.05,1102.4,No,Two year,No,0,0.008560708988500067,No,Normal Risk,Continue regular engagement
1320-REHCS,52,110.75,5832.0,Fiber optic,Month-to-month,No,5,0.4716792882269435,No,Normal Risk,Continue regular engagement
4137-JOPHL,50,89.7,4304.5,Fiber optic,Two year,No,3,0.2654355153568721,No,Normal Risk,Continue regular engagement
9436-ZBZCT,14,89.95,1178.4,Fiber optic,Month-to-month,Yes,2,0.5991131760798148,Yes,Normal Risk,Continue regular engagement
7801-CEDNV,27,48.7,1421.75,DSL,One year,No,1,0.0503637617441537,No,Normal Risk,Continue regular engagement
2057-BOYKM,72,96.6,6827.5,Fiber optic,Two year,No,4,0.05715441362093248,No,Normal Risk,Continue regular engagement
3658-QQJYD,62,74.3,4698.05,DSL,One year,No,4,0.045720711718802425,No,Normal Risk,Continue regular engagement
1803-BGNBD,12,54.3,654.5,DSL,Month-to-month,No,2,0.4483456998366171,No,Normal Risk,Continue regular engagement
0134-XWXCE,44,74.85,3268.05,DSL,One year,No,4,0.16873125037403916,No,Normal Risk,Continue regular engagement
6950-TWMYB,54,79.95,4362.05,Fiber optic,Two year,No,2,0.06843150407926728,No,Normal Risk,Continue regular engagement
5848-FHRFC,68,20.05,1386.9,No,Two year,No,0,0.016330721206288017,No,Normal Risk,Continue regular engagement
2243-FNMMI,20,19.4,415.4,No,Month-to-month,No,0,0.1283612927933731,No,Normal Risk,Continue regular engagement
2511-MORQY,50,54.9,2614.1,DSL,One year,No,1,0.06505834050694576,No,Normal Risk,Continue regular engagement
5356-KZCKT,58,24.45,1513.6,No,Two year,No,0,0.008154664516832479,No,Normal Risk,Continue regular engagement
9470-XCCEM,35,89.65,3161.6,Fiber optic,Month-to-month,No,2,0.5279957909769525,Yes,Normal Risk,Continue regular engagement
6519-CFDBX,2,45.4,80.95,DSL,Month-to-month,No,0,0.772420764082582,Yes,High Risk,Offer contract upgrade discount
3902-MIVLE,63,75.7,4676.7,DSL,Two year,No,4,0.0068544006311703175,No,Normal Risk,Continue regular engagement
0409-WTMPL,58,110.65,6526.65,Fiber optic,One year,No,5,0.18276929754058316,No,Normal Risk,Continue regular engagement
8763-KIAFH,27,20.55,583.3,No,One year,No,0,0.030266905549949895,No,Normal Risk,Continue regular engagement
3669-WHAFY,71,115.15,8078.1,Fiber optic,Two year,No,6,0.06069455901490528,No,Normal Risk,Continue regular engagement
3055-VTCGS,63,58.55,3503.5,DSL,One year,No,2,0.06470518913385012,No,Normal Risk,Continue regular engagement
3144-KMTWZ,71,93.25,6669.45,Fiber optic,Month-to-month,No,3,0.5164443417681188,Yes,Normal Risk,Continue regular engagement
7279-BUYWN,41,113.2,4689.5,Fiber optic,Month-to-month,Yes,5,0.5822628863860606,Yes,Normal Risk,Continue regular engagement
7156-MHUGY,13,90.5,1201.15,Fiber optic,Month-to-month,Yes,2,0.7550754567234425,Yes,High Risk,Offer contract upgrade discount
7198-GLXTC,2,79.0,143.65,Fiber optic,Month-to-month,Yes,1,0.8510759260823648,Yes,High Risk,Offer contract upgrade discount
2007-QVGAW,68,19.35,1292.65,No,Two year,No,0,0.0069779323692333904,No,Normal Risk,Continue regular engagement
5207-PLSTK,1,48.75,48.75,DSL,Month-to-month,No,1,0.24337509855289574,No,Normal Risk,Continue regular engagement
2307-FYNNL,65,109.05,7108.2,Fiber optic,Two year,No,5,0.09977200496590446,No,Normal Risk,Continue regular engagement
5605-XNWEN,72,25.0,1802.55,No,Two year,No,0,0.007659876135551042,No,Normal Risk,Continue regular engagement
2155-AMQRX,28,54.9,1505.15,DSL,Month-to-month,No,1,0.2244980007201384,No,Normal Risk,Continue regular engagement
6181-AXXYF,72,24.75,1859.1,No,Two year,No,0,0.0019828764863693052,No,Normal Risk,Continue regular engagement
5091-HFAZW,2,91.15,168.5,Fiber optic,Month-to-month,No,3,0.74653724128018,Yes,High Risk,Offer contract upgrade discount
0516-VRYBW,18,20.15,390.85,No,One year,Yes,0,0.09166282095476795,No,Normal Risk,Continue regular engagement
2519-LBNQL,60,104.35,6339.45,Fiber optic,One year,No,4,0.27320180854956067,No,Normal Risk,Continue regular engagement
8623-ULFNQ,26,66.05,1652.4,DSL,Month-to-month,No,2,0.37628385146770116,No,Normal Risk,Continue regular engagement
8380-PEFPE,1,71.65,71.65,Fiber optic,Month-to-month,Yes,0,0.7857587683093438,Yes,High Risk,Offer contract upgrade discount
5687-DKDTV,4,20.35,77.5,No,Month-to-month,Yes,0,0.4177502307259849,No,Normal Risk,Continue regular engagement
1568-LJSZU,68,92.2,6392.85,DSL,Two year,No,6,0.008326471179645651,No,Normal Risk,Continue regular engagement
7530-HDYDS,38,84.25,3264.5,Fiber optic,Month-to-month,Yes,3,0.2843926673418501,No,Normal Risk,Continue regular engagement
7789-HKSBS,42,105.2,4599.15,Fiber optic,One year,No,4,0.3978257322341051,No,Normal Risk,Continue regular engagement
7416-CKTEP,57,19.6,1134.25,No,Two year,No,0,0.02014126338122931,No,Normal Risk,Continue regular engagement
2586-CWXVV,54,30.4,1621.35,DSL,Month-to-month,No,1,0.1427283271505817,No,Normal Risk,Continue regular engagement
3096-IZETN,12,78.1,947.3,Fiber optic,Month-to-month,Yes,1,0.9019681603875159,Yes,High Risk,Offer contract upgrade discount
2348-KCJLT,44,61.5,2722.2,DSL,One year,No,3,0.03781193263953051,No,Normal Risk,Continue regular engagement
8401-EMUWF,42,69.4,3058.3,DSL,Month-to-month,No,3,0.13946200412006826,No,Normal Risk,Continue regular engagement
4193-IBKSW,72,24.75,1769.6,No,Two year,No,0,0.004987628241870487,No,Normal Risk,Continue regular engagement
5377-NDTOU,71,91.05,6293.75,DSL,Two year,No,6,0.008958277090397005,No,Normal Risk,Continue regular engagement
5922-ABDVO,19,89.65,1761.05,Fiber optic,Month-to-month,Yes,2,0.58466649349827,Yes,Normal Risk,Continue regular engagement
2474-LCNUE,23,73.65,1642.75,DSL,Month-to-month,No,3,0.24737480910376694,No,Normal Risk,Continue regular engagement
0839-QNXME,30,19.4,578.5,No,Two year,No,0,0.026329298463064327,No,Normal Risk,Continue regular engagement
3506-OVLKD,35,26.2,954.9,No,One year,No,0,0.08573930194146262,No,Normal Risk,Continue regular engagement
9172-ANCRX,10,98.7,973.25,Fiber optic,Month-to-month,Yes,3,0.8048312370794763,Yes,High Risk,Offer contract upgrade discount
6650-VJONK,1,43.85,43.85,DSL,Month-to-month,No,0,0.7796588169747651,Yes,High Risk,Offer contract upgrade discount
2178-PMGCJ,22,69.7,1490.4,Fiber optic,Month-to-month,No,0,0.5668979993668852,Yes,Normal Risk,Continue regular engagement
7492-TAFJD,7,38.55,280.0,DSL,Two year,No,3,0.035155641956324556,No,Normal Risk,Continue regular engagement
2773-MADBQ,36,53.1,1901.25,DSL,Two year,No,5,0.020407972852099356,No,Normal Risk,Continue regular engagement
6016-LVTJQ,34,20.65,716.4,No,Month-to-month,No,0,0.05709084172671498,No,Normal Risk,Continue regular engagement
7860-KSUGX,72,64.45,4720.0,DSL,Two year,No,3,0.003814393391535922,No,Normal Risk,Continue regular engagement
8966-KZXXA,36,25.1,930.95,No,Two year,No,0,0.00782393996689757,No,Normal Risk,Continue regular engagement
6910-HADCM,1,76.35,76.35,Fiber optic,Month-to-month,Yes,1,0.8575149898526959,Yes,High Risk,Offer contract upgrade discount
4816-LXZYW,23,79.15,1676.95,Fiber optic,Month-to-month,Yes,1,0.6194145352967226,Yes,Normal Risk,Continue regular engagement
9606-PBKBQ,32,85.0,2642.05,Fiber optic,Month-to-month,Yes,1,0.6192400368532397,Yes,Normal Risk,Continue regular engagement
5149-QYTTU,71,95.15,6770.85,Fiber optic,One year,No,4,0.025561272115026224,No,Normal Risk,Continue regular engagement
2070-XYMFH,23,79.35,1835.3,Fiber optic,Month-to-month,No,1,0.5088060047278519,Yes,Normal Risk,Continue regular engagement
2085-BOJKI,17,96.65,1588.25,Fiber optic,One year,No,3,0.5735433857691431,Yes,Normal Risk,Continue regular engagement
0817-HSUSE,1,75.5,75.5,DSL,Month-to-month,No,4,0.5947291339038264,Yes,Normal Risk,Continue regular engagement
5442-PPTJY,12,19.7,258.35,No,Two year,No,0,0.03426589557207275,No,Normal Risk,Continue regular engagement
1927-QEWMY,72,20.5,1502.25,No,Two year,No,0,0.004401985911943455,No,Normal Risk,Continue regular engagement
1663-MHLHE,1,19.2,19.2,No,Month-to-month,No,0,0.36330465881670715,No,Normal Risk,Continue regular engagement
5663-QBGIS,72,98.35,6929.4,Fiber optic,Two year,No,3,0.20805188638168834,No,Normal Risk,Continue regular engagement
4450-MDZFX,60,74.35,4453.3,Fiber optic,Month-to-month,No,0,0.4095206467376781,No,Normal Risk,Continue regular engagement
6701-DHKWQ,61,51.35,3244.4,DSL,Two year,No,4,0.009445251519410917,No,Normal Risk,Continue regular engagement
7554-AKDQF,6,45.65,323.45,DSL,Month-to-month,No,0,0.5988826040176853,Yes,Normal Risk,Continue regular engagement
3536-IQCTX,32,85.3,2661.1,Fiber optic,Month-to-month,Yes,1,0.6097310661128598,Yes,Normal Risk,Continue regular engagement
4911-BANWH,31,86.55,2697.4,Fiber optic,Month-to-month,Yes,1,0.5586740850464891,Yes,Normal Risk,Continue regular engagement
8496-EJAUI,19,73.85,1424.5,Fiber optic,Month-to-month,Yes,1,0.4376192449064347,No,Normal Risk,Continue regular engagement
0794-YVSGE,72,20.3,1401.15,No,Two year,No,0,0.0046272557311270255,No,Normal Risk,Continue regular engagement
5423-BHIXO,32,54.2,1739.6,DSL,Month-to-month,No,1,0.36157643635278497,No,Normal Risk,Continue regular engagement
6908-VVYHM,65,90.65,5931.0,Fiber optic,Month-to-month,No,2,0.5285732803288955,Yes,Normal Risk,Continue regular engagement
2959-EEXWB,45,50.9,2333.85,DSL,Month-to-month,No,3,0.2894831499541679,No,Normal Risk,Continue regular engagement
1839-UMACK,42,25.05,949.85,No,One year,No,0,0.04004003321323822,No,Normal Risk,Continue regular engagement
3030-YDNRM,8,74.85,572.45,Fiber optic,Month-to-month,No,0,0.8308203910639518,Yes,High Risk,Offer contract upgrade discount
7321-KKSDU,32,20.5,696.8,No,Two year,No,0,0.01357123399249187,No,Normal Risk,Continue regular engagement
3402-XRIUO,22,63.55,1381.8,DSL,Month-to-month,No,3,0.05875596132165066,No,Normal Risk,Continue regular engagement
3132-TVFDZ,57,44.85,2572.95,DSL,Month-to-month,Yes,2,0.2614325924064105,No,Normal Risk,Continue regular engagement
8286-AFUYI,1,47.95,47.95,DSL,Month-to-month,No,1,0.5008639481726512,Yes,Normal Risk,Continue regular engagement
8080-DDEMJ,1,45.1,45.1,DSL,Month-to-month,Yes,0,0.6542522118155384,Yes,Normal Risk,Continue regular engagement
8356-WUAOJ,1,45.0,45.0,DSL,Month-to-month,No,0,0.726509714090098,Yes,High Risk,Offer contract upgrade discount
6365-MTGZX,24,96.0,2122.45,Fiber optic,Month-to-month,Yes,3,0.6445551939521602,Yes,Normal Risk,Continue regular engagement
1349-WXNGG,1,20.05,20.05,No,Month-to-month,Yes,0,0.5783499845703777,Yes,Normal Risk,Continue regular engagement
8058-DMYRU,54,90.05,4931.8,Fiber optic,Month-to-month,No,2,0.5454323172081459,Yes,Normal Risk,Continue regular engagement
9350-ZXYJC,4,25.3,116.95,No,Two year,No,0,0.12199686822960057,No,Normal Risk,Continue regular engagement
6990-YNRIO,65,108.65,6937.95,Fiber optic,Two year,Yes,5,0.07177981462755369,No,Normal Risk,Continue regular engagement
8958-JPTRR,56,24.3,1261.7,No,One year,No,0,0.022703767935653964,No,Normal Risk,Continue regular engagement
6959-GQEGV,45,75.95,3273.8,DSL,Month-to-month,No,4,0.2811035191626274,No,Normal Risk,Continue regular engagement
3173-WSSUE,71,19.7,1415.85,No,Two year,No,0,0.0023336009069669194,No,Normal Risk,Continue regular engagement
1265-HVPZB,59,66.4,3958.2,DSL,One year,No,4,0.015105537644785763,No,Normal Risk,Continue regular engagement
4115-UMJFQ,69,35.75,2492.25,DSL,One year,No,2,0.06260839341716554,No,Normal Risk,Continue regular engagement
7369-TRPFD,19,18.8,279.2,No,One year,No,0,0.04860674016075645,No,Normal Risk,Continue regular engagement
1098-KFQEC,55,19.4,1083.0,No,Two year,No,0,0.004292547217963707,No,Normal Risk,Continue regular engagement
7190-XHTWJ,38,19.3,755.5,No,One year,No,0,0.037429577760161134,No,Normal Risk,Continue regular engagement
0621-TWIEM,10,45.55,402.6,DSL,Month-to-month,Yes,0,0.6713304448300049,Yes,Normal Risk,Continue regular engagement
3537-RYBHH,47,67.45,3252.0,DSL,Month-to-month,No,3,0.0737435832196098,No,Normal Risk,Continue regular engagement
2485-ITVKB,2,35.1,68.75,DSL,Month-to-month,Yes,1,0.812914121949596,Yes,High Risk,Offer contract upgrade discount
3669-OYSJI,1,46.2,46.2,DSL,Month-to-month,Yes,0,0.6000816970854185,Yes,Normal Risk,Continue regular engagement
1612-EOHDH,1,45.15,45.15,DSL,Month-to-month,Yes,0,0.7626513347926412,Yes,High Risk,Offer contract upgrade discount
6702-OHFWR,1,43.3,43.3,DSL,Month-to-month,Yes,3,0.598613829644266,Yes,Normal Risk,Continue regular engagement
5296-BFCYD,46,20.1,936.85,No,Two year,No,0,0.0062446676343449505,No,Normal Risk,Continue regular engagement
4510-PYUSH,38,57.15,2250.65,DSL,Month-to-month,Yes,2,0.12208984603124892,No,Normal Risk,Continue regular engagement
9359-JANWS,65,58.9,3857.1,DSL,Two year,No,3,0.006860277930433824,No,Normal Risk,Continue regular engagement
7517-SAWMO,19,73.2,1441.1,Fiber optic,Month-to-month,Yes,1,0.49681981811554704,No,Normal Risk,Continue regular engagement
4143-HHPMK,52,85.35,4338.6,Fiber optic,Month-to-month,Yes,2,0.587681791174813,Yes,Normal Risk,Continue regular engagement
3279-DYZQM,71,19.45,1378.45,No,Two year,No,0,0.00200713585702943,No,Normal Risk,Continue regular engagement
7054-LGEQW,1,45.95,45.95,DSL,Month-to-month,Yes,0,0.6899105869576733,Yes,Normal Risk,Continue regular engagement
0523-VNGTF,52,50.5,2566.3,DSL,Month-to-month,No,4,0.14290965929221228,No,Normal Risk,Continue regular engagement
9575-IWCAZ,6,25.1,171.0,No,One year,No,0,0.12309951736643353,No,Normal Risk,Continue regular engagement
7105-MXJLL,26,60.7,1597.4,DSL,One year,No,2,0.1334721555297009,No,Normal Risk,Continue regular engagement
7064-FRRSW,48,99.0,4744.35,Fiber optic,One year,No,3,0.3649297199730091,No,Normal Risk,Continue regular engagement
7940-UQQUG,64,104.4,6721.6,Fiber optic,One year,No,4,0.19733389994902736,No,Normal Risk,Continue regular engagement
0923-PNFUB,3,83.75,247.25,Fiber optic,Month-to-month,Yes,2,0.8257880407146962,Yes,High Risk,Offer contract upgrade discount
3961-SXAXY,1,44.05,44.05,DSL,Month-to-month,No,0,0.7821877573936559,Yes,High Risk,Offer contract upgrade discount
7010-BRBUU,72,24.1,1734.65,No,Two year,No,0,0.0017978208272056398,No,Normal Risk,Continue regular engagement
3566-HJGPK,1,45.55,45.55,DSL,Month-to-month,No,0,0.6399388335490659,Yes,Normal Risk,Continue regular engagement
3062-ICYZQ,51,93.8,4539.35,Fiber optic,Month-to-month,No,3,0.2734806398302923,No,Normal Risk,Continue regular engagement
9938-PRCVK,41,19.7,804.25,No,Two year,No,0,0.019772245993134957,No,Normal Risk,Continue regular engagement
0973-KYVNF,72,70.65,5011.15,DSL,Two year,No,4,0.0077311700064075055,No,Normal Risk,Continue regular engagement
5129-HHMZC,43,86.45,3574.5,DSL,Two year,No,5,0.02368201260243837,No,Normal Risk,Continue regular engagement
9637-CDTKZ,72,114.1,8086.4,Fiber optic,Two year,No,6,0.04204476781779225,No,Normal Risk,Continue regular engagement
3946-JEWRQ,47,95.2,4563.0,Fiber optic,One year,No,2,0.348391890859889,No,Normal Risk,Continue regular engagement
7873-CVMAW,72,88.55,6362.35,DSL,Two year,No,6,0.011178680674386153,No,Normal Risk,Continue regular engagement
0463-WZZKO,3,20.75,67.1,No,Month-to-month,No,0,0.35405155050654324,No,Normal Risk,Continue regular engagement
3494-JCHRQ,1,70.05,70.05,Fiber optic,Month-to-month,Yes,0,0.8547362265176284,Yes,High Risk,Offer contract upgrade discount
6474-FVJLC,2,86.0,165.45,Fiber optic,Month-to-month,Yes,1,0.8786972797959117,Yes,High Risk,Offer contract upgrade discount
4524-QCSSM,26,44.65,1156.55,DSL,Month-to-month,No,3,0.3675808114382461,No,Normal Risk,Continue regular engagement
5832-EXGTT,29,60.2,1834.15,DSL,Month-to-month,No,2,0.12553913020281374,No,Normal Risk,Continue regular engagement
8840-DQLGN,35,100.5,3653.35,Fiber optic,Month-to-month,Yes,4,0.39110398005890995,No,Normal Risk,Continue regular engagement
2039-JONDJ,27,55.45,1477.65,DSL,One year,No,2,0.11896464070918318,No,Normal Risk,Continue regular engagement
7217-JYHOQ,24,70.3,1706.45,DSL,Month-to-month,No,4,0.04156495333879936,No,Normal Risk,Continue regular engagement
6695-FRVEC,67,60.4,3953.7,DSL,Two year,No,3,0.008610551609794992,No,Normal Risk,Continue regular engagement
4547-LYTDD,16,72.65,1194.3,Fiber optic,Month-to-month,Yes,0,0.7058068830588181,Yes,High Risk,Offer contract upgrade discount
9894-QMIMJ,23,55.8,1327.85,DSL,One year,No,2,0.22144607663451413,No,Normal Risk,Continue regular engagement
8069-YQQAJ,14,31.1,419.7,DSL,Month-to-month,No,1,0.3636159903213808,No,Normal Risk,Continue regular engagement
6770-XUAGN,1,21.0,21.0,No,Month-to-month,Yes,0,0.3760100682398897,No,Normal Risk,Continue regular engagement
4193-ORFCL,1,45.1,45.1,DSL,Month-to-month,Yes,0,0.6168097766346832,Yes,Normal Risk,Continue regular engagement
1636-NTNCO,4,50.95,207.35,DSL,Month-to-month,No,3,0.5864815921225497,Yes,Normal Risk,Continue regular engagement
3466-WAESX,16,69.1,1083.7,DSL,Month-to-month,No,3,0.16365304120529878,No,Normal Risk,Continue regular engagement
9281-PKKZE,46,43.95,2007.85,DSL,Month-to-month,No,2,0.4305750403535384,No,Normal Risk,Continue regular engagement
3638-VBZTA,68,86.5,5882.75,DSL,Two year,No,5,0.027745116450590458,No,Normal Risk,Continue regular engagement
7459-IMVYU,38,69.95,2657.55,DSL,Month-to-month,No,4,0.0796810389477414,No,Normal Risk,Continue regular engagement
7776-QWNFX,30,50.4,1527.5,DSL,Month-to-month,Yes,1,0.3048832458153331,No,Normal Risk,Continue regular engagement
6689-TCZHQ,5,78.95,378.4,Fiber optic,Month-to-month,Yes,1,0.8505837092954407,Yes,High Risk,Offer contract upgrade discount
8563-OYMQY,17,90.95,1612.2,Fiber optic,Month-to-month,No,3,0.4964505374457186,No,Normal Risk,Continue regular engagement
0754-EEBDC,4,19.9,76.65,No,Two year,No,0,0.04682068785103345,No,Normal Risk,Continue regular engagement
5777-ZPQNC,12,20.15,260.7,No,One year,No,0,0.22489165284460969,No,Normal Risk,Continue regular engagement
1951-IEYXM,72,90.6,6441.85,DSL,Two year,No,6,0.006244532300563182,No,Normal Risk,Continue regular engagement
3318-NMQXL,3,92.0,266.8,Fiber optic,Month-to-month,No,2,0.901692181551215,Yes,High Risk,Offer contract upgrade discount
3143-ILDAL,56,94.45,5124.6,Fiber optic,Month-to-month,Yes,3,0.42749378121093096,No,Normal Risk,Continue regular engagement
1022-RKXDR,41,24.85,962.25,No,One year,No,0,0.038032939655973715,No,Normal Risk,Continue regular engagement
2361-FJWNO,40,36.0,1382.9,DSL,One year,No,2,0.0399807608227212,No,Normal Risk,Continue regular engagement
2272-UOINI,7,78.5,571.05,DSL,Month-to-month,No,5,0.3819706681854668,No,Normal Risk,Continue regular engagement
8232-UTFOZ,69,19.95,1399.35,No,Two year,No,0,0.0046087968540525215,No,Normal Risk,Continue regular engagement
3750-YHRYO,7,20.65,150.0,No,One year,No,0,0.0732999148352116,No,Normal Risk,Continue regular engagement
6637-KYRCV,5,30.5,167.2,DSL,Month-to-month,No,1,0.548592627779563,Yes,Normal Risk,Continue regular engagement
5668-MEISB,72,106.1,7657.4,Fiber optic,Two year,No,5,0.023442627183011547,No,Normal Risk,Continue regular engagement
0129-QMPDR,44,20.5,865.05,No,One year,No,0,0.0259942494127491,No,Normal Risk,Continue regular engagement
7188-CBBBA,65,95.5,6153.85,Fiber optic,One year,No,3,0.3509060571254238,No,Normal Risk,Continue regular engagement
5356-CSVSQ,3,64.6,174.2,DSL,Month-to-month,No,2,0.625447537028682,Yes,Normal Risk,Continue regular engagement
3221-CJMSG,24,51.1,1269.6,DSL,Month-to-month,No,1,0.19292912099063841,No,Normal Risk,Continue regular engagement
4720-VSTSI,44,84.8,3862.55,Fiber optic,Month-to-month,Yes,2,0.6621834070935574,Yes,Normal Risk,Continue regular engagement
3219-JQRSL,72,89.1,6352.4,DSL,Two year,No,6,0.009093026002007133,No,Normal Risk,Continue regular engagement
2801-NISEI,24,54.95,1348.5,DSL,Month-to-month,No,2,0.15216127097001972,No,Normal Risk,Continue regular engagement
3946-MHCZW,1,50.9,50.9,DSL,Month-to-month,Yes,1,0.5652506830421565,Yes,Normal Risk,Continue regular engagement
4623-ZKHLY,22,20.45,471.55,No,Month-to-month,No,0,0.21812742831140536,No,Normal Risk,Continue regular engagement
6732-VAILE,70,85.95,5931.75,DSL,Two year,No,5,0.011935436383480328,No,Normal Risk,Continue regular engagement
8201-AAXCB,25,60.35,1404.65,DSL,Month-to-month,No,1,0.29012550472967297,No,Normal Risk,Continue regular engagement
7696-CFTAT,37,19.8,726.1,No,Two year,No,0,0.01797423328052167,No,Normal Risk,Continue regular engagement
1845-CSBRZ,22,85.35,1961.6,Fiber optic,Month-to-month,No,1,0.6268811934280953,Yes,Normal Risk,Continue regular engagement
2123-VSCOT,59,72.1,4194.85,DSL,Two year,No,3,0.04593843065977086,No,Normal Risk,Continue regular engagement
6651-AZVTJ,49,99.8,4872.45,Fiber optic,Month-to-month,Yes,3,0.5234149014715039,Yes,Normal Risk,Continue regular engagement
4566-GOLUK,47,107.35,5118.95,Fiber optic,Month-to-month,Yes,4,0.5477131734344127,Yes,Normal Risk,Continue regular engagement
2484-DGXPZ,31,19.55,658.95,No,Month-to-month,Yes,0,0.06329920211002991,No,Normal Risk,Continue regular engagement
2018-QKYGT,1,81.05,81.05,Fiber optic,Month-to-month,No,1,0.7669175933835937,Yes,High Risk,Offer contract upgrade discount
2792-VPPET,3,20.5,76.95,No,Month-to-month,No,0,0.48961686973063057,No,Normal Risk,Continue regular engagement
7409-JURKQ,53,111.8,5809.75,Fiber optic,One year,No,5,0.39258976704222387,No,Normal Risk,Continue regular engagement
3247-MHJKM,1,20.2,20.2,No,Month-to-month,No,0,0.38056784474569993,No,Normal Risk,Continue regular engagement
1964-SVLEA,20,19.7,415.9,No,One year,No,0,0.05568337543725968,No,Normal Risk,Continue regular engagement
4587-NUKOX,3,79.1,246.5,Fiber optic,Month-to-month,Yes,2,0.6850274727759162,Yes,Normal Risk,Continue regular engagement
7297-DVYGA,51,19.85,996.95,No,One year,No,0,0.05473169430546869,No,Normal Risk,Continue regular engagement
2239-CGBUZ,51,60.5,3145.15,DSL,One year,No,3,0.04464935620405239,No,Normal Risk,Continue regular engagement
0854-UYHZD,13,19.55,265.3,No,Two year,No,0,0.02303770183726006,No,Normal Risk,Continue regular engagement
7243-LCGGZ,1,20.9,20.9,No,Month-to-month,No,0,0.457488554999325,No,Normal Risk,Continue regular engagement
8267-KFGYD,1,21.05,21.05,No,Month-to-month,No,0,0.2798187620423388,No,Normal Risk,Continue regular engagement
4890-VMUAV,63,71.5,4576.3,DSL,One year,No,4,0.02267007777202378,No,Normal Risk,Continue regular engagement
9261-WDCAF,3,54.65,189.1,DSL,Month-to-month,No,1,0.6415190217182951,Yes,Normal Risk,Continue regular engagement
3764-MNMOI,46,19.2,908.15,No,Two year,No,0,0.010720529447286402,No,Normal Risk,Continue regular engagement
7442-YGZFK,1,49.8,49.8,DSL,Month-to-month,No,0,0.5844069769397097,Yes,Normal Risk,Continue regular engagement
0420-BWTPW,8,25.5,215.2,DSL,Month-to-month,Yes,0,0.4963556730720673,No,Normal Risk,Continue regular engagement
8229-BUJHX,71,20.5,1500.95,No,Two year,No,0,0.006672320240094628,No,Normal Risk,Continue regular engagement
7449-HVPIV,55,90.4,5099.15,Fiber optic,Month-to-month,No,2,0.3071554762934543,No,Normal Risk,Continue regular engagement
5504-WSIUR,70,90.25,6385.95,Fiber optic,One year,No,3,0.23125687980238732,No,Normal Risk,Continue regular engagement
8183-ONMXC,2,80.75,159.45,Fiber optic,Month-to-month,Yes,1,0.8991443230313717,Yes,High Risk,Offer contract upgrade discount
8466-PZBLH,67,104.6,6885.75,Fiber optic,Two year,No,4,0.08815214231296249,No,Normal Risk,Continue regular engagement
9614-RMGHA,65,91.85,5940.85,Fiber optic,Month-to-month,Yes,2,0.6340034430776734,Yes,Normal Risk,Continue regular engagement
8735-IJJEG,14,50.2,668.85,DSL,Month-to-month,No,1,0.23562605970228911,No,Normal Risk,Continue regular engagement
0564-MUUQK,20,95.5,1916.2,Fiber optic,Month-to-month,No,3,0.5098325287571914,Yes,Normal Risk,Continue regular engagement
5054-IEXZT,1,75.35,75.35,Fiber optic,Month-to-month,Yes,1,0.6852479612487609,Yes,Normal Risk,Continue regular engagement
5834-ASPWA,1,75.45,75.45,Fiber optic,Month-to-month,Yes,0,0.8545150200786894,Yes,High Risk,Offer contract upgrade discount
0701-RFGFI,49,95.4,4613.95,Fiber optic,Month-to-month,No,2,0.7223697352144027,Yes,High Risk,Offer contract upgrade discount
0019-EFAEP,72,101.3,7261.25,Fiber optic,Two year,No,4,0.20908575061213616,No,Normal Risk,Continue regular engagement
5619-PTMIK,46,53.1,2459.8,DSL,Month-to-month,No,1,0.1597829726965384,No,Normal Risk,Continue regular engagement
3737-XBQDD,24,84.85,2048.8,Fiber optic,Month-to-month,No,2,0.6208215443855576,Yes,Normal Risk,Continue regular engagement
5882-CMAZQ,5,34.25,163.55,DSL,Month-to-month,No,2,0.34493908740778784,No,Normal Risk,Continue regular engagement
5846-QFDFI,33,88.6,2888.7,Fiber optic,Month-to-month,No,3,0.13872214395801322,No,Normal Risk,Continue regular engagement
4445-KWOKW,42,60.15,2421.6,DSL,One year,No,2,0.11295279786280533,No,Normal Risk,Continue regular engagement
3511-APPBJ,23,99.95,2292.75,Fiber optic,One year,No,4,0.21714641175683155,No,Normal Risk,Continue regular engagement
7967-HYCDE,8,70.7,553.4,Fiber optic,Month-to-month,No,0,0.8805043806321348,Yes,High Risk,Offer contract upgrade discount
2430-RRYUW,66,54.8,3465.7,DSL,One year,No,2,0.020590282251897934,No,Normal Risk,Continue regular engagement
3948-XHGNA,24,49.55,1210.4,DSL,Month-to-month,Yes,1,0.33792824783088193,No,Normal Risk,Continue regular engagement
3723-BFBGR,24,54.8,1291.3,DSL,Month-to-month,No,1,0.1629561767243864,No,Normal Risk,Continue regular engagement
0565-IYCGT,69,78.6,5356.45,DSL,One year,Yes,5,0.013753790504183438,No,Normal Risk,Continue regular engagement
5447-WZAFP,53,100.3,5200.8,Fiber optic,One year,No,4,0.3425641060499401,No,Normal Risk,Continue regular engagement
5110-CHOPY,60,53.6,3237.05,DSL,Two year,No,4,0.05454970745075433,No,Normal Risk,Continue regular engagement
5445-UTODQ,7,81.1,576.65,Fiber optic,Month-to-month,Yes,1,0.8719585694310581,Yes,High Risk,Offer contract upgrade discount
4425-OWHWB,20,19.35,433.75,No,One year,No,0,0.061124693394312195,No,Normal Risk,Continue regular engagement
7892-QVYKW,23,85.6,1868.4,Fiber optic,Month-to-month,No,1,0.5913437370700987,Yes,Normal Risk,Continue regular engagement
9675-ICXCT,72,80.8,5728.55,DSL,Two year,No,5,0.013270487976148736,No,Normal Risk,Continue regular engagement
1024-VRZHF,11,74.95,825.7,Fiber optic,Month-to-month,Yes,0,0.7872079437706847,Yes,High Risk,Offer contract upgrade discount
4703-MQYKT,21,19.6,390.4,No,Two year,No,0,0.029255362213522363,No,Normal Risk,Continue regular engagement
9497-QCMMS,1,93.55,93.55,Fiber optic,Month-to-month,Yes,2,0.8447823632195294,Yes,High Risk,Offer contract upgrade discount
5692-ICXLW,31,90.7,2845.15,Fiber optic,Month-to-month,No,2,0.609428506753975,Yes,Normal Risk,Continue regular engagement
0602-DDUML,57,69.75,3894.4,DSL,Two year,No,4,0.024844363821555495,No,Normal Risk,Continue regular engagement
2208-MPXIO,45,20.0,886.4,No,Two year,No,0,0.01851746678890181,No,Normal Risk,Continue regular engagement
1960-UYCNN,10,95.25,1021.55,Fiber optic,Month-to-month,No,3,0.7666328858031624,Yes,High Risk,Offer contract upgrade discount
0348-SDKOL,58,102.1,5885.4,Fiber optic,Month-to-month,Yes,4,0.3732924813576929,No,Normal Risk,Continue regular engagement
3190-FZATL,14,19.95,268.4,No,Month-to-month,No,0,0.096435586078836,No,Normal Risk,Continue regular engagement
7336-RLLRH,27,80.85,2204.35,DSL,One year,No,4,0.06273740199633437,No,Normal Risk,Continue regular engagement
4373-MAVJG,14,90.9,1259.0,Fiber optic,Month-to-month,Yes,2,0.6472450761279355,Yes,Normal Risk,Continue regular engagement
8901-HJXTF,12,29.2,309.1,DSL,Month-to-month,Yes,1,0.33719223918903946,No,Normal Risk,Continue regular engagement
7710-JSYOA,69,93.3,6398.05,Fiber optic,Two year,No,3,0.098331174242839,No,Normal Risk,Continue regular engagement
5419-KLXBN,25,89.15,2257.75,Fiber optic,Month-to-month,Yes,3,0.5541174032664878,Yes,Normal Risk,Continue regular engagement
3424-NMNBO,58,108.85,6287.25,Fiber optic,One year,Yes,5,0.15728286714236467,No,Normal Risk,Continue regular engagement
9885-MFVSU,35,46.35,1662.05,DSL,Two year,No,3,0.01771874061498959,No,Normal Risk,Continue regular engagement
4514-GFCFI,16,84.75,1350.15,Fiber optic,Month-to-month,Yes,1,0.7384148386366268,Yes,High Risk,Offer contract upgrade discount
0607-MVMGC,45,78.75,3600.65,DSL,One year,No,4,0.03983100588358366,No,Normal Risk,Continue regular engagement
3365-SAIGS,17,83.55,1329.15,Fiber optic,Month-to-month,No,2,0.6812991066004709,Yes,Normal Risk,Continue regular engagement
9828-AOQLM,1,45.7,45.7,DSL,Month-to-month,Yes,0,0.607727906247586,Yes,Normal Risk,Continue regular engagement
8022-BECSI,22,19.6,422.5,No,One year,No,0,0.047362988821579015,No,Normal Risk,Continue regular engagement
8000-REIQB,1,69.95,69.95,Fiber optic,Month-to-month,Yes,0,0.8543266037693011,Yes,High Risk,Offer contract upgrade discount
9993-LHIEB,67,67.85,4627.65,DSL,Two year,No,4,0.004660211861161274,No,Normal Risk,Continue regular engagement
0266-CLZKZ,67,105.65,6717.9,Fiber optic,Two year,No,4,0.17878189556328797,No,Normal Risk,Continue regular engagement
7615-ESMYF,2,44.6,97.1,DSL,Month-to-month,Yes,2,0.8190619904834915,Yes,High Risk,Offer contract upgrade discount
3858-VOBET,23,74.95,1710.45,Fiber optic,Month-to-month,Yes,0,0.6730424425051444,Yes,Normal Risk,Continue regular engagement
7020-OZKXZ,9,75.5,637.4,Fiber optic,Month-to-month,No,1,0.6770735907560482,Yes,Normal Risk,Continue regular engagement
3977-QCRSL,5,20.15,117.95,No,Month-to-month,No,0,0.4065233838518545,No,Normal Risk,Continue regular engagement
0017-DINOC,54,45.2,2460.55,DSL,Two year,No,3,0.015014594243760825,No,Normal Risk,Continue regular engagement
1447-PJGGA,57,95.25,5464.65,Fiber optic,Two year,Yes,3,0.3959791829092812,No,Normal Risk,Continue regular engagement
8565-CLBZW,24,89.85,2165.05,Fiber optic,Month-to-month,Yes,2,0.5718710743869696,Yes,Normal Risk,Continue regular engagement
9139-WQQDY,49,100.45,4941.8,Fiber optic,One year,Yes,3,0.2268126077623468,No,Normal Risk,Continue regular engagement
0224-HJAPT,5,47.15,223.15,DSL,Month-to-month,Yes,0,0.629119350670589,Yes,Normal Risk,Continue regular engagement
8086-OVPWV,2,80.2,181.1,Fiber optic,Month-to-month,Yes,1,0.8766466213403038,Yes,High Risk,Offer contract upgrade discount
9430-FRQOC,4,87.1,341.45,Fiber optic,Month-to-month,Yes,2,0.5396694754744006,Yes,Normal Risk,Continue regular engagement
7639-OPLNG,70,79.25,5731.85,DSL,Two year,No,5,0.010154871325437223,No,Normal Risk,Continue regular engagement
3074-GQWYX,5,75.9,357.75,Fiber optic,Month-to-month,Yes,0,0.8921884942428197,Yes,High Risk,Offer contract upgrade discount
1492-QGCLU,53,85.7,4616.1,DSL,Month-to-month,No,5,0.08207314198255652,No,Normal Risk,Continue regular engagement
6845-RGTYS,47,98.75,4533.7,Fiber optic,Month-to-month,Yes,4,0.37395498107245134,No,Normal Risk,Continue regular engagement
7328-OWMOM,31,20.1,589.25,No,One year,No,0,0.02513779634018047,No,Normal Risk,Continue regular engagement
4418-LZMSV,13,61.8,750.1,DSL,Month-to-month,No,3,0.15340236819787043,No,Normal Risk,Continue regular engagement
5155-AZQPB,28,49.9,1410.25,DSL,Month-to-month,No,0,0.2030221323450316,No,Normal Risk,Continue regular engagement
8861-HGGKB,10,86.45,830.85,Fiber optic,Month-to-month,Yes,1,0.8902717194372408,Yes,High Risk,Offer contract upgrade discount
1087-GRUYI,38,20.4,743.5,No,Two year,No,0,0.03209003829665105,No,Normal Risk,Continue regular engagement
7065-YUNRY,1,45.3,45.3,DSL,Month-to-month,Yes,0,0.6945684074389972,Yes,Normal Risk,Continue regular engagement
7694-VLBWQ,67,104.1,7040.85,Fiber optic,One year,Yes,4,0.29775070096823486,No,Normal Risk,Continue regular engagement
2546-KZAAT,52,75.4,3865.45,DSL,One year,No,4,0.051361828191593774,No,Normal Risk,Continue regular engagement
0181-RITDD,62,108.15,6825.65,Fiber optic,Two year,No,6,0.02398173967703969,No,Normal Risk,Continue regular engagement
5989-PGKJB,16,86.25,1340.1,Fiber optic,Month-to-month,No,2,0.741805604849558,Yes,High Risk,Offer contract upgrade discount
4795-KTRTH,5,81.0,371.65,Fiber optic,Month-to-month,Yes,1,0.7438812237972489,Yes,High Risk,Offer contract upgrade discount
8272-ONJLV,12,95.7,1184.0,Fiber optic,One year,No,3,0.6708160417977861,Yes,Normal Risk,Continue regular engagement
1488-PBLJN,72,116.85,8477.7,Fiber optic,Two year,No,6,0.10622751367234749,No,Normal Risk,Continue regular engagement
0308-GIQJT,71,105.75,7382.85,Fiber optic,One year,No,4,0.3063872958360423,No,Normal Risk,Continue regular engagement
3778-FOAQW,24,20.15,456.85,No,One year,No,0,0.04620998210510719,No,Normal Risk,Continue regular engagement
4452-ROHMO,15,19.6,331.6,No,Two year,No,0,0.04867111299890608,No,Normal Risk,Continue regular engagement
6481-OGDOO,67,90.6,6056.15,Fiber optic,One year,Yes,3,0.09787280978086231,No,Normal Risk,Continue regular engagement
3090-LETTY,2,60.95,134.6,DSL,Month-to-month,No,2,0.3885896477318389,No,Normal Risk,Continue regular engagement
5349-AZPEW,5,25.05,125.5,DSL,Month-to-month,No,0,0.5189697321256314,Yes,Normal Risk,Continue regular engagement
3753-TSEMP,15,88.15,1390.6,Fiber optic,Month-to-month,Yes,2,0.75778525716282,Yes,High Risk,Offer contract upgrade discount
8305-VHZBZ,1,20.2,20.2,No,Month-to-month,Yes,0,0.3971790111102326,No,Normal Risk,Continue regular engagement
9720-JJJOR,41,60.3,2511.3,DSL,One year,No,3,0.035304824531229295,No,Normal Risk,Continue regular engagement
8100-HZZLJ,43,63.95,2737.05,DSL,Month-to-month,No,3,0.1386787637617332,No,Normal Risk,Continue regular engagement
8775-ERLNB,1,74.3,74.3,Fiber optic,Month-to-month,No,0,0.7513091027300827,Yes,High Risk,Offer contract upgrade discount
8309-IEYJD,1,70.6,70.6,Fiber optic,Month-to-month,No,0,0.8006386027820557,Yes,High Risk,Offer contract upgrade discount
9172-JITSM,26,90.8,2361.8,Fiber optic,Month-to-month,Yes,2,0.6951064437862788,Yes,Normal Risk,Continue regular engagement
6298-QDFNH,22,79.35,1730.35,Fiber optic,Month-to-month,Yes,1,0.5760192476631539,Yes,Normal Risk,Continue regular engagement
7398-HPYZQ,71,90.55,6404.0,DSL,Two year,No,6,0.02770453775860527,No,Normal Risk,Continue regular engagement
3546-GHEAE,7,19.45,165.35,No,Two year,No,0,0.08991809429643477,No,Normal Risk,Continue regular engagement
7361-YPXFS,28,64.45,1867.6,DSL,Month-to-month,No,3,0.23269291088215352,No,Normal Risk,Continue regular engagement
6557-BZXLQ,16,69.65,1043.3,Fiber optic,Month-to-month,No,0,0.615044401421248,Yes,Normal Risk,Continue regular engagement
2550-QHZGP,7,19.5,128.6,No,One year,No,0,0.1430469918543353,No,Normal Risk,Continue regular engagement
7519-JTWQH,69,110.5,7455.45,Fiber optic,Two year,No,5,0.2848482931667756,No,Normal Risk,Continue regular engagement
2538-OIMXF,1,24.7,24.7,DSL,Month-to-month,No,0,0.6107684855625335,Yes,Normal Risk,Continue regular engagement
8543-MSDMF,3,77.4,206.15,DSL,Month-to-month,No,4,0.6022531431685472,Yes,Normal Risk,Continue regular engagement
9961-JBNMK,21,96.8,2030.3,Fiber optic,Month-to-month,Yes,3,0.7841321945443983,Yes,High Risk,Offer contract upgrade discount
1170-SASML,69,85.4,5869.4,Fiber optic,Month-to-month,No,2,0.520012611557763,Yes,Normal Risk,Continue regular engagement
4872-JCVCA,71,47.6,3377.8,DSL,Two year,No,4,0.014218147591662289,No,Normal Risk,Continue regular engagement
5346-BZCHP,69,19.4,1346.2,No,Two year,No,0,0.002829573793037507,No,Normal Risk,Continue regular engagement
2038-LLMLM,48,103.85,4946.05,Fiber optic,Month-to-month,No,4,0.6303282543439894,Yes,Normal Risk,Continue regular engagement
6173-ITPWD,47,83.35,4065.0,Fiber optic,Month-to-month,Yes,2,0.4975802193213373,No,Normal Risk,Continue regular engagement
9734-UYXQI,2,49.4,106.55,DSL,Month-to-month,Yes,0,0.7550110896712591,Yes,High Risk,Offer contract upgrade discount
1216-BGTSP,45,108.45,4964.7,Fiber optic,Month-to-month,No,5,0.2846427398634727,No,Normal Risk,Continue regular engagement
4138-NAXED,51,81.0,4085.75,Fiber optic,Month-to-month,No,1,0.6109337747211551,Yes,Normal Risk,Continue regular engagement
2189-UXTKY,22,79.2,1742.75,DSL,Month-to-month,Yes,4,0.24087252041148485,No,Normal Risk,Continue regular engagement
0744-BIKKF,72,86.65,6224.8,DSL,Two year,No,6,0.02374873035687096,No,Normal Risk,Continue regular engagement
7483-IQWIB,37,92.95,3415.25,Fiber optic,Month-to-month,No,3,0.339769168613567,No,Normal Risk,Continue regular engagement
5248-KWLAR,71,90.35,6325.25,DSL,Two year,No,6,0.010119430918592598,No,Normal Risk,Continue regular engagement
4958-GZWIY,7,48.7,340.25,DSL,Month-to-month,Yes,1,0.3814207060152553,No,Normal Risk,Continue regular engagement
7996-MHXLW,66,25.15,1683.6,No,Two year,No,0,0.008163588488368035,No,Normal Risk,Continue regular engagement
7833-PKIHD,51,76.4,3966.3,DSL,One year,No,4,0.05862955664598395,No,Normal Risk,Continue regular engagement
7061-OVMIM,30,19.55,608.5,No,One year,No,0,0.05069080135373498,No,Normal Risk,Continue regular engagement
5153-RTHKF,34,85.35,2896.6,Fiber optic,Month-to-month,No,1,0.7648302822946239,Yes,High Risk,Offer contract upgrade discount
1852-QSWCD,64,24.8,1514.85,No,Two year,No,0,0.0031554744743106863,No,Normal Risk,Continue regular engagement
4832-VRBMR,65,103.15,6792.45,Fiber optic,One year,No,4,0.32392264567779117,No,Normal Risk,Continue regular engagement
9079-LWTFD,47,100.75,4669.2,Fiber optic,Month-to-month,No,4,0.2264686207233738,No,Normal Risk,Continue regular engagement
6356-ELRKD,1,95.6,95.6,Fiber optic,Month-to-month,Yes,3,0.8411269578903541,Yes,High Risk,Offer contract upgrade discount
8624-GIOUT,49,59.75,2934.3,DSL,Month-to-month,Yes,2,0.10218997451678105,No,Normal Risk,Continue regular engagement
3392-EHMNK,67,94.1,6302.8,Fiber optic,Two year,No,3,0.04008245391155891,No,Normal Risk,Continue regular engagement
5986-WWXDV,39,19.35,779.2,No,One year,No,0,0.03477181149176996,No,Normal Risk,Continue regular engagement
3061-BCKYI,14,19.9,283.75,No,Month-to-month,No,0,0.1619240036037732,No,Normal Risk,Continue regular engagement
6179-GJPSO,43,108.15,4600.7,Fiber optic,Month-to-month,Yes,5,0.32151122112420943,No,Normal Risk,Continue regular engagement
7901-TBKJX,56,101.05,5594.0,Fiber optic,Month-to-month,No,3,0.6727865900064508,Yes,Normal Risk,Continue regular engagement
7228-PAQPD,14,59.1,772.85,DSL,One year,No,2,0.12668591648650773,No,Normal Risk,Continue regular engagement
3177-LASXD,1,71.35,71.35,Fiber optic,Month-to-month,Yes,0,0.8872910330619675,Yes,High Risk,Offer contract upgrade discount
7746-QYVCO,16,55.85,857.8,DSL,One year,No,2,0.03152941911770367,No,Normal Risk,Continue regular engagement
5804-HYIEZ,70,106.05,7554.05,Fiber optic,Month-to-month,No,4,0.3469840539205373,No,Normal Risk,Continue regular engagement
9919-FZDED,72,84.1,5981.65,DSL,Two year,No,5,0.012577886716316967,No,Normal Risk,Continue regular engagement
5934-TSSAU,23,75.3,1702.9,Fiber optic,Month-to-month,No,1,0.3448379089758244,No,Normal Risk,Continue regular engagement
3486-KHMLI,21,24.7,467.15,No,Month-to-month,No,0,0.0727725624636903,No,Normal Risk,Continue regular engagement
4897-QSUYC,1,20.15,20.15,No,Month-to-month,Yes,0,0.46108265435143164,No,Normal Risk,Continue regular engagement
1084-UQCHV,1,69.75,69.75,Fiber optic,Month-to-month,Yes,0,0.8140799793553014,Yes,High Risk,Offer contract upgrade discount
8290-YWKHZ,32,93.2,2931.0,Fiber optic,Month-to-month,Yes,2,0.7051739492273114,Yes,High Risk,Offer contract upgrade discount
2955-BJZHG,17,80.85,1400.85,Fiber optic,Month-to-month,Yes,1,0.5524128356310039,Yes,Normal Risk,Continue regular engagement
3806-DXQOM,4,33.65,137.85,DSL,Month-to-month,Yes,2,0.5490658260815452,Yes,Normal Risk,Continue regular engagement
6784-XYJAE,36,55.8,1941.5,DSL,One year,No,1,0.18517730080474906,No,Normal Risk,Continue regular engagement
3933-DQPWX,50,39.7,1932.75,DSL,Two year,No,3,0.016742251727663575,No,Normal Risk,Continue regular engagement
6661-EIPZC,48,29.5,1423.05,DSL,Month-to-month,No,1,0.06140019447297815,No,Normal Risk,Continue regular engagement
8957-THMOA,50,20.15,970.85,No,Two year,No,0,0.00704988800768297,No,Normal Risk,Continue regular engagement
2251-PYLPB,72,79.55,5810.9,DSL,Two year,No,5,0.006577702442512767,No,Normal Risk,Continue regular engagement
5555-RNPGT,10,24.8,223.9,No,Month-to-month,No,0,0.16274302877613764,No,Normal Risk,Continue regular engagement
1057-FOGLZ,18,19.65,391.7,No,Month-to-month,No,0,0.175697855408709,No,Normal Risk,Continue regular engagement
9300-RENDD,1,79.95,79.95,Fiber optic,Month-to-month,Yes,1,0.8704595664318776,Yes,High Risk,Offer contract upgrade discount
0761-AETCS,1,19.3,19.3,No,Month-to-month,Yes,0,0.5344412399387979,Yes,Normal Risk,Continue regular engagement
8087-LGYHQ,9,94.05,811.65,Fiber optic,Month-to-month,No,3,0.8404018041422444,Yes,High Risk,Offer contract upgrade discount
4137-BTIKL,2,90.75,174.75,Fiber optic,Month-to-month,No,2,0.6749466903137039,Yes,Normal Risk,Continue regular engagement
2190-BCXEC,40,78.85,3126.85,Fiber optic,Month-to-month,No,1,0.33440579612143057,No,Normal Risk,Continue regular engagement
6227-FBDXH,69,99.5,6841.45,Fiber optic,One year,No,3,0.452554009045295,No,Normal Risk,Continue regular engagement
2153-MREFK,37,99.2,3754.6,Fiber optic,One year,Yes,4,0.17861627033464783,No,Normal Risk,Continue regular engagement
2911-WDXMV,18,80.55,1406.65,Fiber optic,Month-to-month,No,1,0.3652853452099872,No,Normal Risk,Continue regular engagement
7206-PQBBZ,11,70.2,834.7,Fiber optic,Month-to-month,No,0,0.7507689849742888,Yes,High Risk,Offer contract upgrade discount
3106-ULWFW,8,85.2,627.4,Fiber optic,Month-to-month,Yes,1,0.7793666186516162,Yes,High Risk,Offer contract upgrade discount
0925-VYDLG,3,75.25,242.0,Fiber optic,Month-to-month,Yes,0,0.872382717285484,Yes,High Risk,Offer contract upgrade discount
4547-FZJWE,55,59.45,3157.0,DSL,One year,No,2,0.01919497733930817,No,Normal Risk,Continue regular engagement
7422-WNBTY,33,93.35,3092.0,Fiber optic,Month-to-month,No,3,0.5154808714008556,Yes,Normal Risk,Continue regular engagement
0842-IWYCP,46,44.95,2168.9,DSL,Month-to-month,No,0,0.4419320330790791,No,Normal Risk,Continue regular engagement
3521-HTQTV,34,26.1,980.35,No,Two year,No,0,0.05460561892629879,No,Normal Risk,Continue regular engagement
3744-ZBHON,3,20.2,65.95,No,Month-to-month,No,0,0.5317061557204651,Yes,Normal Risk,Continue regular engagement
3373-DIUUN,30,21.25,711.9,No,Two year,No,0,0.012395219999699728,No,Normal Risk,Continue regular engagement
8383-SGHJU,33,59.4,1952.8,DSL,One year,No,2,0.07065089891696381,No,Normal Risk,Continue regular engagement
7607-QKKTJ,45,95.0,4368.85,Fiber optic,One year,No,3,0.11419970825799462,No,Normal Risk,Continue regular engagement
7707-PYBBH,40,61.9,2647.1,DSL,Month-to-month,No,3,0.07896826820048679,No,Normal Risk,Continue regular engagement
8984-HPEMB,71,118.65,8477.6,Fiber optic,Two year,No,6,0.18286461699235557,No,Normal Risk,Continue regular engagement
4349-GFQHK,1,54.35,54.35,DSL,Month-to-month,Yes,1,0.6325777200286431,Yes,Normal Risk,Continue regular engagement
4139-DETXS,72,64.45,4528.0,DSL,Two year,No,6,0.012167602973509687,No,Normal Risk,Continue regular engagement
9779-DPNEJ,22,80.15,1790.65,Fiber optic,Month-to-month,No,1,0.612126430351342,Yes,Normal Risk,Continue regular engagement
9805-FILKB,46,20.2,845.6,No,One year,No,0,0.022988685749555305,No,Normal Risk,Continue regular engagement
5793-YOLJN,55,21.0,1210.3,No,Two year,No,0,0.005881758158786878,No,Normal Risk,Continue regular engagement
0673-IGUQO,1,20.45,20.45,No,Month-to-month,No,0,0.38493321211114323,No,Normal Risk,Continue regular engagement
4123-FCVCB,12,75.85,854.45,DSL,One year,No,3,0.32398980331752125,No,Normal Risk,Continue regular engagement
8819-IMISP,31,80.45,2429.1,Fiber optic,Month-to-month,No,1,0.5945548739953797,Yes,Normal Risk,Continue regular engagement
7802-EFKNY,5,24.95,100.4,DSL,Month-to-month,Yes,0,0.7070325688445217,Yes,High Risk,Offer contract upgrade discount
8311-UEUAB,67,75.5,5229.45,DSL,Two year,No,3,0.04238558193261713,No,Normal Risk,Continue regular engagement
5858-EAFCZ,1,44.45,44.45,DSL,Month-to-month,No,0,0.6044140243156244,Yes,Normal Risk,Continue regular engagement
8035-BUYVG,40,42.35,1716.45,DSL,One year,Yes,3,0.05289195292517275,No,Normal Risk,Continue regular engagement
1163-ONYEY,41,74.55,3023.55,DSL,Month-to-month,No,4,0.047108944746326556,No,Normal Risk,Continue regular engagement
9787-XVQIU,1,75.3,75.3,Fiber optic,Month-to-month,Yes,0,0.8531313172882637,Yes,High Risk,Offer contract upgrade discount
8945-MUQUF,51,94.8,4837.6,Fiber optic,One year,Yes,3,0.2210074011290909,No,Normal Risk,Continue regular engagement
5656-MJEFC,42,48.15,2032.3,DSL,Two year,No,4,0.006418539772303387,No,Normal Risk,Continue regular engagement
6082-OQFBA,23,19.65,436.9,No,One year,No,0,0.020233827328020853,No,Normal Risk,Continue regular engagement
8051-HJRLT,1,70.55,70.55,Fiber optic,Month-to-month,Yes,0,0.8597593842109545,Yes,High Risk,Offer contract upgrade discount
8974-OVACP,1,20.15,20.15,No,Month-to-month,No,0,0.44376631196748484,No,Normal Risk,Continue regular engagement
4010-YLMVT,56,106.6,5893.95,Fiber optic,Month-to-month,No,4,0.48478890979658623,No,Normal Risk,Continue regular engagement
1379-FRVEB,15,91.0,1430.05,Fiber optic,Month-to-month,No,2,0.5467253908039935,Yes,Normal Risk,Continue regular engagement
8612-GXIDD,12,25.4,313.0,No,Two year,No,0,0.08208158175196761,No,Normal Risk,Continue regular engagement
6288-CHQJB,54,69.95,3871.85,DSL,Two year,No,4,0.021620316088451583,No,Normal Risk,Continue regular engagement
8160-HOWOX,7,66.85,458.1,DSL,Month-to-month,No,2,0.8260938210199714,Yes,High Risk,Offer contract upgrade discount
3023-GFLBR,33,86.15,2745.7,Fiber optic,Month-to-month,Yes,1,0.4639645337913136,No,Normal Risk,Continue regular engagement
6648-INWPS,16,20.15,341.35,No,Month-to-month,No,0,0.1079673546130446,No,Normal Risk,Continue regular engagement
4223-BKEOR,21,64.85,1336.8,DSL,One year,No,3,0.059380309042093626,No,Normal Risk,Continue regular engagement
4079-VTGLK,30,74.85,2181.75,DSL,Two year,No,3,0.10342873386978352,No,Normal Risk,Continue regular engagement
1763-WQFUK,3,50.5,147.75,DSL,Month-to-month,No,1,0.4610010095891469,No,Normal Risk,Continue regular engagement
1391-UBDAR,11,72.9,818.45,Fiber optic,Month-to-month,No,1,0.749610452347042,Yes,High Risk,Offer contract upgrade discount
8894-JVDCV,62,115.05,7133.45,Fiber optic,One year,No,6,0.12873502298015785,No,Normal Risk,Continue regular engagement
2023-VQFDL,18,19.0,348.8,No,Month-to-month,No,0,0.19013044678078939,No,Normal Risk,Continue regular engagement
1345-GKDZZ,6,19.55,128.6,No,Month-to-month,No,0,0.21047600802016805,No,Normal Risk,Continue regular engagement
2014-MKGMH,46,101.1,4674.4,Fiber optic,One year,No,3,0.5867971124853515,Yes,Normal Risk,Continue regular engagement
5628-FCGYG,21,84.1,1737.45,Fiber optic,Month-to-month,No,1,0.7205716577272464,Yes,High Risk,Offer contract upgrade discount
2560-WBWXF,68,24.15,1498.85,No,Two year,No,0,0.012774030725777112,No,Normal Risk,Continue regular engagement
0248-IPDFW,1,50.1,50.1,DSL,Month-to-month,No,0,0.7689045360959164,Yes,High Risk,Offer contract upgrade discount
7978-DKUQH,25,74.6,1797.75,Fiber optic,Month-to-month,No,1,0.6362129557823751,Yes,Normal Risk,Continue regular engagement
4335-UPJSI,24,19.75,498.1,No,Two year,No,0,0.0195042390162627,No,Normal Risk,Continue regular engagement
0524-IAVZO,30,85.0,2624.25,Fiber optic,Month-to-month,Yes,1,0.7504359181974641,Yes,High Risk,Offer contract upgrade discount
2737-YNGYW,2,80.55,184.1,Fiber optic,Month-to-month,Yes,1,0.8987152707508088,Yes,High Risk,Offer contract upgrade discount
1784-EZDKJ,51,106.8,5498.8,Fiber optic,One year,No,4,0.4854660237252177,No,Normal Risk,Continue regular engagement
9297-FVVDH,57,84.5,4845.4,DSL,Two year,No,5,0.02166534792611551,No,Normal Risk,Continue regular engagement
8007-YYPWD,15,25.05,369.1,No,Two year,No,0,0.10492556424769106,No,Normal Risk,Continue regular engagement
7101-HRBLJ,72,83.7,6096.9,DSL,Two year,No,6,0.01647794045921406,No,Normal Risk,Continue regular engagement
5159-YFPKQ,2,75.8,160.75,Fiber optic,Month-to-month,Yes,1,0.8594140216302205,Yes,High Risk,Offer contract upgrade discount
6635-CPNUN,28,96.6,2684.35,Fiber optic,Month-to-month,No,3,0.42241645139863543,No,Normal Risk,Continue regular engagement
4021-RQSNY,29,98.5,3004.15,Fiber optic,Month-to-month,Yes,3,0.6300045138279772,Yes,Normal Risk,Continue regular engagement
5453-YBTWV,70,101.1,6994.8,Fiber optic,Two year,No,5,0.016900755557877657,No,Normal Risk,Continue regular engagement
5039-LZRQT,13,20.2,273.25,No,One year,No,0,0.0894282728793533,No,Normal Risk,Continue regular engagement
2931-VUVJN,59,94.05,5483.9,Fiber optic,One year,No,4,0.05940026183008176,No,Normal Risk,Continue regular engagement
9061-TIHDA,13,95.25,1233.65,Fiber optic,Month-to-month,Yes,2,0.6980806865120399,Yes,Normal Risk,Continue regular engagement
8699-ASUFO,7,74.4,527.9,Fiber optic,Month-to-month,Yes,0,0.6573945073710625,Yes,Normal Risk,Continue regular engagement
6418-PIQSP,62,81.0,4985.9,DSL,Two year,No,5,0.02285743476932362,No,Normal Risk,Continue regular engagement
8220-OCUFY,21,60.25,1258.35,DSL,One year,No,3,0.0736928830144569,No,Normal Risk,Continue regular engagement
3995-WFCSM,2,60.85,111.4,DSL,Month-to-month,No,2,0.7517160948309338,Yes,High Risk,Offer contract upgrade discount
1895-QTKDO,1,43.95,43.95,DSL,Month-to-month,No,0,0.6235045464101934,Yes,Normal Risk,Continue regular engagement
2038-OEQZH,4,86.05,308.1,Fiber optic,Month-to-month,No,2,0.8373201641286723,Yes,High Risk,Offer contract upgrade discount
1178-PZGAB,19,20.25,383.65,No,One year,No,0,0.06251559823100208,No,Normal Risk,Continue regular engagement
7927-AUXBZ,30,85.15,2555.9,Fiber optic,Month-to-month,Yes,2,0.6408530851376906,Yes,Normal Risk,Continue regular engagement
2626-VEEWG,67,19.4,1284.2,No,Two year,No,0,0.002158170865006523,No,Normal Risk,Continue regular engagement
2878-RMWXY,72,102.65,7550.3,Fiber optic,Two year,No,4,0.056998636066879625,No,Normal Risk,Continue regular engagement
1657-DYMBM,53,19.9,1110.05,No,Two year,No,0,0.006848638234845626,No,Normal Risk,Continue regular engagement
7311-MQJCH,5,19.55,99.6,No,One year,No,0,0.2668617010416557,No,Normal Risk,Continue regular engagement
7375-WMVMT,71,95.5,6707.15,Fiber optic,Two year,No,4,0.040745617644232256,No,Normal Risk,Continue regular engagement
1136-XGEQU,50,84.15,4164.4,DSL,One year,No,5,0.029222815339619828,No,Normal Risk,Continue regular engagement
2530-FMFXO,56,103.2,5873.75,Fiber optic,Two year,No,4,0.10240739665765501,No,Normal Risk,Continue regular engagement
6844-DZKRF,2,50.2,109.25,DSL,Month-to-month,No,1,0.42717998225929354,No,Normal Risk,Continue regular engagement
4695-WJZUE,2,88.55,179.25,Fiber optic,Month-to-month,Yes,2,0.8233422353520372,Yes,High Risk,Offer contract upgrade discount
7619-ODSGN,24,54.75,1338.15,DSL,Month-to-month,Yes,1,0.1259795318364417,No,Normal Risk,Continue regular engagement
5970-GHJAW,46,19.95,862.4,No,Two year,No,0,0.0048290585278123995,No,Normal Risk,Continue regular engagement
8879-XUAHX,71,116.25,8564.75,Fiber optic,Two year,No,6,0.10412201962941336,No,Normal Risk,Continue regular engagement
3689-MOZGR,29,31.2,926.2,DSL,Month-to-month,No,1,0.3830328354338862,No,Normal Risk,Continue regular engagement
4195-PNGZS,69,24.45,1718.2,No,Two year,No,0,0.005515779686549255,No,Normal Risk,Continue regular engagement
5003-XZWWO,71,84.2,5956.85,DSL,Two year,No,5,0.016928574501748252,No,Normal Risk,Continue regular engagement
3988-RQIXO,1,91.3,91.3,Fiber optic,Month-to-month,Yes,2,0.899690833650644,Yes,High Risk,Offer contract upgrade discount
7622-FWGEW,56,85.65,4824.45,DSL,Two year,No,6,0.025894110457885203,No,Normal Risk,Continue regular engagement
6922-NCEDI,56,21.2,1238.65,No,One year,No,0,0.010331791704490563,No,Normal Risk,Continue regular engagement
2514-GINMM,1,79.5,79.5,Fiber optic,Month-to-month,Yes,1,0.866662762572512,Yes,High Risk,Offer contract upgrade discount
9891-NQDBD,28,25.55,672.2,No,One year,No,0,0.04781980176176256,No,Normal Risk,Continue regular engagement
6131-IUNXN,19,20.2,382.2,No,Month-to-month,No,0,0.08338196312704543,No,Normal Risk,Continue regular engagement
8548-AWOFC,66,63.85,4264.6,DSL,Month-to-month,No,2,0.13548903928219785,No,Normal Risk,Continue regular engagement
9798-DRYDS,17,61.95,1070.7,DSL,One year,No,2,0.05457401837722527,No,Normal Risk,Continue regular engagement
8532-UEFWH,52,25.75,1345.85,No,Two year,No,0,0.005231701083936379,No,Normal Risk,Continue regular engagement
6296-DDOOR,19,58.2,1045.25,DSL,One year,No,2,0.20561961126041642,No,Normal Risk,Continue regular engagement
7951-VRDVK,36,85.85,3003.55,DSL,One year,No,6,0.10442141112558588,No,Normal Risk,Continue regular engagement
5931-FLJJF,7,70.1,467.55,Fiber optic,Month-to-month,Yes,0,0.6708643294802664,Yes,Normal Risk,Continue regular engagement
4815-YOSUK,72,104.9,7537.5,Fiber optic,One year,No,5,0.02985999771212206,No,Normal Risk,Continue regular engagement
2659-VXMWZ,67,111.3,7482.1,Fiber optic,One year,Yes,5,0.1446702822637096,No,Normal Risk,Continue regular engagement
0380-NEAVX,34,99.85,3343.15,Fiber optic,One year,No,4,0.3489174885989135,No,Normal Risk,Continue regular engagement
3207-OYBWH,57,95.25,5427.05,Fiber optic,Month-to-month,Yes,3,0.5302673748804123,Yes,Normal Risk,Continue regular engagement
4285-GYRQC,7,86.25,587.1,Fiber optic,Month-to-month,Yes,2,0.8406480745867414,Yes,High Risk,Offer contract upgrade discount
7216-EWTRS,1,100.8,100.8,Fiber optic,Month-to-month,Yes,3,0.8331095920374709,Yes,High Risk,Offer contract upgrade discount
4365-MSDYN,8,19.55,161.15,No,Month-to-month,No,0,0.45538695347305097,No,Normal Risk,Continue regular engagement
7036-TYDEC,69,104.0,7028.5,Fiber optic,Two year,No,4,0.22555556467828783,No,Normal Risk,Continue regular engagement
5802-ADBRC,50,104.4,5232.9,Fiber optic,One year,No,4,0.23970843093518995,No,Normal Risk,Continue regular engagement
8076-FEZKJ,10,19.5,225.85,No,One year,No,0,0.13068858199402975,No,Normal Risk,Continue regular engagement
5197-YPYBZ,12,25.25,274.7,No,Two year,No,0,0.03888275453267323,No,Normal Risk,Continue regular engagement
8337-MSSXB,14,86.3,1180.95,Fiber optic,Month-to-month,Yes,2,0.7485043569002027,Yes,High Risk,Offer contract upgrade discount
4312-GVYNH,70,49.85,3370.2,DSL,Two year,No,4,0.02214421845403709,No,Normal Risk,Continue regular engagement
8495-LJDFO,64,108.95,7111.3,Fiber optic,Month-to-month,No,5,0.5094173257509688,Yes,Normal Risk,Continue regular engagement
0839-JTCUD,66,89.9,5958.85,DSL,Two year,No,6,0.00789466014494966,No,Normal Risk,Continue regular engagement
5494-WOZRZ,71,82.0,5999.85,DSL,Two year,No,5,0.012468682348696601,No,Normal Risk,Continue regular engagement
1302-UHBDD,20,89.95,1648.45,Fiber optic,Month-to-month,No,2,0.7027670373145325,Yes,High Risk,Offer contract upgrade discount
2234-EOFPT,72,79.35,5753.25,DSL,Two year,No,5,0.027018041371136097,No,Normal Risk,Continue regular engagement
8619-IJNDK,71,64.05,4492.9,DSL,Two year,No,4,0.0024401744907146827,No,Normal Risk,Continue regular engagement
8378-LKJAF,38,101.15,3956.7,Fiber optic,Month-to-month,No,3,0.4443015101120613,No,Normal Risk,Continue regular engagement
8182-BJDSI,28,89.95,2625.55,Fiber optic,Month-to-month,Yes,2,0.7340815394073953,Yes,High Risk,Offer contract upgrade discount
2528-HFYZX,17,76.45,1233.4,Fiber optic,Month-to-month,Yes,1,0.5057820097865833,Yes,Normal Risk,Continue regular engagement
1153-GNOLC,33,39.1,1309.0,DSL,One year,No,2,0.17382051780336166,No,Normal Risk,Continue regular engagement
3298-QEICA,23,34.6,813.45,DSL,Two year,No,2,0.016069492199627985,No,Normal Risk,Continue regular engagement
0788-DXBFY,58,19.55,1108.8,No,One year,No,0,0.009429581823903094,No,Normal Risk,Continue regular engagement
3597-YASZG,70,104.45,7349.35,Fiber optic,Two year,No,4,0.2094820138931341,No,Normal Risk,Continue regular engagement
3496-LFSZU,4,70.5,294.2,Fiber optic,Month-to-month,No,0,0.8073694583141908,Yes,High Risk,Offer contract upgrade discount
5242-UOWHD,45,20.35,929.2,No,Two year,No,0,0.006203772077302968,No,Normal Risk,Continue regular engagement
2482-CZGBB,10,70.0,740.0,Fiber optic,Month-to-month,Yes,0,0.8330843585348027,Yes,High Risk,Offer contract upgrade discount
6479-SZPLM,36,19.45,754.5,No,Two year,No,0,0.007184972074236953,No,Normal Risk,Continue regular engagement
8097-VBQTZ,54,69.9,3883.3,DSL,Month-to-month,No,4,0.06666441918693032,No,Normal Risk,Continue regular engagement
4500-HKANN,23,59.7,1414.2,DSL,Two year,No,2,0.014863398279317245,No,Normal Risk,Continue regular engagement
9917-KWRBE,41,78.35,3211.2,DSL,One year,No,4,0.03247658640339127,No,Normal Risk,Continue regular engagement
3420-ZDBMA,5,71.45,371.6,Fiber optic,Month-to-month,No,0,0.7535469934259259,Yes,High Risk,Offer contract upgrade discount
2212-LYASK,27,45.85,1246.4,DSL,One year,No,3,0.056922063665963675,No,Normal Risk,Continue regular engagement
1393-IMKZG,1,95.85,95.85,Fiber optic,Month-to-month,No,3,0.8519938650531924,Yes,High Risk,Offer contract upgrade discount
8069-RHUXK,67,35.7,2545.7,DSL,Two year,No,2,0.004287271490105831,No,Normal Risk,Continue regular engagement
3398-GCPMU,72,89.55,6448.85,DSL,Two year,No,6,0.005823365025111629,No,Normal Risk,Continue regular engagement
2908-WGAXL,56,24.95,1468.9,No,Two year,No,0,0.005161245788925205,No,Normal Risk,Continue regular engagement
3378-AJRAO,44,24.85,1013.6,No,One year,No,0,0.016270616225418626,No,Normal Risk,Continue regular engagement
1013-QCWAM,66,100.8,6690.75,Fiber optic,Month-to-month,No,3,0.628366712072458,Yes,Normal Risk,Continue regular engagement
0866-QLSIR,34,64.4,2088.75,DSL,One year,Yes,3,0.033764523695236366,No,Normal Risk,Continue regular engagement
6050-FFXES,69,105.35,7240.65,Fiber optic,Two year,No,4,0.2869922938888373,No,Normal Risk,Continue regular engagement
7181-BQYBV,1,102.45,102.45,Fiber optic,Month-to-month,Yes,4,0.5729397779479272,Yes,Normal Risk,Continue regular engagement
0362-RAOQO,40,19.65,830.25,No,Two year,No,0,0.01851938441477492,No,Normal Risk,Continue regular engagement
9554-DFKIC,30,54.45,1588.7,DSL,Month-to-month,No,1,0.1760300905236432,No,Normal Risk,Continue regular engagement
5527-ACHSO,11,70.5,829.3,DSL,Month-to-month,No,3,0.5615578080819287,Yes,Normal Risk,Continue regular engagement
0829-DDVLK,15,20.1,302.45,No,One year,No,0,0.0717825937400981,No,Normal Risk,Continue regular engagement
1399-UBQIU,11,69.35,712.25,DSL,Month-to-month,No,3,0.6791187585293758,Yes,Normal Risk,Continue regular engagement
1813-JLKWR,64,19.8,1336.65,No,One year,No,0,0.014072901468932265,No,Normal Risk,Continue regular engagement
0336-PIKEI,72,74.4,5360.75,DSL,Two year,No,5,0.01075832084934506,No,Normal Risk,Continue regular engagement
7322-OCWHC,72,93.05,6735.05,Fiber optic,Two year,No,4,0.033360226715086684,No,Normal Risk,Continue regular engagement
9537-VHDTA,1,51.2,51.2,DSL,Month-to-month,No,1,0.3754185760397323,No,Normal Risk,Continue regular engagement
4957-TIALW,15,65.6,1010.0,DSL,One year,No,4,0.01833388689158029,No,Normal Risk,Continue regular engagement
2054-PJOCK,60,80.55,4847.05,DSL,One year,No,4,0.08268670658027262,No,Normal Risk,Continue regular engagement
9150-HEPMB,56,52.7,3019.7,DSL,One year,No,2,0.02583375992630754,No,Normal Risk,Continue regular engagement
9030-QGZNL,8,20.85,161.65,No,Two year,No,0,0.11959243423910924,No,Normal Risk,Continue regular engagement
6204-IEUXJ,3,80.1,217.55,Fiber optic,Month-to-month,Yes,2,0.6027275164203639,Yes,Normal Risk,Continue regular engagement
3126-WQMGH,49,52.15,2583.75,DSL,Month-to-month,No,0,0.2275950717653012,No,Normal Risk,Continue regular engagement
4529-CKBCL,2,80.2,146.05,Fiber optic,Month-to-month,Yes,1,0.897255269658528,Yes,High Risk,Offer contract upgrade discount
2506-CLAKW,6,98.15,567.45,Fiber optic,Month-to-month,Yes,5,0.5787716149712429,Yes,Normal Risk,Continue regular engagement
7176-WRTNX,70,114.95,7711.25,Fiber optic,Two year,No,6,0.12913113063592477,No,Normal Risk,Continue regular engagement
1583-IHQZE,12,112.95,1384.75,Fiber optic,Month-to-month,Yes,5,0.6166170562287314,Yes,Normal Risk,Continue regular engagement
5732-IKGQH,52,104.45,5481.25,Fiber optic,One year,No,5,0.18281812102577052,No,Normal Risk,Continue regular engagement
9239-GZHZE,72,113.65,8124.2,Fiber optic,Two year,No,6,0.05320663538072232,No,Normal Risk,Continue regular engagement
7205-BAIAD,40,20.6,827.3,No,Two year,No,0,0.053654430774483786,No,Normal Risk,Continue regular engagement
0151-ONTOV,1,70.9,70.9,Fiber optic,Month-to-month,Yes,0,0.8324939026200204,Yes,High Risk,Offer contract upgrade discount
4140-MUHUG,3,86.85,220.95,Fiber optic,Month-to-month,Yes,2,0.8505917833741458,Yes,High Risk,Offer contract upgrade discount
0093-EXYQL,40,91.55,3673.6,Fiber optic,Month-to-month,No,2,0.7887290146338715,Yes,High Risk,Offer contract upgrade discount
8064-RAVOH,1,49.85,49.85,DSL,Month-to-month,No,1,0.5226208510135467,Yes,Normal Risk,Continue regular engagement
0219-QAERP,30,19.8,576.65,No,One year,No,0,0.02764818111080244,No,Normal Risk,Continue regular engagement
0320-JDNQG,23,99.85,2331.3,Fiber optic,Month-to-month,Yes,4,0.2818855981170612,No,Normal Risk,Continue regular engagement
7180-PISOG,1,74.5,74.5,Fiber optic,Month-to-month,Yes,0,0.7027004174654079,Yes,High Risk,Offer contract upgrade discount
9168-INPSZ,44,104.15,4495.65,Fiber optic,Month-to-month,No,4,0.4963866155415708,No,Normal Risk,Continue regular engagement
3571-RFHAR,65,109.15,6941.2,Fiber optic,Month-to-month,Yes,5,0.4637322833058001,No,Normal Risk,Continue regular engagement
0015-UOCOJ,7,48.2,340.35,DSL,Month-to-month,No,1,0.48153763261248206,No,Normal Risk,Continue regular engagement
5334-AFQJB,72,25.1,1789.9,No,Two year,No,0,0.003779431296255331,No,Normal Risk,Continue regular engagement
2754-SDJRD,8,100.15,908.55,Fiber optic,Month-to-month,No,3,0.6949625609424762,Yes,Normal Risk,Continue regular engagement
9578-VRMNM,16,65.2,1043.35,DSL,Month-to-month,Yes,2,0.4037634866285621,No,Normal Risk,Continue regular engagement
1587-FKLZB,66,99.5,6822.15,Fiber optic,Month-to-month,Yes,3,0.31211154426835813,No,Normal Risk,Continue regular engagement
6140-QNRQQ,1,71.55,71.55,Fiber optic,Month-to-month,Yes,0,0.8109829538209256,Yes,High Risk,Offer contract upgrade discount
8963-JLGJT,3,55.9,157.55,DSL,Month-to-month,No,2,0.24608583610435544,No,Normal Risk,Continue regular engagement
4307-KTUMW,53,93.9,5029.2,Fiber optic,Month-to-month,Yes,3,0.38831426085472004,No,Normal Risk,Continue regular engagement
1465-LNTLJ,8,64.4,581.7,DSL,Month-to-month,No,3,0.25947562550364495,No,Normal Risk,Continue regular engagement
5440-FLBQG,69,108.4,7318.2,Fiber optic,Two year,Yes,5,0.12950328445381817,No,Normal Risk,Continue regular engagement
2135-DQWAQ,5,85.3,420.45,Fiber optic,Month-to-month,No,2,0.7836886904330568,Yes,High Risk,Offer contract upgrade discount
4056-QHXHZ,72,107.45,7576.7,Fiber optic,Two year,No,5,0.03645011495634644,No,Normal Risk,Continue regular engagement
7470-MCQTK,13,48.75,633.4,DSL,Month-to-month,Yes,3,0.6695227520530551,Yes,Normal Risk,Continue regular engagement
7488-MXJIV,4,85.65,321.65,Fiber optic,Month-to-month,Yes,1,0.8949056066980624,Yes,High Risk,Offer contract upgrade discount
7401-JIXNM,54,91.3,4965.0,DSL,Two year,No,6,0.010385628255121694,No,Normal Risk,Continue regular engagement
9339-FIIJL,72,85.95,6151.9,DSL,Two year,No,5,0.05019033975076181,No,Normal Risk,Continue regular engagement
2027-FECZV,12,106.7,1253.9,Fiber optic,Month-to-month,Yes,4,0.80692305411149,Yes,High Risk,Offer contract upgrade discount
2672-DZUOY,1,25.15,25.15,DSL,Month-to-month,Yes,0,0.7869126377443986,Yes,High Risk,Offer contract upgrade discount
4706-DGAHW,1,45.2,45.2,DSL,Month-to-month,No,0,0.6559222086352368,Yes,Normal Risk,Continue regular engagement
3870-MQAMG,54,110.35,5893.15,Fiber optic,One year,Yes,5,0.2660587992116419,No,Normal Risk,Continue regular engagement
6670-MFRPK,69,79.2,5420.65,Fiber optic,Two year,No,1,0.04217327896317865,No,Normal Risk,Continue regular engagement
6177-PEVRA,48,55.5,2627.35,DSL,Two year,No,2,0.02244870254937253,No,Normal Risk,Continue regular engagement
4800-CZMPC,48,103.25,5037.55,Fiber optic,One year,Yes,4,0.10744105390884268,No,Normal Risk,Continue regular engagement
4813-HQMGZ,8,90.25,743.75,Fiber optic,Month-to-month,No,2,0.7709710061439782,Yes,High Risk,Offer contract upgrade discount
7579-KKLOE,71,91.25,6589.6,DSL,Two year,No,6,0.008436211428329524,No,Normal Risk,Continue regular engagement
7377-DMMRI,2,47.8,92.45,DSL,Month-to-month,Yes,1,0.5080831865962159,Yes,Normal Risk,Continue regular engagement
8402-EIVQS,67,100.9,6733.15,Fiber optic,One year,No,4,0.1432146807355239,No,Normal Risk,Continue regular engagement
4947-DSMXK,34,97.7,3410.0,Fiber optic,Month-to-month,No,3,0.573996941160262,Yes,Normal Risk,Continue regular engagement
7245-NIIWQ,3,69.85,199.85,Fiber optic,Month-to-month,No,0,0.8785746577730046,Yes,High Risk,Offer contract upgrade discount
0002-ORFBO,9,65.6,593.3,DSL,One year,No,3,0.1061609911069232,No,Normal Risk,Continue regular engagement
3324-OIRTO,71,104.65,7288.4,Fiber optic,One year,No,5,0.14831405990720023,No,Normal Risk,Continue regular engagement
5414-OFQCB,57,90.45,5229.8,Fiber optic,Two year,No,2,0.12364086568910092,No,Normal Risk,Continue regular engagement
4967-WPNCF,72,63.7,4464.8,DSL,Two year,No,6,0.021197785437763666,No,Normal Risk,Continue regular engagement
8552-OBVRU,48,104.5,5068.05,Fiber optic,Month-to-month,No,5,0.2359462598259687,No,Normal Risk,Continue regular engagement
8499-BRXTD,18,20.1,401.85,No,One year,No,0,0.05836276116575514,No,Normal Risk,Continue regular engagement
9154-QDGTH,43,104.3,4451.85,Fiber optic,One year,No,4,0.11107295516994614,No,Normal Risk,Continue regular engagement
8197-BFWVU,72,93.25,6688.95,DSL,Two year,No,6,0.027967102081140036,No,Normal Risk,Continue regular engagement
2577-GVSIL,35,73.45,2661.1,DSL,One year,No,3,0.11423851792404359,No,Normal Risk,Continue regular engagement
9367-OIUXP,4,20.7,73.05,No,Month-to-month,No,0,0.3605370415858529,No,Normal Risk,Continue regular engagement
6770-UAYGJ,49,25.25,1211.65,No,Two year,No,0,0.007175607919718956,No,Normal Risk,Continue regular engagement
6463-HHXJR,71,100.5,7030.65,Fiber optic,Two year,No,4,0.08750009325687848,No,Normal Risk,Continue regular engagement
7928-VJYAB,11,90.6,1020.2,Fiber optic,Month-to-month,No,2,0.7547626112396102,Yes,High Risk,Offer contract upgrade discount
1187-WILMM,63,89.4,5597.65,DSL,Two year,No,6,0.006258031681935229,No,Normal Risk,Continue regular engagement
9776-OJUZI,65,95.45,6223.3,Fiber optic,Month-to-month,No,3,0.6326208471260522,Yes,Normal Risk,Continue regular engagement
1306-RPWXZ,49,20.45,1024.65,No,Two year,No,0,0.007722817140329186,No,Normal Risk,Continue regular engagement
8949-JTMAY,29,98.6,2933.2,Fiber optic,Month-to-month,Yes,3,0.6707618612035432,Yes,Normal Risk,Continue regular engagement
2774-LVQUS,15,83.05,1258.3,Fiber optic,Month-to-month,Yes,2,0.4000437072224772,No,Normal Risk,Continue regular engagement
3097-PYWXL,4,19.95,82.9,No,Month-to-month,No,0,0.33121736744909464,No,Normal Risk,Continue regular engagement
2266-SJNAT,72,109.15,7789.6,Fiber optic,One year,No,5,0.14509717101518255,No,Normal Risk,Continue regular engagement
0869-PAPRP,26,85.7,2067.0,Fiber optic,Month-to-month,No,2,0.5004895868570781,Yes,Normal Risk,Continue regular engagement
4238-JSSWH,35,102.05,3452.55,Fiber optic,Month-to-month,No,3,0.7806034961818404,Yes,High Risk,Offer contract upgrade discount
2972-YDYUW,57,94.7,5468.95,Fiber optic,One year,No,3,0.2699852924782204,No,Normal Risk,Continue regular engagement
1104-FEJAM,28,64.4,1802.15,DSL,Month-to-month,No,2,0.2090748063322512,No,Normal Risk,Continue regular engagement
2809-ILCYT,25,26.8,733.55,No,One year,No,0,0.0653357612938587,No,Normal Risk,Continue regular engagement
5499-ECUTN,47,66.05,3021.45,DSL,One year,No,3,0.053334008465477846,No,Normal Risk,Continue regular engagement
4981-FLTMF,57,65.2,3687.85,DSL,Month-to-month,No,3,0.055174812083795,No,Normal Risk,Continue regular engagement
9121-PHQSR,16,85.05,1391.15,Fiber optic,Month-to-month,No,1,0.4970549953884382,No,Normal Risk,Continue regular engagement
3113-IWHLC,5,55.8,274.35,DSL,Month-to-month,No,2,0.3740602691209014,No,Normal Risk,Continue regular engagement
3211-ILJTT,17,70.4,1214.05,Fiber optic,Month-to-month,Yes,0,0.7337993067783207,Yes,High Risk,Offer contract upgrade discount
4612-THJBS,56,104.75,5510.65,Fiber optic,One year,Yes,4,0.45241585847921156,No,Normal Risk,Continue regular engagement
4277-BWBML,72,19.95,1322.85,No,Two year,No,0,0.004370151927212759,No,Normal Risk,Continue regular engagement
4094-NSEDU,21,94.25,1973.75,Fiber optic,Month-to-month,Yes,2,0.767493001742574,Yes,High Risk,Offer contract upgrade discount
0234-TEVTT,48,45.0,2196.3,DSL,One year,No,3,0.026352911211815187,No,Normal Risk,Continue regular engagement
4304-TSPVK,68,114.9,7843.55,Fiber optic,Two year,No,6,0.1398161774535372,No,Normal Risk,Continue regular engagement
1552-AAGRX,30,106.4,3211.9,Fiber optic,Month-to-month,No,4,0.6755127128058317,Yes,Normal Risk,Continue regular engagement
2637-FKFSY,3,46.1,130.15,DSL,Month-to-month,No,0,0.638667642079876,Yes,Normal Risk,Continue regular engagement
9796-MVYXX,14,39.7,692.35,DSL,Two year,No,3,0.03181283949157319,No,Normal Risk,Continue regular engagement
7874-ECPQJ,4,20.05,85.5,No,Month-to-month,No,0,0.4855923979987327,No,Normal Risk,Continue regular engagement
0020-INWCK,71,95.75,6849.4,Fiber optic,Two year,No,3,0.07527878413901487,No,Normal Risk,Continue regular engagement
7089-RKVSZ,8,24.4,203.95,No,One year,No,0,0.0636555918690956,No,Normal Risk,Continue regular engagement
2683-JXWQQ,61,33.6,2117.2,DSL,Month-to-month,No,2,0.05492477081460908,No,Normal Risk,Continue regular engagement
9548-ZMVTX,72,90.45,6565.85,Fiber optic,Two year,No,3,0.05116105369769709,No,Normal Risk,Continue regular engagement
8739-XNIKG,5,84.0,424.75,Fiber optic,Month-to-month,No,1,0.8822900216534815,Yes,High Risk,Offer contract upgrade discount
9755-JHNMN,49,67.4,3306.85,DSL,Two year,No,4,0.03263771750066098,No,Normal Risk,Continue regular engagement
3981-QSVQI,8,19.7,168.9,No,Month-to-month,No,0,0.5210722868586176,Yes,Normal Risk,Continue regular engagement
2789-HQBOU,3,80.35,253.8,Fiber optic,Month-to-month,No,1,0.8758269853086589,Yes,High Risk,Offer contract upgrade discount
9424-CMPOG,9,19.6,197.4,No,Two year,No,0,0.03817251503311845,No,Normal Risk,Continue regular engagement
5067-WJEUN,67,54.2,3838.2,DSL,Two year,No,2,0.012556169084052403,No,Normal Risk,Continue regular engagement
3450-WXOAT,46,45.2,2065.15,DSL,Month-to-month,No,0,0.19565976691835466,No,Normal Risk,Continue regular engagement
9251-WNSOD,67,75.1,5064.45,DSL,One year,No,4,0.03173558965040524,No,Normal Risk,Continue regular engagement
6974-DAFLI,55,19.7,1140.05,No,One year,No,0,0.024110083785405904,No,Normal Risk,Continue regular engagement
2616-UUTFK,33,72.75,2447.45,DSL,Month-to-month,No,4,0.19219036078989812,No,Normal Risk,Continue regular engagement
7064-JHXCE,62,20.05,1263.9,No,Two year,No,0,0.0026604219700316523,No,Normal Risk,Continue regular engagement
5103-MHMHY,1,45.95,45.95,DSL,Month-to-month,Yes,0,0.5519987002284149,Yes,Normal Risk,Continue regular engagement
7989-AWGEH,49,39.2,1838.15,DSL,Month-to-month,No,2,0.09937519008557306,No,Normal Risk,Continue regular engagement
4373-VVHQL,1,44.75,44.75,DSL,Month-to-month,No,0,0.7196382849359829,Yes,High Risk,Offer contract upgrade discount
4559-UWIHT,14,82.65,1185.0,Fiber optic,Month-to-month,No,2,0.45639825766361813,No,Normal Risk,Continue regular engagement
7268-IGMFD,18,93.9,1743.9,Fiber optic,Month-to-month,No,3,0.5368454187415678,Yes,Normal Risk,Continue regular engagement
1846-XWOQN,1,70.15,70.15,Fiber optic,Month-to-month,Yes,0,0.8561566640424318,Yes,High Risk,Offer contract upgrade discount
0235-KGSLC,1,85.55,85.55,Fiber optic,Month-to-month,Yes,2,0.7976431621199279,Yes,High Risk,Offer contract upgrade discount
6650-BWFRT,72,117.15,8529.5,Fiber optic,Two year,No,6,0.07888793200086222,No,Normal Risk,Continue regular engagement
9570-KYEUA,64,99.25,6549.45,Fiber optic,Two year,No,4,0.0530228239925639,No,Normal Risk,Continue regular engagement
6993-YGFJV,69,112.55,7806.5,Fiber optic,Two year,No,6,0.09555600814183615,No,Normal Risk,Continue regular engagement
2712-SYWAY,1,25.7,25.7,No,Month-to-month,No,0,0.5695509590497522,Yes,Normal Risk,Continue regular engagement
0730-BGQGF,71,90.3,6287.3,DSL,Two year,No,6,0.005617178481543954,No,Normal Risk,Continue regular engagement
5498-IBWPI,66,49.4,3251.85,DSL,One year,No,1,0.014658859854047227,No,Normal Risk,Continue regular engagement
9101-NTIXF,2,19.4,50.6,No,Month-to-month,No,0,0.35855271720596715,No,Normal Risk,Continue regular engagement
0013-SMEOE,71,109.7,7904.25,Fiber optic,Two year,No,6,0.10826734343478034,No,Normal Risk,Continue regular engagement
9314-QDMDW,11,61.25,729.95,DSL,One year,No,2,0.38969141777003646,No,Normal Risk,Continue regular engagement
9308-ANMVE,47,55.3,2654.05,DSL,Month-to-month,No,2,0.08328579900567104,No,Normal Risk,Continue regular engagement
2884-GBPFB,35,70.3,2416.55,Fiber optic,Month-to-month,Yes,0,0.6573178341508229,Yes,Normal Risk,Continue regular engagement
3757-NJYBX,32,106.35,3520.75,Fiber optic,Month-to-month,Yes,4,0.6675109169409332,Yes,Normal Risk,Continue regular engagement
3413-DHLPB,60,103.75,5969.95,Fiber optic,Month-to-month,No,4,0.3752459375877137,No,Normal Risk,Continue regular engagement
7649-PHJVR,11,19.5,226.8,No,One year,No,0,0.1253719360954138,No,Normal Risk,Continue regular engagement
6114-TCFID,29,39.5,1082.75,DSL,One year,No,3,0.03371517732777214,No,Normal Risk,Continue regular engagement
3787-TRIAL,21,26.05,565.75,DSL,Month-to-month,No,0,0.30444461611457607,No,Normal Risk,Continue regular engagement
2573-GYRUU,48,91.05,4370.75,Fiber optic,Month-to-month,No,2,0.41347301135434117,No,Normal Risk,Continue regular engagement
5156-UMKOW,3,29.65,90.05,DSL,Month-to-month,No,1,0.4874533854466041,No,Normal Risk,Continue regular engagement
1247-QBVSH,43,50.2,2169.4,DSL,Month-to-month,No,1,0.10409979811529203,No,Normal Risk,Continue regular engagement
6734-GMPVK,5,105.3,550.6,Fiber optic,Month-to-month,No,4,0.7872982646068215,Yes,High Risk,Offer contract upgrade discount
9822-OAOVB,1,55.45,55.45,DSL,Month-to-month,No,1,0.8091103722758749,Yes,High Risk,Offer contract upgrade discount
6161-ERDGD,71,85.45,6300.85,DSL,One year,No,5,0.02601975734651538,No,Normal Risk,Continue regular engagement
1226-JZNKR,8,19.8,160.05,No,One year,No,0,0.12435127338756596,No,Normal Risk,Continue regular engagement
7318-EIVKO,8,59.25,436.6,DSL,Month-to-month,No,1,0.696609436116409,Yes,Normal Risk,Continue regular engagement
3771-PZOBW,20,90.7,1781.35,Fiber optic,Month-to-month,No,2,0.5600260148956744,Yes,Normal Risk,Continue regular engagement
5136-KCKGI,33,103.7,3467.0,Fiber optic,One year,Yes,4,0.15507852905795838,No,Normal Risk,Continue regular engagement
8231-BSWXX,71,79.05,5552.5,Fiber optic,One year,No,1,0.12370733811317196,No,Normal Risk,Continue regular engagement
6486-LHTMA,31,90.7,2835.5,Fiber optic,One year,No,2,0.402835566436589,No,Normal Risk,Continue regular engagement
4083-BFNYK,38,95.0,3591.25,Fiber optic,One year,No,3,0.12241108933584925,No,Normal Risk,Continue regular engagement
3722-WPXTK,1,88.35,88.35,Fiber optic,Month-to-month,Yes,2,0.8777894549317509,Yes,High Risk,Offer contract upgrade discount
7389-KBFIT,2,30.25,63.75,DSL,Month-to-month,No,1,0.4630862338888637,No,Normal Risk,Continue regular engagement
7176-WIONM,12,49.85,617.15,DSL,Month-to-month,No,3,0.8093226648038104,Yes,High Risk,Offer contract upgrade discount
5141-ZUVBH,9,93.0,870.25,Fiber optic,Month-to-month,No,4,0.5129665102070256,Yes,Normal Risk,Continue regular engagement
1089-HDMKP,11,54.55,601.25,DSL,Month-to-month,No,2,0.2176751187030386,No,Normal Risk,Continue regular engagement
7623-HKYRK,6,19.7,111.65,No,Month-to-month,No,0,0.2111688323206873,No,Normal Risk,Continue regular engagement
0310-SUCIN,71,84.8,6046.1,DSL,One year,No,6,0.054462953010633766,No,Normal Risk,Continue regular engagement
5197-PYEPU,42,94.45,3923.8,Fiber optic,One year,No,3,0.08528864814809616,No,Normal Risk,Continue regular engagement
2929-ERCFZ,8,94.2,777.3,Fiber optic,Month-to-month,Yes,3,0.7560683280324294,Yes,High Risk,Offer contract upgrade discount
7548-SEPYI,5,96.25,512.45,Fiber optic,Month-to-month,Yes,3,0.8809972216375502,Yes,High Risk,Offer contract upgrade discount
8835-VSDSE,2,70.7,141.45,Fiber optic,Month-to-month,Yes,0,0.8601757355004375,Yes,High Risk,Offer contract upgrade discount
6619-RPLQZ,45,20.85,892.15,No,Two year,No,0,0.008246576122136591,No,Normal Risk,Continue regular engagement
3275-RHRNE,28,60.0,1682.05,DSL,One year,No,5,0.03631435800995236,No,Normal Risk,Continue regular engagement
3503-TYDAY,43,80.45,3398.9,Fiber optic,Month-to-month,No,1,0.5362323952101221,Yes,Normal Risk,Continue regular engagement
6901-GOGZG,60,84.95,4984.85,DSL,Two year,No,5,0.02022326931117496,No,Normal Risk,Continue regular engagement
1623-NLDOT,42,33.55,1445.3,DSL,One year,Yes,2,0.03675112757629428,No,Normal Risk,Continue regular engagement
7021-XSNYE,7,49.65,305.55,DSL,Two year,No,4,0.03127509865303273,No,Normal Risk,Continue regular engagement
9621-OUPYD,25,20.2,507.9,No,One year,No,0,0.1169116066096541,No,Normal Risk,Continue regular engagement
9898-KZQDZ,40,94.55,3640.45,Fiber optic,Month-to-month,Yes,2,0.42783183193564434,No,Normal Risk,Continue regular engagement
8982-NHAVY,27,100.5,2673.45,Fiber optic,One year,No,3,0.6298264121902372,Yes,Normal Risk,Continue regular engagement
4307-KWMXE,10,35.75,389.8,DSL,Month-to-month,No,2,0.4739060241684569,No,Normal Risk,Continue regular engagement
0141-YEAYS,27,86.45,2401.05,Fiber optic,Month-to-month,No,2,0.6809358593969808,Yes,Normal Risk,Continue regular engagement
2450-ZKEED,11,53.8,651.55,DSL,One year,No,2,0.3251568417999819,No,Normal Risk,Continue regular engagement
3694-DELSO,4,38.55,156.1,DSL,Month-to-month,No,2,0.27121294529374895,No,Normal Risk,Continue regular engagement
3893-JRNFS,68,39.9,2796.35,DSL,Month-to-month,No,2,0.2725318980876275,No,Normal Risk,Continue regular engagement
9603-OAIHC,1,70.05,70.05,Fiber optic,Month-to-month,No,0,0.819267659962582,Yes,High Risk,Offer contract upgrade discount
1133-KXCGE,18,20.1,407.05,No,One year,No,0,0.07488993888747264,No,Normal Risk,Continue regular engagement
5236-PERKL,57,112.95,6465.0,Fiber optic,Two year,Yes,5,0.347410615980046,No,Normal Risk,Continue regular engagement
0142-GVYSN,26,20.3,511.25,No,Month-to-month,No,0,0.18888490979080477,No,Normal Risk,Continue regular engagement
1049-FYSYG,17,35.65,646.05,DSL,Month-to-month,No,2,0.25973053637688126,No,Normal Risk,Continue regular engagement
7854-FOKSF,1,35.9,35.9,DSL,Month-to-month,Yes,1,0.8140937515479774,Yes,High Risk,Offer contract upgrade discount
2519-FAKOD,38,99.25,3777.15,Fiber optic,Month-to-month,Yes,3,0.6845352670352371,Yes,Normal Risk,Continue regular engagement
8406-LNMHF,59,82.95,4903.15,Fiber optic,One year,No,3,0.03876144493113655,No,Normal Risk,Continue regular engagement
1821-BUCWY,30,55.65,1653.85,DSL,Two year,No,2,0.03979790981834564,No,Normal Risk,Continue regular engagement
8263-JQAIK,2,24.45,47.5,DSL,Month-to-month,Yes,0,0.629121095420235,Yes,Normal Risk,Continue regular engagement
0023-UYUPN,50,25.2,1306.3,No,One year,No,0,0.025312696046148043,No,Normal Risk,Continue regular engagement
8314-DPQHL,9,50.8,463.6,DSL,One year,No,4,0.13498760623940118,No,Normal Risk,Continue regular engagement
1465-WCZVT,3,19.65,60.65,No,Month-to-month,No,0,0.23463306459826636,No,Normal Risk,Continue regular engagement
9481-SFCQY,14,59.8,824.85,DSL,Month-to-month,No,2,0.266211317954921,No,Normal Risk,Continue regular engagement
6360-SVNWV,31,73.55,2094.65,Fiber optic,Month-to-month,No,1,0.3230722472954905,No,Normal Risk,Continue regular engagement
0567-GGCAC,7,61.4,438.9,DSL,Month-to-month,No,3,0.4241147324616932,No,Normal Risk,Continue regular engagement
7089-IVVAZ,8,103.35,847.3,Fiber optic,Month-to-month,Yes,4,0.7596081865532466,Yes,High Risk,Offer contract upgrade discount
8884-MRNSU,17,19.9,329.75,No,One year,No,0,0.05718151069962171,No,Normal Risk,Continue regular engagement
2171-UDMFD,32,19.45,674.55,No,Month-to-month,No,0,0.04085886502160553,No,Normal Risk,Continue regular engagement
9050-IKDZA,2,81.5,162.55,Fiber optic,Month-to-month,No,1,0.819339440923556,Yes,High Risk,Offer contract upgrade discount
2205-YMZZJ,7,84.8,546.95,Fiber optic,Month-to-month,Yes,1,0.8176863492905705,Yes,High Risk,Offer contract upgrade discount
9802-CAQUT,72,109.55,7887.25,Fiber optic,Two year,No,5,0.052329781698257014,No,Normal Risk,Continue regular engagement
1254-IZEYF,31,99.95,3186.65,Fiber optic,Month-to-month,Yes,3,0.7258788837551327,Yes,High Risk,Offer contract upgrade discount
0187-WZNAB,27,74.4,1972.35,Fiber optic,Month-to-month,No,1,0.26185601020442023,No,Normal Risk,Continue regular engagement
9492-TOKRI,18,90.0,1527.35,Fiber optic,Month-to-month,Yes,2,0.5722547381292195,Yes,Normal Risk,Continue regular engagement
1475-VWVDO,7,74.9,490.55,Fiber optic,Month-to-month,No,1,0.7978273516036681,Yes,High Risk,Offer contract upgrade discount
9221-OTIVJ,14,104.85,1531.4,Fiber optic,Month-to-month,Yes,4,0.6675806631754208,Yes,Normal Risk,Continue regular engagement
1357-MVDOZ,11,59.65,683.25,DSL,Month-to-month,No,2,0.531625199366558,Yes,Normal Risk,Continue regular engagement
7602-MVRMB,72,110.45,8058.85,Fiber optic,Two year,No,5,0.12186959653298894,No,Normal Risk,Continue regular engagement
3325-FUYCG,28,106.1,2847.4,Fiber optic,One year,Yes,4,0.1687224032994451,No,Normal Risk,Continue regular engagement
5908-QMGOE,15,74.2,1133.9,Fiber optic,Month-to-month,Yes,0,0.49564728389522494,No,Normal Risk,Continue regular engagement
1197-BVMVG,4,74.45,294.45,Fiber optic,Month-to-month,No,0,0.8383041136360836,Yes,High Risk,Offer contract upgrade discount
5406-KGRMX,71,24.55,1719.15,No,Two year,No,0,0.010298184836186644,No,Normal Risk,Continue regular engagement
8481-YYXWG,5,89.35,461.7,Fiber optic,Month-to-month,Yes,3,0.7373986396029535,Yes,High Risk,Offer contract upgrade discount
5968-HYJRZ,47,24.55,1160.45,No,Two year,No,0,0.0056470302728851805,No,Normal Risk,Continue regular engagement
5198-EFNBM,57,90.65,5199.8,Fiber optic,One year,No,3,0.20625263537330885,No,Normal Risk,Continue regular engagement
7516-GMHUV,50,105.05,5163.3,Fiber optic,Two year,No,4,0.08758189035320153,No,Normal Risk,Continue regular engagement
7140-ADSMJ,8,20.45,162.3,No,Month-to-month,No,0,0.30473261469951235,No,Normal Risk,Continue regular engagement
2230-XTUWL,48,19.55,883.35,No,Two year,No,0,0.006478030946520959,No,Normal Risk,Continue regular engagement
7706-YLMQA,70,19.7,1341.5,No,One year,No,0,0.024062383607394863,No,Normal Risk,Continue regular engagement
2585-KTFRE,1,70.45,70.45,DSL,Month-to-month,No,4,0.2979840037989077,No,Normal Risk,Continue regular engagement
7994-UYIVZ,8,85.65,659.45,Fiber optic,Month-to-month,No,1,0.8812944790670223,Yes,High Risk,Offer contract upgrade discount
2609-IAICY,1,77.15,77.15,Fiber optic,Month-to-month,Yes,0,0.8966971692982345,Yes,High Risk,Offer contract upgrade discount
1740-CSDJP,1,35.25,35.25,DSL,Month-to-month,Yes,1,0.8683247802482424,Yes,High Risk,Offer contract upgrade discount
7717-BICXI,60,20.55,1205.05,No,Two year,No,0,0.0034352688353760084,No,Normal Risk,Continue regular engagement
6559-RAKOZ,49,97.95,4917.9,Fiber optic,One year,No,3,0.1925124564241889,No,Normal Risk,Continue regular engagement
2636-OHFMN,4,48.55,201.0,DSL,Month-to-month,Yes,3,0.6805555662020345,Yes,Normal Risk,Continue regular engagement
4716-MRVEN,29,20.0,599.3,No,One year,No,0,0.05589324690042074,No,Normal Risk,Continue regular engagement
2143-LJULT,67,25.25,1733.15,No,Two year,No,0,0.006245784491109775,No,Normal Risk,Continue regular engagement
1323-OOEPC,53,98.4,5149.5,Fiber optic,Month-to-month,Yes,3,0.5089441227526434,Yes,Normal Risk,Continue regular engagement
3200-MNQTF,67,70.9,4677.1,DSL,Two year,No,4,0.004878668212741818,No,Normal Risk,Continue regular engagement
6164-HXUGH,6,19.85,119.3,No,Month-to-month,No,0,0.21620311053286967,No,Normal Risk,Continue regular engagement
5630-IXDXV,47,106.35,4849.1,Fiber optic,Month-to-month,No,4,0.7254674499954059,Yes,High Risk,Offer contract upgrade discount
0320-DWVTU,53,99.5,5424.25,Fiber optic,Two year,No,5,0.058785780193312154,No,Normal Risk,Continue regular engagement
9135-MGVPY,69,84.7,5878.9,DSL,Two year,No,6,0.011566135787327016,No,Normal Risk,Continue regular engagement
1212-GLHMD,3,86.05,244.85,Fiber optic,Month-to-month,No,2,0.6976926018875064,Yes,Normal Risk,Continue regular engagement
7878-JGDKK,4,44.55,220.75,DSL,Month-to-month,No,0,0.58869388860455,Yes,Normal Risk,Continue regular engagement
1088-AUUZZ,56,75.85,4261.2,DSL,Two year,No,4,0.006486708073682602,No,Normal Risk,Continue regular engagement
0397-GZBBC,59,93.85,5574.75,Fiber optic,Month-to-month,Yes,2,0.6934461054243454,Yes,Normal Risk,Continue regular engagement
6614-YWYSC,61,25.0,1501.75,No,Two year,No,0,0.01069117660657762,No,Normal Risk,Continue regular engagement
9588-OZDMQ,2,45.0,89.75,DSL,Month-to-month,No,0,0.7205289933956482,Yes,High Risk,Offer contract upgrade discount
7641-EUYET,46,100.7,4541.2,Fiber optic,Month-to-month,Yes,4,0.19191055394359718,No,Normal Risk,Continue regular engagement
6476-EPYZR,12,20.5,255.5,No,Month-to-month,No,0,0.1495612833979604,No,Normal Risk,Continue regular engagement
9921-ZVRHG,14,80.45,1072.0,Fiber optic,Month-to-month,Yes,1,0.7164175814642872,Yes,High Risk,Offer contract upgrade discount
1174-FGIFN,28,90.45,2509.25,Fiber optic,One year,No,2,0.2520034916389502,No,Normal Risk,Continue regular engagement
6620-HVDUJ,24,60.45,1440.75,DSL,Month-to-month,No,3,0.15661768044210017,No,Normal Risk,Continue regular engagement
4701-MLJPN,31,55.25,1715.65,DSL,Month-to-month,Yes,2,0.23133672372507882,No,Normal Risk,Continue regular engagement
1032-MAELW,68,78.45,5333.35,DSL,One year,No,5,0.014120053432162332,No,Normal Risk,Continue regular engagement
7641-TQFHN,39,100.55,3895.35,Fiber optic,Two year,No,3,0.123512150599644,No,Normal Risk,Continue regular engagement
1552-TKMXS,42,20.35,869.9,No,Month-to-month,No,0,0.06268890724267379,No,Normal Risk,Continue regular engagement
9206-GVPEQ,13,54.45,706.85,DSL,Month-to-month,Yes,4,0.2677545462964183,No,Normal Risk,Continue regular engagement
8622-ZLFKO,6,90.75,512.25,Fiber optic,Month-to-month,No,2,0.817344252491096,Yes,High Risk,Offer contract upgrade discount
1596-BBVTG,35,75.35,2636.05,Fiber optic,Month-to-month,Yes,0,0.512661150286545,Yes,Normal Risk,Continue regular engagement
6188-UXBBR,38,20.25,814.75,No,One year,No,0,0.029887904261699075,No,Normal Risk,Continue regular engagement
2333-KWEWW,18,20.05,388.6,No,Two year,No,0,0.030089188028928487,No,Normal Risk,Continue regular engagement
5702-SKUOB,4,19.6,93.45,No,Month-to-month,No,0,0.3475576375902393,No,Normal Risk,Continue regular engagement
1134-YWTYF,27,53.8,1389.85,DSL,Month-to-month,No,2,0.16067632044246044,No,Normal Risk,Continue regular engagement
6061-GWWAV,41,70.2,2894.55,DSL,One year,No,4,0.02511395025340827,No,Normal Risk,Continue regular engagement
0679-TDGAK,50,75.5,4025.6,DSL,One year,No,4,0.038137649083524544,No,Normal Risk,Continue regular engagement
6585-WCEWR,72,20.35,1354.4,No,Two year,No,0,0.0030978812533607606,No,Normal Risk,Continue regular engagement
9067-YGSCA,70,26.05,1856.4,No,One year,No,0,0.012247605201624002,No,Normal Risk,Continue regular engagement
9067-SQTNS,44,20.6,926.0,No,One year,No,0,0.02505218167096235,No,Normal Risk,Continue regular engagement
8433-WXGNA,2,75.7,189.2,Fiber optic,Month-to-month,Yes,1,0.7468626476508123,Yes,High Risk,Offer contract upgrade discount
1776-SPBWV,34,20.1,682.1,No,One year,No,0,0.04824943438537827,No,Normal Risk,Continue regular engagement
8735-SDUFN,72,24.3,1778.7,No,Two year,No,0,0.008748024135901299,No,Normal Risk,Continue regular engagement
9668-PUGNU,71,24.5,1816.2,No,Two year,No,0,0.006868169327866734,No,Normal Risk,Continue regular engagement
9405-GPBBG,64,110.5,7069.25,Fiber optic,Two year,No,5,0.14203787313575073,No,Normal Risk,Continue regular engagement
1926-QUZNN,72,25.25,1841.2,No,Two year,No,0,0.01333082894336475,No,Normal Risk,Continue regular engagement
3707-GNWHM,1,74.25,74.25,Fiber optic,Month-to-month,Yes,0,0.7781763071181306,Yes,High Risk,Offer contract upgrade discount
7016-NVRIC,29,90.1,2656.7,Fiber optic,One year,No,3,0.2647063204696792,No,Normal Risk,Continue regular engagement
5829-NVSQN,23,68.75,1689.45,DSL,One year,No,4,0.09588558462133517,No,Normal Risk,Continue regular engagement
9565-AXSMR,52,19.2,1054.75,No,Two year,No,0,0.00429422060273729,No,Normal Risk,Continue regular engagement
8922-LIEGH,25,89.7,2187.55,Fiber optic,Month-to-month,Yes,2,0.6688388136510571,Yes,Normal Risk,Continue regular engagement
8869-LIHMK,64,115.1,7334.05,Fiber optic,Two year,No,6,0.1828277775803492,No,Normal Risk,Continue regular engagement
8245-UMPYT,16,96.4,1581.2,Fiber optic,Month-to-month,Yes,2,0.8074315439065582,Yes,High Risk,Offer contract upgrade discount
5186-SAMNZ,1,69.5,69.5,Fiber optic,Month-to-month,Yes,0,0.8650955959344168,Yes,High Risk,Offer contract upgrade discount
0447-RXSGD,24,99.65,2404.85,Fiber optic,Month-to-month,No,3,0.7703041759452204,Yes,High Risk,Offer contract upgrade discount
4927-WWOOZ,2,91.45,171.45,Fiber optic,Month-to-month,No,2,0.8101914755262755,Yes,High Risk,Offer contract upgrade discount
5788-YPOEG,34,84.75,2839.45,DSL,Two year,No,6,0.01224634327104116,No,Normal Risk,Continue regular engagement
5373-SFODM,36,85.25,3132.75,Fiber optic,Month-to-month,Yes,1,0.4842952419981108,No,Normal Risk,Continue regular engagement
0661-KBKPA,53,78.75,3942.45,DSL,One year,No,4,0.03057664745036957,No,Normal Risk,Continue regular engagement
9081-WWXKP,47,20.25,873.4,No,Two year,No,0,0.006151867776803473,No,Normal Risk,Continue regular engagement
0784-ZQJZX,72,19.9,1529.65,No,Two year,No,0,0.002326430456256357,No,Normal Risk,Continue regular engagement
3133-PZNSR,72,97.75,6991.6,Fiber optic,Two year,No,4,0.01590653872902704,No,Normal Risk,Continue regular engagement
5766-ZJYBB,1,19.4,19.4,No,Month-to-month,Yes,0,0.366730845464867,No,Normal Risk,Continue regular engagement
8931-GJJIQ,9,83.3,803.3,Fiber optic,Month-to-month,Yes,1,0.877476017118728,Yes,High Risk,Offer contract upgrade discount
4277-PVRAN,8,80.1,679.3,Fiber optic,Month-to-month,Yes,1,0.9223746328332845,Yes,High Risk,Offer contract upgrade discount
0022-TCJCI,45,62.7,2791.5,DSL,One year,Yes,3,0.03162849209876753,No,Normal Risk,Continue regular engagement
0722-SVSFK,7,100.4,715.0,Fiber optic,Month-to-month,No,4,0.8036428453628535,Yes,High Risk,Offer contract upgrade discount
3612-YVGSJ,71,24.45,1681.6,No,Two year,No,0,0.004766743844066483,No,Normal Risk,Continue regular engagement
9825-YCXWZ,41,101.1,4016.2,Fiber optic,One year,No,4,0.4529721000894936,No,Normal Risk,Continue regular engagement
5397-NSKQG,67,50.9,3281.65,DSL,Two year,No,3,0.012008356342355418,No,Normal Risk,Continue regular engagement
8565-HBFNN,69,107.2,7317.1,Fiber optic,One year,No,5,0.06500454719593074,No,Normal Risk,Continue regular engagement
2000-DHJUY,70,92.2,6474.45,DSL,Two year,No,6,0.03604614754828732,No,Normal Risk,Continue regular engagement
0203-HHYIJ,25,25.3,676.35,No,One year,Yes,0,0.11248764563980336,No,Normal Risk,Continue regular engagement
8670-ERCJH,72,113.4,8164.1,Fiber optic,Two year,No,6,0.11865710839877881,No,Normal Risk,Continue regular engagement
7758-UJWYS,34,40.55,1325.85,DSL,Two year,No,2,0.042506158552087066,No,Normal Risk,Continue regular engagement
2050-ONYDQ,65,26.0,1654.85,No,Two year,No,0,0.0036441560144384565,No,Normal Risk,Continue regular engagement
7055-JCGNI,70,111.95,7795.95,Fiber optic,Two year,No,6,0.057779383915621055,No,Normal Risk,Continue regular engagement
0739-UUAJR,72,53.8,3952.45,DSL,Two year,No,4,0.011332430549380356,No,Normal Risk,Continue regular engagement
4826-DXMUP,35,72.1,2495.15,DSL,One year,No,3,0.08480378302443377,No,Normal Risk,Continue regular engagement
0952-KMEEH,13,98.15,1230.25,Fiber optic,Month-to-month,Yes,3,0.48937480593535965,No,Normal Risk,Continue regular engagement
7285-KLOTR,12,78.85,876.75,DSL,One year,No,4,0.24944229493884285,No,Normal Risk,Continue regular engagement
0654-PQKDW,62,70.75,4263.45,DSL,One year,No,4,0.03173066194971352,No,Normal Risk,Continue regular engagement
7175-NTIXE,25,76.15,1992.95,DSL,Month-to-month,No,4,0.2325089379042763,No,Normal Risk,Continue regular engagement
7963-SHNDT,52,39.1,1982.1,DSL,Two year,No,3,0.010842653925454193,No,Normal Risk,Continue regular engagement
9796-BPKIW,8,69.95,562.7,Fiber optic,Month-to-month,No,0,0.6885286329615555,Yes,Normal Risk,Continue regular engagement
0188-GWFLE,2,20.05,33.7,No,Month-to-month,No,0,0.368021532752739,No,Normal Risk,Continue regular engagement
8129-GMVGI,56,20.05,1090.1,No,Two year,No,0,0.004984105532372714,No,Normal Risk,Continue regular engagement
2882-DDZPG,12,19.45,227.45,No,Month-to-month,No,0,0.5231449012594456,Yes,Normal Risk,Continue regular engagement
3547-LQRIK,47,26.9,1250.85,No,One year,No,0,0.04135185932672199,No,Normal Risk,Continue regular engagement
9137-NOQKA,2,19.2,37.2,No,Month-to-month,No,0,0.39271190226900965,No,Normal Risk,Continue regular engagement
5843-TTHGI,18,50.0,892.7,DSL,Month-to-month,No,1,0.36318477965186247,No,Normal Risk,Continue regular engagement
1849-RJYIG,8,60.0,487.75,DSL,Month-to-month,No,2,0.6146879510661873,Yes,Normal Risk,Continue regular engagement
8868-GAGIO,45,84.55,3713.95,Fiber optic,Month-to-month,No,2,0.2511320055811891,No,Normal Risk,Continue regular engagement
4061-UKJWL,3,45.45,141.7,DSL,Month-to-month,No,0,0.6084347035041929,Yes,Normal Risk,Continue regular engagement
5380-XPJNZ,38,20.05,678.2,No,One year,No,0,0.038297922244159864,No,Normal Risk,Continue regular engagement
8263-QMNTJ,72,115.55,8425.3,Fiber optic,Two year,No,6,0.09044929302353659,No,Normal Risk,Continue regular engagement
8178-EYZUO,46,93.7,4154.8,Fiber optic,Month-to-month,Yes,3,0.41948817265220906,No,Normal Risk,Continue regular engagement
3230-JCNZS,71,99.0,7061.65,Fiber optic,Two year,No,4,0.03442267402311246,No,Normal Risk,Continue regular engagement
0277-ORXQS,66,50.55,3364.55,DSL,Two year,No,3,0.03464456736201232,No,Normal Risk,Continue regular engagement
5130-IEKQT,25,105.95,2655.25,Fiber optic,Month-to-month,Yes,4,0.5220232926883845,Yes,Normal Risk,Continue regular engagement
3230-WYKIR,18,82.0,1425.45,DSL,One year,Yes,4,0.11834955260172066,No,Normal Risk,Continue regular engagement
7996-BPXHY,13,25.0,332.5,No,Two year,No,0,0.05539545233447626,No,Normal Risk,Continue regular engagement
3227-WLKLI,65,91.55,5963.95,DSL,Two year,No,6,0.024112419127165177,No,Normal Risk,Continue regular engagement
0407-BDJKB,60,95.75,5742.9,Fiber optic,Month-to-month,Yes,3,0.49259912406832035,No,Normal Risk,Continue regular engagement
2266-FUBDZ,15,19.35,278.85,No,Two year,No,0,0.016024150419482863,No,Normal Risk,Continue regular engagement
8237-ULIXL,72,24.85,1871.85,No,Two year,No,0,0.004712494698717724,No,Normal Risk,Continue regular engagement
9600-UDOPK,30,94.05,2866.45,Fiber optic,Month-to-month,Yes,2,0.6049690226726399,Yes,Normal Risk,Continue regular engagement
8216-AZUUZ,42,100.4,4303.65,Fiber optic,Two year,No,4,0.15787322769588885,No,Normal Risk,Continue regular engagement
9153-BTBVV,71,25.0,1753.0,No,Two year,No,0,0.012367626387738122,No,Normal Risk,Continue regular engagement
4074-SJFFA,1,54.75,54.75,DSL,Month-to-month,Yes,1,0.7242824230911153,Yes,High Risk,Offer contract upgrade discount
3269-ATYWD,39,95.65,3759.05,Fiber optic,Month-to-month,Yes,2,0.8058004859433476,Yes,High Risk,Offer contract upgrade discount
5186-PEIZU,35,19.25,617.65,No,Month-to-month,No,0,0.2073554678730711,No,Normal Risk,Continue regular engagement
1074-AMIOH,53,108.25,5935.1,Fiber optic,Month-to-month,No,5,0.5425764472004319,Yes,Normal Risk,Continue regular engagement
4910-GMJOT,1,94.6,94.6,Fiber optic,Month-to-month,Yes,2,0.9086821411965815,Yes,High Risk,Offer contract upgrade discount
0354-WYROK,31,98.9,2911.3,Fiber optic,Month-to-month,Yes,4,0.3687233927494063,No,Normal Risk,Continue regular engagement
4361-FEBGN,48,20.15,982.95,No,Two year,No,0,0.01076391369659872,No,Normal Risk,Continue regular engagement
7748-UMTRK,30,101.3,2974.5,Fiber optic,Month-to-month,No,3,0.5494966555989698,Yes,Normal Risk,Continue regular engagement
0380-ZCSBI,10,20.0,198.7,No,Month-to-month,No,0,0.2671485388827056,No,Normal Risk,Continue regular engagement
7145-FEJWU,12,105.3,1275.65,Fiber optic,Month-to-month,No,4,0.7330256426458437,Yes,High Risk,Offer contract upgrade discount
6463-MVYRY,57,69.85,4003.0,DSL,Two year,No,4,0.0330517313594904,No,Normal Risk,Continue regular engagement
3969-JQABI,58,65.25,3791.6,DSL,Month-to-month,No,3,0.09103565929476432,No,Normal Risk,Continue regular engagement
9624-EGDEQ,37,19.8,813.3,No,Two year,No,0,0.02473216683181117,No,Normal Risk,Continue regular engagement
1051-EQPZR,44,19.6,780.25,No,Month-to-month,No,0,0.03436315029182453,No,Normal Risk,Continue regular engagement
5849-ASHZJ,27,20.05,552.9,No,One year,No,0,0.022995322551132152,No,Normal Risk,Continue regular engagement
5780-INQIK,8,49.4,408.25,DSL,Month-to-month,No,1,0.5621642485712673,Yes,Normal Risk,Continue regular engagement
7576-OYWBN,3,76.05,231.8,Fiber optic,Month-to-month,Yes,0,0.820682995757001,Yes,High Risk,Offer contract upgrade discount
4526-ZJJTM,25,88.4,2191.15,Fiber optic,Month-to-month,No,3,0.6082927442167985,Yes,Normal Risk,Continue regular engagement
8384-FZBJK,57,100.6,5611.7,Fiber optic,Month-to-month,No,3,0.5438172400699403,Yes,Normal Risk,Continue regular engagement
3750-RNQKR,12,19.45,246.25,No,Month-to-month,No,0,0.3287216619983535,No,Normal Risk,Continue regular engagement
0962-CQPWQ,62,20.3,1296.15,No,Two year,No,0,0.009298388917038465,No,Normal Risk,Continue regular engagement
3096-YXENJ,65,107.65,7082.85,Fiber optic,Two year,No,5,0.20785357958211798,No,Normal Risk,Continue regular engagement
1265-BCFEO,71,80.45,5662.25,DSL,Two year,No,4,0.08587641031151257,No,Normal Risk,Continue regular engagement
5837-LXSDN,21,58.85,1215.45,DSL,One year,No,2,0.0644550075353513,No,Normal Risk,Continue regular engagement
5945-AZYHT,71,109.6,7854.15,Fiber optic,One year,No,5,0.20546483444602476,No,Normal Risk,Continue regular engagement
8325-QRPZR,7,75.15,525.0,Fiber optic,Month-to-month,No,1,0.8415806968924453,Yes,High Risk,Offer contract upgrade discount
6384-VMJHP,72,73.0,5265.2,DSL,Two year,No,5,0.008706053288568827,No,Normal Risk,Continue regular engagement
2262-SLNVK,1,70.1,70.1,Fiber optic,Month-to-month,No,0,0.8777158597789695,Yes,High Risk,Offer contract upgrade discount
7730-CLDSV,72,98.65,7129.45,Fiber optic,Two year,No,4,0.09040307426335667,No,Normal Risk,Continue regular engagement
1135-HIORI,64,111.45,7266.95,Fiber optic,One year,No,5,0.2011851903201495,No,Normal Risk,Continue regular engagement
0164-APGRB,72,114.9,8496.7,Fiber optic,Two year,No,6,0.14027734063280203,No,Normal Risk,Continue regular engagement
6481-ESCNL,29,100.55,2878.75,Fiber optic,Month-to-month,No,3,0.8487306827260189,Yes,High Risk,Offer contract upgrade discount
1790-NESIO,13,20.4,261.3,No,Two year,No,0,0.058607691767600154,No,Normal Risk,Continue regular engagement
1550-EENBN,31,104.35,3205.6,Fiber optic,Month-to-month,No,4,0.5962903833662491,Yes,Normal Risk,Continue regular engagement
5539-TMZLF,1,69.75,69.75,Fiber optic,Month-to-month,Yes,0,0.8159612380497063,Yes,High Risk,Offer contract upgrade discount
4323-SADQS,7,34.5,279.25,DSL,Month-to-month,Yes,2,0.23540964626350624,No,Normal Risk,Continue regular engagement
4446-BZKHU,61,105.55,6281.45,Fiber optic,Month-to-month,Yes,4,0.5760396802433368,Yes,Normal Risk,Continue regular engagement
5202-IVJNU,39,30.1,1131.3,DSL,Month-to-month,Yes,1,0.14342164245542796,No,Normal Risk,Continue regular engagement
5976-JCJRH,10,70.3,738.2,Fiber optic,Month-to-month,Yes,0,0.7989694130157737,Yes,High Risk,Offer contract upgrade discount
8198-RKSZG,14,80.45,1137.05,DSL,Month-to-month,No,4,0.13689888717404705,No,Normal Risk,Continue regular engagement
0137-OCGAB,1,80.2,80.2,Fiber optic,Month-to-month,Yes,1,0.7621968743613701,Yes,High Risk,Offer contract upgrade discount
3351-NQLDI,67,94.35,6341.45,Fiber optic,One year,Yes,3,0.05719246223038037,No,Normal Risk,Continue regular engagement
9297-EONCV,72,91.35,6697.2,DSL,Two year,No,6,0.054959735809133894,No,Normal Risk,Continue regular engagement
7593-JNWRU,6,44.6,260.8,DSL,Month-to-month,Yes,0,0.5809092446742592,Yes,Normal Risk,Continue regular engagement
4588-YBNIB,1,19.6,19.6,No,Month-to-month,Yes,0,0.45099883005616914,No,Normal Risk,Continue regular engagement
1069-QJOEE,25,19.9,505.45,No,One year,No,0,0.03362173095461243,No,Normal Risk,Continue regular engagement
3336-JORSO,33,110.45,3655.45,Fiber optic,Month-to-month,Yes,5,0.5400763116176288,Yes,Normal Risk,Continue regular engagement
7799-DSEWS,18,68.35,1299.8,DSL,Month-to-month,No,4,0.1636196242008056,No,Normal Risk,Continue regular engagement
8766-PAFNE,71,79.1,5564.85,DSL,Two year,No,5,0.015915092900533064,No,Normal Risk,Continue regular engagement
5315-CKEQK,28,51.0,1381.8,DSL,One year,No,0,0.08828363241868654,No,Normal Risk,Continue regular engagement
3130-ICDUP,2,80.55,188.1,Fiber optic,Month-to-month,No,1,0.5167606784512621,Yes,Normal Risk,Continue regular engagement
0820-FNRNX,17,66.7,1077.05,DSL,Month-to-month,No,3,0.07223152673020755,No,Normal Risk,Continue regular engagement
0880-FVFWF,56,86.4,4922.4,Fiber optic,Month-to-month,No,2,0.3830423816775468,No,Normal Risk,Continue regular engagement
4611-ANLQC,60,50.05,2911.5,DSL,One year,No,4,0.040900521647395265,No,Normal Risk,Continue regular engagement
4213-HKBJO,33,25.7,826.1,No,Two year,No,0,0.026804594322210336,No,Normal Risk,Continue regular engagement
2792-LSHWX,1,83.4,83.4,Fiber optic,Month-to-month,No,3,0.4147757993725188,No,Normal Risk,Continue regular engagement
5028-GZLDO,2,70.7,140.7,Fiber optic,Month-to-month,Yes,0,0.7607095516002272,Yes,High Risk,Offer contract upgrade discount
0014-BMAQU,63,84.65,5377.8,Fiber optic,Two year,No,2,0.03328177621335387,No,Normal Risk,Continue regular engagement
6861-XWTWQ,7,99.25,665.45,Fiber optic,Month-to-month,Yes,3,0.7630447143617438,Yes,High Risk,Offer contract upgrade discount
9018-PCIOK,55,64.75,3617.1,DSL,Two year,No,3,0.05222801519999074,No,Normal Risk,Continue regular engagement
4837-QUSFT,65,100.15,6643.5,Fiber optic,One year,No,4,0.19078384131387055,No,Normal Risk,Continue regular engagement
6877-TJMBR,1,84.8,84.8,Fiber optic,Month-to-month,Yes,2,0.7258725069635497,Yes,High Risk,Offer contract upgrade discount
9953-ZMKSM,63,25.25,1559.3,No,Two year,No,0,0.0074933365480127105,No,Normal Risk,Continue regular engagement
0907-HQNTS,70,113.0,7987.6,Fiber optic,Two year,No,6,0.04121777568507888,No,Normal Risk,Continue regular engagement
7665-NKLAV,36,40.65,1547.35,DSL,Two year,No,3,0.009586398328647132,No,Normal Risk,Continue regular engagement
6769-DCQLI,52,105.0,5426.85,Fiber optic,One year,Yes,5,0.34114134758057824,No,Normal Risk,Continue regular engagement
2433-KMEAS,22,54.45,1127.35,DSL,Month-to-month,Yes,1,0.2614622517074305,No,Normal Risk,Continue regular engagement
4391-LNRXK,22,94.95,2142.8,Fiber optic,Month-to-month,No,4,0.5437873923121381,Yes,Normal Risk,Continue regular engagement
8250-ZNGGW,5,59.9,287.85,DSL,Month-to-month,No,3,0.16537693040193904,No,Normal Risk,Continue regular engagement
2195-ZRVAX,47,85.3,4045.65,Fiber optic,Month-to-month,Yes,2,0.6558692941684166,Yes,Normal Risk,Continue regular engagement
3550-SAHFP,33,83.35,2757.85,Fiber optic,Month-to-month,Yes,1,0.7574589719904332,Yes,High Risk,Offer contract upgrade discount
2011-TRQYE,18,33.5,600.0,DSL,Month-to-month,Yes,2,0.21620785317206928,No,Normal Risk,Continue regular engagement
8562-GHPPI,1,19.8,19.8,No,Month-to-month,No,0,0.4015072465490189,No,Normal Risk,Continue regular engagement
5893-PYOLZ,56,81.8,4534.45,DSL,Two year,No,5,0.03312485374699174,No,Normal Risk,Continue regular engagement
4986-MXSFP,2,20.0,40.9,No,Month-to-month,No,0,0.44852672591385323,No,Normal Risk,Continue regular engagement
6131-FOYAS,35,59.6,2094.9,DSL,Month-to-month,No,2,0.20010046036784734,No,Normal Risk,Continue regular engagement
3027-YNWZU,64,25.0,1584.8,No,Two year,No,0,0.006219188904775936,No,Normal Risk,Continue regular engagement
5609-IMCGG,15,84.35,1302.65,Fiber optic,Month-to-month,No,2,0.39623968654517544,No,Normal Risk,Continue regular engagement
4873-ILOLJ,24,90.35,2238.5,Fiber optic,Month-to-month,Yes,2,0.7803096317670453,Yes,High Risk,Offer contract upgrade discount
4727-MCYZG,1,55.55,55.55,DSL,Month-to-month,No,1,0.6659855249159836,Yes,Normal Risk,Continue regular engagement
9481-WHGWY,70,75.35,5437.75,DSL,Two year,No,4,0.01129398227082027,No,Normal Risk,Continue regular engagement
2725-KXXWT,1,90.75,90.75,Fiber optic,Month-to-month,Yes,2,0.8698851243749327,Yes,High Risk,Offer contract upgrade discount
9565-DJPIB,4,89.6,365.65,Fiber optic,Month-to-month,Yes,2,0.6381729776731737,Yes,Normal Risk,Continue regular engagement
4328-VUFWD,39,59.3,2209.15,DSL,One year,No,2,0.13992752088351149,No,Normal Risk,Continue regular engagement
3301-LSLWQ,29,66.1,1912.15,DSL,Month-to-month,No,2,0.41461240358951107,No,Normal Risk,Continue regular engagement
7473-ZBDSN,14,18.8,255.55,No,Two year,No,0,0.020746626188756476,No,Normal Risk,Continue regular engagement
3166-PNEOF,61,86.45,5175.3,DSL,Two year,No,5,0.028490346013062693,No,Normal Risk,Continue regular engagement
5639-NTUPK,13,52.1,670.65,DSL,Month-to-month,No,1,0.15083663508267323,No,Normal Risk,Continue regular engagement
8780-YRMTT,66,47.4,3177.25,DSL,Two year,No,4,0.009379016579223472,No,Normal Risk,Continue regular engagement
8348-HFYIV,2,49.25,90.35,DSL,Month-to-month,Yes,3,0.7798899083084677,Yes,High Risk,Offer contract upgrade discount
5140-FOMCQ,59,109.15,6557.75,Fiber optic,One year,No,5,0.16200565073129977,No,Normal Risk,Continue regular engagement
6242-SGYTS,62,94.95,5791.85,Fiber optic,One year,No,3,0.05706419852545384,No,Normal Risk,Continue regular engagement
8166-ORCHU,33,93.55,3055.5,Fiber optic,One year,No,4,0.08998566713241822,No,Normal Risk,Continue regular engagement
8414-OOEEL,66,79.5,5196.1,DSL,Two year,No,5,0.012791563206253178,No,Normal Risk,Continue regular engagement
8454-AATJP,72,115.05,8405.0,Fiber optic,Two year,No,6,0.07705020150853309,No,Normal Risk,Continue regular engagement
0254-KCJGT,52,81.4,4354.45,DSL,One year,No,5,0.019738188414137953,No,Normal Risk,Continue regular engagement
6849-WLEYG,1,19.75,19.75,No,Month-to-month,Yes,0,0.24761923045397147,No,Normal Risk,Continue regular engagement
4659-NZRUF,19,95.15,1789.25,Fiber optic,Month-to-month,Yes,3,0.5598711894263474,Yes,Normal Risk,Continue regular engagement
4531-AUZNK,51,95.15,5000.05,Fiber optic,One year,No,3,0.08198222767929025,No,Normal Risk,Continue regular engagement
4191-XOVOM,63,105.4,6713.2,Fiber optic,Month-to-month,No,4,0.5376702132225021,Yes,Normal Risk,Continue regular engagement
2150-OEGBV,27,20.1,562.6,No,One year,No,0,0.1007437158205883,No,Normal Risk,Continue regular engagement
8429-XIBUM,22,101.35,2317.1,Fiber optic,Month-to-month,Yes,3,0.7473815603175245,Yes,High Risk,Offer contract upgrade discount
1855-CFULU,4,20.05,91.45,No,Month-to-month,No,0,0.3522261137340782,No,Normal Risk,Continue regular engagement
4878-BUNFV,42,20.7,828.85,No,Two year,No,0,0.007052971836014019,No,Normal Risk,Continue regular engagement
1872-EBWSC,29,20.35,617.35,No,One year,No,0,0.057662220024306446,No,Normal Risk,Continue regular engagement
2608-BHKFN,4,70.05,266.9,Fiber optic,Month-to-month,Yes,0,0.8019780890804524,Yes,High Risk,Offer contract upgrade discount
7026-YMSBE,30,19.7,625.05,No,One year,No,0,0.04103687620503799,No,Normal Risk,Continue regular engagement
7341-LXCAF,4,74.65,301.4,Fiber optic,Month-to-month,Yes,0,0.8037625646105689,Yes,High Risk,Offer contract upgrade discount
6997-UVGOX,71,85.45,6029.9,DSL,Two year,No,6,0.013728739494783157,No,Normal Risk,Continue regular engagement
9674-EHPPG,46,40.4,1842.7,DSL,Two year,No,3,0.009096515036457089,No,Normal Risk,Continue regular engagement
9462-MJUAW,4,50.4,206.6,DSL,Month-to-month,Yes,0,0.5943437181133323,Yes,Normal Risk,Continue regular engagement
8128-YVJRG,7,79.65,604.7,Fiber optic,Month-to-month,Yes,1,0.6765092535642709,Yes,Normal Risk,Continue regular engagement
5440-VHLUL,69,105.2,7386.05,Fiber optic,One year,No,4,0.39426616435750816,No,Normal Risk,Continue regular engagement
5781-BKHOP,72,100.65,7334.05,Fiber optic,Two year,No,4,0.15872272185873812,No,Normal Risk,Continue regular engagement
4283-FUTGF,19,79.85,1471.75,Fiber optic,Month-to-month,Yes,1,0.5692078633141798,Yes,Normal Risk,Continue regular engagement
5213-TWWJU,28,91.0,2626.15,Fiber optic,Month-to-month,No,3,0.5683687268673524,Yes,Normal Risk,Continue regular engagement
1569-TTNYJ,5,78.75,412.1,Fiber optic,Month-to-month,Yes,1,0.713640382714131,Yes,High Risk,Offer contract upgrade discount
8628-MFKAX,72,116.75,8277.05,Fiber optic,Two year,No,6,0.05468128819683101,No,Normal Risk,Continue regular engagement
2397-BRLOM,8,80.45,583.45,Fiber optic,Month-to-month,Yes,1,0.5335684952545209,Yes,Normal Risk,Continue regular engagement
7629-WIXZF,7,59.1,369.25,DSL,One year,No,2,0.3631422665085002,No,Normal Risk,Continue regular engagement
5445-GLVOT,22,49.8,1049.05,DSL,Month-to-month,No,1,0.32168480821737166,No,Normal Risk,Continue regular engagement
3976-HXHCE,72,19.3,1414.8,No,Two year,No,0,0.009960891777902455,No,Normal Risk,Continue regular engagement
2466-NEJOJ,8,19.65,169.75,No,Month-to-month,No,0,0.1429977290240451,No,Normal Risk,Continue regular engagement
5472-CVMDX,68,38.9,2719.2,DSL,Two year,No,3,0.00783725779919715,No,Normal Risk,Continue regular engagement
6461-SZMCV,71,87.95,6365.35,DSL,Two year,No,6,0.029315603224858537,No,Normal Risk,Continue regular engagement
8150-QUDFX,2,19.85,51.6,No,Month-to-month,No,0,0.36628936648653976,No,Normal Risk,Continue regular engagement
9508-ILZDG,34,96.35,3190.25,Fiber optic,Month-to-month,No,3,0.5200424698103228,Yes,Normal Risk,Continue regular engagement
2346-DJQTB,35,24.15,812.5,DSL,Month-to-month,No,0,0.4113660501786226,No,Normal Risk,Continue regular engagement
1697-LYYYX,61,19.1,1143.8,No,One year,No,0,0.005505589834717435,No,Normal Risk,Continue regular engagement
1942-OQFRW,1,44.0,44.0,DSL,Month-to-month,No,0,0.6936691694783604,Yes,Normal Risk,Continue regular engagement
4749-VFKVB,1,50.1,50.1,DSL,Month-to-month,Yes,0,0.6846960404967345,Yes,Normal Risk,Continue regular engagement
9640-ZSLDC,53,60.6,3297.0,DSL,One year,No,2,0.049086420317670895,No,Normal Risk,Continue regular engagement
4231-LZUYM,72,25.65,1887.0,No,Two year,No,0,0.013045021375101483,No,Normal Risk,Continue regular engagement
7598-UAASY,2,76.4,151.8,Fiber optic,Month-to-month,Yes,1,0.7802216894000018,Yes,High Risk,Offer contract upgrade discount
7938-OUHIO,3,98.7,293.65,Fiber optic,Month-to-month,Yes,4,0.7390047780629624,Yes,High Risk,Offer contract upgrade discount
8510-AWCXC,13,100.8,1308.1,Fiber optic,Month-to-month,Yes,3,0.664741924910408,Yes,Normal Risk,Continue regular engagement
6128-AQBMT,41,53.95,2215.4,DSL,Month-to-month,No,4,0.23518109621827066,No,Normal Risk,Continue regular engagement
3594-BDSOA,24,20.4,482.8,No,One year,No,0,0.0412572558325584,No,Normal Risk,Continue regular engagement
0431-APWVY,28,90.1,2598.95,Fiber optic,One year,Yes,2,0.5381108832432702,Yes,Normal Risk,Continue regular engagement
5133-VRSAB,8,29.35,216.45,DSL,Month-to-month,No,1,0.4388222909463579,No,Normal Risk,Continue regular engagement
5996-DAOQL,1,20.45,20.45,No,Month-to-month,No,0,0.401611381496728,No,Normal Risk,Continue regular engagement
6838-YAUVY,54,95.1,5064.85,Fiber optic,Two year,No,3,0.28779342703649957,No,Normal Risk,Continue regular engagement
0484-JPBRU,41,25.25,996.45,No,Month-to-month,No,0,0.163750671460016,No,Normal Risk,Continue regular engagement
7883-ROJOC,19,44.9,839.65,DSL,Month-to-month,No,0,0.3347382891765375,No,Normal Risk,Continue regular engagement
0244-LGNFY,72,92.65,6733.0,DSL,Two year,No,6,0.02546792657444246,No,Normal Risk,Continue regular engagement
7274-CGTOD,62,43.7,2618.3,DSL,Two year,No,4,0.01192925214317108,No,Normal Risk,Continue regular engagement
4295-YURET,56,72.6,4084.35,DSL,Two year,No,4,0.008655276277895169,No,Normal Risk,Continue regular engagement
3426-NIYYL,15,51.55,765.5,DSL,Month-to-month,Yes,0,0.4934959901953651,No,Normal Risk,Continue regular engagement
8225-BTJAU,10,79.25,793.55,Fiber optic,Month-to-month,Yes,1,0.8167062193510246,Yes,High Risk,Offer contract upgrade discount
4635-EJYPD,32,18.95,613.95,No,Two year,No,0,0.009168996302109426,No,Normal Risk,Continue regular engagement
1866-ZSLJM,21,20.5,402.85,No,Month-to-month,No,0,0.11555701396972498,No,Normal Risk,Continue regular engagement
4636-TVXVG,62,19.95,1244.8,No,One year,No,0,0.01160778819690266,No,Normal Risk,Continue regular engagement
4236-UJPWO,2,24.5,46.4,DSL,Month-to-month,No,0,0.8044373870992195,Yes,High Risk,Offer contract upgrade discount
9392-XBGTD,27,20.6,581.85,No,Two year,No,0,0.016540728567739055,No,Normal Risk,Continue regular engagement
3387-VATUS,5,94.85,462.8,Fiber optic,Month-to-month,Yes,2,0.916491912457196,Yes,High Risk,Offer contract upgrade discount
6402-SSEJG,25,61.05,1540.2,DSL,One year,No,5,0.17211087141865267,No,Normal Risk,Continue regular engagement
1143-NMNQJ,2,85.7,169.8,Fiber optic,Month-to-month,Yes,1,0.9024549301697752,Yes,High Risk,Offer contract upgrade discount
1169-SAOCL,49,106.65,5168.1,Fiber optic,One year,No,4,0.43526195236321347,No,Normal Risk,Continue regular engagement
1110-KYLGQ,63,108.25,6780.1,Fiber optic,Month-to-month,No,5,0.3486520988107659,No,Normal Risk,Continue regular engagement
9929-PLVPA,4,20.4,94.5,No,Month-to-month,No,0,0.25734003761747226,No,Normal Risk,Continue regular engagement
3518-PZXZQ,1,55.3,55.3,DSL,Month-to-month,No,1,0.6709839239863052,Yes,Normal Risk,Continue regular engagement
2371-JUNGC,11,20.25,208.0,No,Month-to-month,No,0,0.2916091583774967,No,Normal Risk,Continue regular engagement
7693-QPEFS,52,72.95,3829.75,Fiber optic,Month-to-month,No,0,0.5773603786373747,Yes,Normal Risk,Continue regular engagement
0924-BJCRC,60,89.45,5294.6,Fiber optic,Month-to-month,No,2,0.48571522734453965,No,Normal Risk,Continue regular engagement
5074-FBGHB,64,104.65,6889.8,Fiber optic,One year,No,4,0.22523489972870955,No,Normal Risk,Continue regular engagement
2351-BKRZW,43,75.2,3254.35,DSL,Two year,No,4,0.0625911152035693,No,Normal Risk,Continue regular engagement
4455-BFSPD,61,101.15,6383.9,Fiber optic,One year,No,3,0.49806674622128544,No,Normal Risk,Continue regular engagement
0415-MOSGF,1,44.4,44.4,DSL,Month-to-month,Yes,0,0.6648848337901778,Yes,Normal Risk,Continue regular engagement
1724-BQUHA,5,89.5,477.7,Fiber optic,Month-to-month,Yes,2,0.8533229070242176,Yes,High Risk,Offer contract upgrade discount
3948-KXDUF,66,68.75,4447.55,DSL,Two year,No,4,0.01325312965970116,No,Normal Risk,Continue regular engagement
2323-ARSVR,67,111.05,7321.05,Fiber optic,Two year,No,6,0.07980569835852465,No,Normal Risk,Continue regular engagement
0815-MFZGM,42,99.0,4135.0,Fiber optic,Two year,No,4,0.1384176178948716,No,Normal Risk,Continue regular engagement
4826-XTSOH,1,86.05,86.05,Fiber optic,Month-to-month,Yes,1,0.8092328989302442,Yes,High Risk,Offer contract upgrade discount
5480-XTFFL,31,21.0,697.7,No,Two year,No,0,0.014991497017461693,No,Normal Risk,Continue regular engagement
8295-FHIVV,7,19.4,168.65,No,Month-to-month,No,0,0.3309196702364145,No,Normal Risk,Continue regular engagement
2495-INZWQ,4,44.55,174.3,DSL,Month-to-month,Yes,2,0.8169201516406891,Yes,High Risk,Offer contract upgrade discount
9086-YJYXS,34,77.2,2753.8,DSL,One year,No,3,0.20515493522403516,No,Normal Risk,Continue regular engagement
1179-INLAT,3,19.45,69.25,No,One year,No,0,0.17422879323495397,No,Normal Risk,Continue regular engagement
7909-FIOIY,19,24.85,434.8,DSL,Month-to-month,No,0,0.2624709038639849,No,Normal Risk,Continue regular engagement
4139-SUGLD,31,35.4,1077.5,DSL,Month-to-month,Yes,2,0.10949157844763797,No,Normal Risk,Continue regular engagement
6857-VWJDT,1,95.65,95.65,Fiber optic,Month-to-month,Yes,2,0.8674561858092421,Yes,High Risk,Offer contract upgrade discount
6351-SCJKT,3,41.35,107.25,DSL,Month-to-month,No,3,0.3001186623831856,No,Normal Risk,Continue regular engagement
5468-BPMMO,46,19.6,851.2,No,Month-to-month,No,0,0.06596412671451485,No,Normal Risk,Continue regular engagement
5624-BQSSA,1,20.95,20.95,No,Month-to-month,Yes,0,0.45840590432143247,No,Normal Risk,Continue regular engagement
0197-PNKNK,69,84.45,5848.6,Fiber optic,One year,No,2,0.12161461984904254,No,Normal Risk,Continue regular engagement
2439-QKJUL,5,20.25,109.8,No,Month-to-month,No,0,0.345416348779455,No,Normal Risk,Continue regular engagement
1194-SPVSP,1,19.65,19.65,No,Month-to-month,No,0,0.5711241810523976,Yes,Normal Risk,Continue regular engagement
9534-NSXEM,26,20.65,595.5,No,One year,No,0,0.048384566743270886,No,Normal Risk,Continue regular engagement
2408-WITXK,10,34.7,329.8,DSL,Month-to-month,Yes,1,0.7594149655088175,Yes,High Risk,Offer contract upgrade discount
8929-KSWIH,25,99.3,2513.5,Fiber optic,Two year,No,4,0.31632728078114586,No,Normal Risk,Continue regular engagement
2250-IVBWA,64,81.05,5135.35,Fiber optic,Month-to-month,No,2,0.15750873851933225,No,Normal Risk,Continue regular engagement
1810-MVMAI,30,67.6,2000.2,DSL,Month-to-month,No,4,0.034175375217081916,No,Normal Risk,Continue regular engagement
9506-UXUSK,13,70.15,931.75,Fiber optic,Month-to-month,No,0,0.7180801390358252,Yes,High Risk,Offer contract upgrade discount
1229-RCALF,64,115.0,7396.15,Fiber optic,One year,No,6,0.17072128854608012,No,Normal Risk,Continue regular engagement
3572-UOLYZ,46,84.8,3958.85,Fiber optic,Month-to-month,No,2,0.44508592357922994,No,Normal Risk,Continue regular engagement
1429-UYJSV,12,19.7,260.9,No,One year,No,0,0.15484716836810675,No,Normal Risk,Continue regular engagement
5577-OTWWW,15,19.75,297.3,No,Month-to-month,Yes,0,0.35015366182695346,No,Normal Risk,Continue regular engagement
6100-QQHEB,17,92.55,1515.1,Fiber optic,Month-to-month,Yes,2,0.5576140033859683,Yes,Normal Risk,Continue regular engagement
6366-XIVKZ,13,63.15,816.8,DSL,Month-to-month,No,3,0.1317340589699286,No,Normal Risk,Continue regular engagement
3470-OBUET,67,74.0,4868.4,DSL,Two year,No,4,0.004969253879416225,No,Normal Risk,Continue regular engagement
2770-NSVDG,24,29.1,688.0,DSL,Month-to-month,No,1,0.3071128364388281,No,Normal Risk,Continue regular engagement
9375-MHRRS,6,50.05,288.35,DSL,Month-to-month,No,1,0.4142503415022444,No,Normal Risk,Continue regular engagement
2634-HCZGT,53,60.05,3229.65,DSL,One year,Yes,2,0.024666400301967983,No,Normal Risk,Continue regular engagement
7503-QQRVF,16,74.3,1178.25,Fiber optic,Month-to-month,Yes,1,0.3355144849008062,No,Normal Risk,Continue regular engagement
4860-YZGZM,10,20.0,185.4,No,Month-to-month,No,0,0.3916469466314202,No,Normal Risk,Continue regular engagement
6599-GZWCM,13,74.65,966.25,Fiber optic,One year,No,1,0.3352604252808254,No,Normal Risk,Continue regular engagement
2691-NZETQ,9,85.35,758.6,Fiber optic,Month-to-month,Yes,1,0.8571328785797862,Yes,High Risk,Offer contract upgrade discount
4404-HIBDJ,25,74.3,1863.8,DSL,One year,Yes,5,0.039495336755299176,No,Normal Risk,Continue regular engagement
5533-NHFRF,7,44.4,265.8,DSL,Month-to-month,No,3,0.47004621896323406,No,Normal Risk,Continue regular engagement
7037-MTYVW,38,85.4,3297.0,DSL,Two year,No,5,0.03435841418164762,No,Normal Risk,Continue regular engagement
4760-THGOT,43,94.1,4107.3,Fiber optic,Month-to-month,No,3,0.461372512392368,No,Normal Risk,Continue regular engagement
7295-JOMMD,4,98.1,396.3,Fiber optic,Month-to-month,Yes,4,0.741113116623981,Yes,High Risk,Offer contract upgrade discount
4016-BJKTZ,25,108.9,2809.05,Fiber optic,Two year,No,5,0.22030198157431424,No,Normal Risk,Continue regular engagement
6584-VQMYT,27,56.2,1567.55,DSL,One year,No,2,0.03502874341958384,No,Normal Risk,Continue regular engagement
9838-BFCQT,72,26.1,1851.45,No,Two year,No,0,0.0025283519702185278,No,Normal Risk,Continue regular engagement
2790-XUYMV,71,85.45,6028.95,Fiber optic,One year,No,2,0.04782319083781049,No,Normal Risk,Continue regular engagement
0581-MDMPW,24,88.95,2072.75,Fiber optic,Month-to-month,No,2,0.5752937826678145,Yes,Normal Risk,Continue regular engagement
5013-SBUIH,50,109.65,5551.15,Fiber optic,Two year,Yes,5,0.15487321288071337,No,Normal Risk,Continue regular engagement
1023-BQXZE,57,74.35,4317.35,DSL,Two year,No,4,0.08581522329766676,No,Normal Risk,Continue regular engagement
9163-GHAYE,15,48.85,736.8,DSL,Month-to-month,No,1,0.4096818147177689,No,Normal Risk,Continue regular engagement
3904-UKFRE,4,80.1,336.15,Fiber optic,Month-to-month,No,1,0.7247079442738532,Yes,High Risk,Offer contract upgrade discount
5353-WILCI,28,56.05,1522.65,DSL,Month-to-month,No,2,0.24915223268201692,No,Normal Risk,Continue regular engagement
0709-TVGUR,9,74.55,622.9,Fiber optic,Month-to-month,Yes,0,0.8243215834733272,Yes,High Risk,Offer contract upgrade discount
0058-EVZWM,55,89.8,4959.6,Fiber optic,Month-to-month,No,2,0.6072581052788695,Yes,Normal Risk,Continue regular engagement
6023-YEBUP,3,100.95,329.95,Fiber optic,Month-to-month,Yes,3,0.8653665820102904,Yes,High Risk,Offer contract upgrade discount
7209-JCUDS,10,94.9,1048.85,Fiber optic,Month-to-month,Yes,3,0.8546701605879824,Yes,High Risk,Offer contract upgrade discount
7009-PCARS,55,19.1,1001.5,No,One year,No,0,0.017633363482318993,No,Normal Risk,Continue regular engagement
0519-DRGTI,20,20.35,442.6,No,Month-to-month,No,0,0.0824287341559188,No,Normal Risk,Continue regular engagement
1017-FBQMM,62,106.05,6703.5,Fiber optic,One year,No,4,0.13658903840031208,No,Normal Risk,Continue regular engagement
3001-CBHLQ,32,104.9,3351.55,Fiber optic,Month-to-month,Yes,4,0.48966525911786873,No,Normal Risk,Continue regular engagement
1985-MBRYP,43,19.65,779.25,No,Two year,No,0,0.04296850115039281,No,Normal Risk,Continue regular engagement
6158-DWPZT,9,24.1,259.8,DSL,One year,Yes,0,0.5003045005506389,Yes,Normal Risk,Continue regular engagement
9372-TXXPS,60,59.85,3483.45,DSL,Two year,No,3,0.01778021525448752,No,Normal Risk,Continue regular engagement
3259-QMXUN,58,86.1,4890.5,DSL,Two year,No,5,0.041064174719871345,No,Normal Risk,Continue regular engagement
1015-JPFYW,7,19.45,136.75,No,One year,No,0,0.08459141875925412,No,Normal Risk,Continue regular engagement
6645-MXQJT,2,97.1,184.15,Fiber optic,Month-to-month,No,3,0.6433246707576162,Yes,Normal Risk,Continue regular engagement
4360-QRAVE,37,36.65,1315.0,DSL,Month-to-month,No,2,0.2156780632011779,No,Normal Risk,Continue regular engagement
8433-WPJTV,65,103.9,6767.1,Fiber optic,One year,No,4,0.2205382504311075,No,Normal Risk,Continue regular engagement
5804-JMYIO,39,19.75,757.95,No,Two year,No,0,0.009595931441953795,No,Normal Risk,Continue regular engagement
3763-GCZHZ,66,104.05,6890.0,Fiber optic,One year,Yes,4,0.23017047612964944,No,Normal Risk,Continue regular engagement
6484-LATFU,68,24.55,1657.4,No,Two year,No,0,0.005834978801971127,No,Normal Risk,Continue regular engagement
7599-NTMDP,62,48.7,3008.55,DSL,Two year,No,4,0.011018701240008314,No,Normal Risk,Continue regular engagement
0772-GYEQQ,3,88.35,262.05,Fiber optic,Month-to-month,Yes,3,0.5974238579975854,Yes,Normal Risk,Continue regular engagement
0536-ACXIP,72,109.55,8165.1,Fiber optic,Two year,No,5,0.17523409902027695,No,Normal Risk,Continue regular engagement
0936-NQLJU,41,20.65,875.55,No,Two year,No,0,0.01513464891907715,No,Normal Risk,Continue regular engagement
4831-EOBFE,29,94.65,2649.15,Fiber optic,Month-to-month,Yes,3,0.2818271828635639,No,Normal Risk,Continue regular engagement
1575-KRZZE,4,55.2,220.65,DSL,Month-to-month,No,2,0.4830479466978271,No,Normal Risk,Continue regular engagement
3251-YMVWZ,53,24.05,1301.9,No,One year,No,0,0.03737622757281195,No,Normal Risk,Continue regular engagement
4102-OQUPX,1,74.4,74.4,Fiber optic,Month-to-month,Yes,0,0.7654693699633703,Yes,High Risk,Offer contract upgrade discount
9170-GYZJC,41,79.9,3326.2,DSL,Month-to-month,Yes,5,0.035842457985290385,No,Normal Risk,Continue regular engagement
4884-LEVMQ,39,20.45,790.0,No,Two year,No,0,0.033497832104181405,No,Normal Risk,Continue regular engagement
8857-CUPFQ,63,19.25,1237.65,No,Two year,No,0,0.004938854442381016,No,Normal Risk,Continue regular engagement
7610-TVOPG,15,26.35,378.6,No,Month-to-month,No,0,0.2527912575612591,No,Normal Risk,Continue regular engagement
3638-DIMPH,13,43.8,592.65,DSL,One year,No,0,0.23861132651448486,No,Normal Risk,Continue regular engagement
1845-ZLLIG,1,50.15,50.15,DSL,Month-to-month,No,1,0.5299806905190162,Yes,Normal Risk,Continue regular engagement
8559-WNQZS,1,20.45,20.45,No,Two year,No,0,0.1179797691095449,No,Normal Risk,Continue regular engagement
3999-QGRJH,8,69.7,560.85,Fiber optic,Month-to-month,Yes,0,0.7938436692103419,Yes,High Risk,Offer contract upgrade discount
1699-UOTXU,60,61.4,3638.25,DSL,Two year,No,3,0.021123800803846394,No,Normal Risk,Continue regular engagement
2454-RPBRZ,12,98.1,1060.2,Fiber optic,Month-to-month,Yes,3,0.7366800849415049,Yes,High Risk,Offer contract upgrade discount
0635-WKOLD,40,70.75,2921.75,DSL,One year,No,3,0.044676727192540344,No,Normal Risk,Continue regular engagement
5993-JSUWV,66,61.15,4017.45,DSL,Two year,No,3,0.036735678117309926,No,Normal Risk,Continue regular engagement
4518-FZBSX,42,20.25,854.9,No,One year,No,0,0.011726212524427671,No,Normal Risk,Continue regular engagement
5387-ASZNZ,66,63.85,4174.35,DSL,One year,No,3,0.011042831809254939,No,Normal Risk,Continue regular engagement
6988-CJEYV,49,98.7,4920.55,Fiber optic,Month-to-month,No,3,0.6560155823194405,Yes,Normal Risk,Continue regular engagement
2002-MZHWP,1,20.5,20.5,No,Month-to-month,Yes,0,0.4501606486256715,No,Normal Risk,Continue regular engagement
3097-FQTVJ,41,20.0,810.3,No,Two year,No,0,0.020771604692309893,No,Normal Risk,Continue regular engagement
5465-BUBFA,41,19.3,772.4,No,Two year,No,0,0.01896893276197047,No,Normal Risk,Continue regular engagement
7299-GNVPL,23,84.4,1936.85,Fiber optic,Month-to-month,No,3,0.10870773394850597,No,Normal Risk,Continue regular engagement
9743-DQKQW,3,25.1,79.8,DSL,Month-to-month,No,0,0.7611380400825546,Yes,High Risk,Offer contract upgrade discount
1215-VFYVK,4,48.25,202.25,DSL,Month-to-month,No,4,0.34561470057460897,No,Normal Risk,Continue regular engagement
9371-BITHB,52,19.85,1070.5,No,Two year,No,0,0.005898840873312631,No,Normal Risk,Continue regular engagement
2265-CYWIV,4,99.6,347.65,Fiber optic,Month-to-month,Yes,3,0.7325898277253265,Yes,High Risk,Offer contract upgrade discount
9093-FPDLG,11,94.2,999.9,Fiber optic,Month-to-month,No,4,0.6638876086814355,Yes,Normal Risk,Continue regular engagement
0541-FITGH,2,62.15,113.1,DSL,Month-to-month,No,2,0.5325614087550651,Yes,Normal Risk,Continue regular engagement
6985-HAYWX,26,79.3,2015.8,Fiber optic,Month-to-month,No,1,0.6691892796782031,Yes,Normal Risk,Continue regular engagement
7508-KBIMB,24,56.25,1454.25,DSL,One year,No,2,0.02850992167312979,No,Normal Risk,Continue regular engagement
6838-HVLXG,12,20.3,246.7,No,Month-to-month,No,0,0.3426943396351589,No,Normal Risk,Continue regular engagement
2277-DJJDL,60,99.0,6017.9,Fiber optic,Month-to-month,No,3,0.4745409697810711,No,Normal Risk,Continue regular engagement
1897-OKVMW,64,90.6,5817.45,DSL,Two year,No,6,0.01070728207016618,No,Normal Risk,Continue regular engagement
5485-ITNPC,66,85.9,5595.3,DSL,Two year,No,6,0.028850081682995517,No,Normal Risk,Continue regular engagement
0233-FTHAV,60,79.2,4765.0,Fiber optic,One year,No,1,0.41244046193069456,No,Normal Risk,Continue regular engagement
4644-PIZRT,17,70.35,1201.65,DSL,One year,No,3,0.09141554417922995,No,Normal Risk,Continue regular engagement
8922-NPKBJ,42,19.35,867.3,No,Two year,No,0,0.006490551934084758,No,Normal Risk,Continue regular engagement
2740-TVLFN,1,50.15,50.15,DSL,Month-to-month,No,0,0.7192789191044546,Yes,High Risk,Offer contract upgrade discount
7771-CFQRQ,47,63.8,3007.25,DSL,Two year,No,3,0.03457902596248978,No,Normal Risk,Continue regular engagement
9512-PHSMG,10,20.55,252.75,No,Month-to-month,No,0,0.3287918777770118,No,Normal Risk,Continue regular engagement
6963-EZQEE,70,88.55,6306.5,DSL,Two year,No,6,0.007774262119886434,No,Normal Risk,Continue regular engagement
2452-KDRRH,67,101.4,6841.05,Fiber optic,Month-to-month,No,3,0.5372030414859787,Yes,Normal Risk,Continue regular engagement
2004-OCQXK,1,81.95,81.95,Fiber optic,Month-to-month,Yes,1,0.9139231902260836,Yes,High Risk,Offer contract upgrade discount
5027-QPKTE,7,69.35,451.1,Fiber optic,Month-to-month,Yes,0,0.7921368411961306,Yes,High Risk,Offer contract upgrade discount
4146-SVFUD,1,44.6,44.6,DSL,Month-to-month,No,0,0.6070617174488492,Yes,Normal Risk,Continue regular engagement
1564-HJUVY,4,63.75,226.2,DSL,Month-to-month,No,3,0.5551895951046599,Yes,Normal Risk,Continue regular engagement
3617-XLSGQ,66,109.25,7082.5,Fiber optic,Two year,No,5,0.11977877178867682,No,Normal Risk,Continue regular engagement
7517-LDMPS,12,84.6,1017.35,Fiber optic,Month-to-month,No,2,0.8337978933702089,Yes,High Risk,Offer contract upgrade discount
7244-KXYZN,24,20.45,527.35,No,One year,No,0,0.053404245453586525,No,Normal Risk,Continue regular engagement
5226-NOZFC,26,85.75,2146.5,Fiber optic,Month-to-month,No,2,0.6681982356887562,Yes,Normal Risk,Continue regular engagement
2672-HUYVI,6,91.1,455.3,Fiber optic,Month-to-month,Yes,2,0.9127132934262302,Yes,High Risk,Offer contract upgrade discount
1400-WIVLL,57,107.95,5969.85,Fiber optic,Two year,No,4,0.2125422554031637,No,Normal Risk,Continue regular engagement
7508-MYBOG,14,86.1,1235.55,Fiber optic,Month-to-month,Yes,1,0.7177677116645157,Yes,High Risk,Offer contract upgrade discount
8148-NLEGT,42,22.95,1014.25,No,Two year,No,0,0.011937714060833772,No,Normal Risk,Continue regular engagement
0148-DCDOS,25,94.7,2362.1,Fiber optic,Month-to-month,Yes,2,0.8482132171493896,Yes,High Risk,Offer contract upgrade discount
8347-GDTMP,64,19.45,1225.65,No,Two year,No,0,0.005344504783862714,No,Normal Risk,Continue regular engagement
9992-RRAMN,22,85.1,1873.7,Fiber optic,Month-to-month,Yes,1,0.6854307906403314,Yes,Normal Risk,Continue regular engagement
6746-WAUWT,19,19.7,386.5,No,One year,No,0,0.05011136612613522,No,Normal Risk,Continue regular engagement
0310-MVLET,61,99.15,6010.05,Fiber optic,Month-to-month,Yes,3,0.5095834878789108,Yes,Normal Risk,Continue regular engagement
0428-IKYCP,22,87.0,1850.65,Fiber optic,Month-to-month,No,2,0.7339534467869585,Yes,High Risk,Offer contract upgrade discount
4550-VBOFE,70,102.95,7101.5,Fiber optic,Month-to-month,Yes,4,0.438910856973257,No,Normal Risk,Continue regular engagement
2187-PKZAY,12,79.95,1043.4,Fiber optic,Month-to-month,No,1,0.9001720575747323,Yes,High Risk,Offer contract upgrade discount
4003-OCTMP,31,64.0,1910.75,DSL,One year,No,3,0.07641264089470226,No,Normal Risk,Continue regular engagement
6652-YFFJO,11,64.9,716.1,DSL,Month-to-month,No,2,0.7903840477462751,Yes,High Risk,Offer contract upgrade discount
7225-IILWY,68,25.75,1686.15,No,Two year,No,0,0.0027918850005035955,No,Normal Risk,Continue regular engagement
5248-RPYWW,72,90.15,6716.45,DSL,Two year,No,6,0.01753364075507689,No,Normal Risk,Continue regular engagement
7923-IYJWY,67,116.1,7839.85,Fiber optic,Two year,No,6,0.05465367370988536,No,Normal Risk,Continue regular engagement
3170-GWYKC,60,104.95,6236.75,Fiber optic,Month-to-month,No,5,0.5605560138724298,Yes,Normal Risk,Continue regular engagement
5696-QURRL,1,45.05,45.05,DSL,Month-to-month,Yes,0,0.6313803914763451,Yes,Normal Risk,Continue regular engagement
7409-KIUTL,1,71.0,71.0,Fiber optic,Month-to-month,Yes,0,0.7782679197590056,Yes,High Risk,Offer contract upgrade discount
9830-ECLEN,58,50.0,2919.85,DSL,One year,No,4,0.0122921651693253,No,Normal Risk,Continue regular engagement
1732-VHUBQ,47,70.55,3309.25,Fiber optic,Month-to-month,Yes,0,0.48020457632289637,No,Normal Risk,Continue regular engagement
0495-RVCBF,1,79.7,79.7,Fiber optic,Month-to-month,Yes,1,0.8999083998726731,Yes,High Risk,Offer contract upgrade discount
2668-TZSPS,1,20.45,20.45,No,Month-to-month,No,0,0.38493321211114323,No,Normal Risk,Continue regular engagement
7854-EDSSA,22,59.0,1254.7,DSL,Month-to-month,Yes,2,0.1798589536255426,No,Normal Risk,Continue regular engagement
8869-TORSS,48,60.35,2896.4,DSL,One year,Yes,3,0.026946919439950156,No,Normal Risk,Continue regular engagement
7446-SFAOA,37,19.85,717.5,No,One year,No,0,0.07316516316033317,No,Normal Risk,Continue regular engagement
9522-ZSINC,13,19.95,253.8,No,One year,No,0,0.10762569013809235,No,Normal Risk,Continue regular engagement
8234-GSZYK,43,26.45,1110.05,No,Two year,No,0,0.03896443370768344,No,Normal Risk,Continue regular engagement
6505-OZNPG,6,63.4,348.8,DSL,Two year,No,6,0.08102168318185327,No,Normal Risk,Continue regular engagement
6164-HAQTX,71,53.95,3888.65,DSL,Two year,No,5,0.01406325732562383,No,Normal Risk,Continue regular engagement
0679-IDSTG,1,69.25,69.25,Fiber optic,Month-to-month,Yes,0,0.7062319578643971,Yes,High Risk,Offer contract upgrade discount
7765-LWVVH,72,95.1,6843.15,Fiber optic,Two year,No,3,0.0727693455740676,No,Normal Risk,Continue regular engagement
1658-TJVOA,6,74.1,450.9,Fiber optic,Month-to-month,No,1,0.7073026124976763,Yes,High Risk,Offer contract upgrade discount
0953-LGOVU,12,35.5,432.25,DSL,Month-to-month,No,2,0.18717906965104952,No,Normal Risk,Continue regular engagement
2115-BFTIW,25,70.95,1767.35,Fiber optic,Month-to-month,Yes,0,0.5996564859843302,Yes,Normal Risk,Continue regular engagement
4692-NNQRU,21,79.2,1742.45,Fiber optic,One year,No,2,0.23219722587683755,No,Normal Risk,Continue regular engagement
7742-MYPGI,6,48.8,297.35,DSL,Month-to-month,No,1,0.28092712986509893,No,Normal Risk,Continue regular engagement
0611-DFXKO,20,89.0,1820.45,Fiber optic,Month-to-month,Yes,2,0.6260385239992283,Yes,Normal Risk,Continue regular engagement
7780-OTDSO,18,99.4,1742.95,Fiber optic,Month-to-month,Yes,3,0.5657063883045979,Yes,Normal Risk,Continue regular engagement
9619-GSATL,43,55.45,2444.25,DSL,One year,No,2,0.0804256058685083,No,Normal Risk,Continue regular engagement
5622-UEJFI,35,25.4,949.8,No,Two year,No,0,0.011772274922703243,No,Normal Risk,Continue regular engagement
9747-DDZOS,1,73.5,73.5,Fiber optic,Month-to-month,Yes,1,0.877792192756255,Yes,High Risk,Offer contract upgrade discount
0674-DGMAQ,32,93.5,2970.8,Fiber optic,Month-to-month,No,3,0.4529078329323583,No,Normal Risk,Continue regular engagement
6203-HBZPA,52,63.9,3334.95,DSL,Two year,No,6,0.01278778430144152,No,Normal Risk,Continue regular engagement
0484-FFVBJ,32,64.85,2010.95,DSL,One year,No,2,0.3733443410992688,No,Normal Risk,Continue regular engagement
0301-FIDRB,72,63.8,4684.3,DSL,Two year,No,6,0.013238015943066153,No,Normal Risk,Continue regular engagement
4139-JPIAM,51,44.45,2181.55,DSL,Month-to-month,No,3,0.07242808612754881,No,Normal Risk,Continue regular engagement
2181-TIDSV,68,19.95,1303.25,No,Two year,No,0,0.0056269246771332715,No,Normal Risk,Continue regular engagement
2761-XECQW,8,43.35,371.4,DSL,Month-to-month,No,3,0.38326497120613595,No,Normal Risk,Continue regular engagement
1936-CZAKF,49,49.65,2409.9,DSL,Two year,No,3,0.04356969846555285,No,Normal Risk,Continue regular engagement
9453-PATOS,72,85.1,6155.4,DSL,Two year,No,6,0.01398467414548202,No,Normal Risk,Continue regular engagement
0564-JJHGS,9,95.5,829.1,Fiber optic,Month-to-month,Yes,2,0.8820601926474075,Yes,High Risk,Offer contract upgrade discount
3348-CFRNX,28,92.35,2602.9,Fiber optic,Month-to-month,Yes,3,0.4995105698705991,No,Normal Risk,Continue regular engagement
4402-FTBXC,54,89.8,4667.0,Fiber optic,Month-to-month,No,3,0.31608414786558237,No,Normal Risk,Continue regular engagement
1428-GTBJJ,11,74.55,824.75,Fiber optic,Month-to-month,Yes,1,0.7564604963831317,Yes,High Risk,Offer contract upgrade discount
2931-XIQBR,50,103.05,5153.5,Fiber optic,One year,No,4,0.1853666673630126,No,Normal Risk,Continue regular engagement
0106-UGRDO,69,116.0,8182.85,Fiber optic,Two year,No,6,0.1230083364034069,No,Normal Risk,Continue regular engagement
5542-TBBWB,1,69.9,69.9,Fiber optic,Month-to-month,No,0,0.8533542665602695,Yes,High Risk,Offer contract upgrade discount
1930-QPBVZ,68,95.1,6683.4,Fiber optic,Two year,No,4,0.04927360615723661,No,Normal Risk,Continue regular engagement
2606-PKWJB,40,40.25,1564.05,DSL,One year,No,3,0.012841291700271991,No,Normal Risk,Continue regular engagement
5322-ZSMZY,31,25.75,755.6,No,Two year,No,0,0.011223957928850285,No,Normal Risk,Continue regular engagement
8059-UDZFY,33,105.35,3465.05,Fiber optic,Month-to-month,No,4,0.6331795292806275,Yes,Normal Risk,Continue regular engagement
7740-BTPUX,55,113.6,6292.7,Fiber optic,Two year,No,5,0.1606230625969836,No,Normal Risk,Continue regular engagement
5220-AGAAX,68,24.0,1664.3,No,Two year,No,0,0.005872477797104016,No,Normal Risk,Continue regular engagement
0208-BPQEJ,12,19.4,198.1,No,Month-to-month,No,0,0.3180025342234294,No,Normal Risk,Continue regular engagement
9435-JMLSX,71,86.1,6045.9,DSL,Two year,No,6,0.027670530452414275,No,Normal Risk,Continue regular engagement
3352-ALMCK,40,102.65,4108.15,Fiber optic,Month-to-month,No,4,0.5110685801697111,Yes,Normal Risk,Continue regular engagement
5312-IRCFR,64,92.85,5980.75,Fiber optic,One year,No,3,0.16420708520319036,No,Normal Risk,Continue regular engagement
5294-IMHHT,53,97.75,5043.2,Fiber optic,One year,No,3,0.29373438016059406,No,Normal Risk,Continue regular engagement
8802-UNOJF,12,83.8,1029.75,Fiber optic,Month-to-month,Yes,3,0.37332054853349467,No,Normal Risk,Continue regular engagement
6313-GIDIT,53,54.45,2854.55,DSL,Month-to-month,Yes,4,0.22954930305298415,No,Normal Risk,Continue regular engagement
6176-YJWAS,72,97.95,7114.25,Fiber optic,Two year,No,4,0.04261885254487267,No,Normal Risk,Continue regular engagement
5310-NOOVA,46,19.95,907.05,No,Two year,No,0,0.01991815518955332,No,Normal Risk,Continue regular engagement
4526-EXKKN,40,24.6,973.95,No,Two year,No,0,0.018044154686409884,No,Normal Risk,Continue regular engagement
5311-IHLEI,12,50.95,605.75,DSL,Month-to-month,No,4,0.4395217766596472,No,Normal Risk,Continue regular engagement
3987-KQDDU,9,75.6,661.55,Fiber optic,Month-to-month,No,1,0.7026207903971976,Yes,High Risk,Offer contract upgrade discount
3404-JNXAX,51,80.75,4116.9,Fiber optic,Month-to-month,No,1,0.3333985765909639,No,Normal Risk,Continue regular engagement
5131-PONJI,49,90.4,4494.65,Fiber optic,Month-to-month,No,3,0.23790462602346482,No,Normal Risk,Continue regular engagement
2845-AFFTX,41,99.8,4259.3,Fiber optic,Month-to-month,Yes,3,0.6363903845864202,Yes,Normal Risk,Continue regular engagement
3489-VSFRD,56,60.25,3282.75,DSL,One year,No,3,0.021423032696166668,No,Normal Risk,Continue regular engagement
3345-JHUEO,4,20.2,55.7,No,Month-to-month,No,0,0.46998437676722754,No,Normal Risk,Continue regular engagement
5815-HGGHV,20,64.15,1274.45,DSL,One year,No,3,0.04534970160123416,No,Normal Risk,Continue regular engagement
5260-UMPWX,26,20.25,493.95,No,Month-to-month,No,0,0.06804024559428706,No,Normal Risk,Continue regular engagement
2249-YPRNG,20,105.85,2239.65,Fiber optic,Month-to-month,Yes,4,0.6405425445629875,Yes,Normal Risk,Continue regular engagement
7410-YTJIK,7,75.45,480.75,Fiber optic,Month-to-month,Yes,0,0.8045201857309442,Yes,High Risk,Offer contract upgrade discount
4626-GYCZP,7,93.85,635.6,Fiber optic,Month-to-month,Yes,2,0.8708502120087694,Yes,High Risk,Offer contract upgrade discount
5649-RXQTV,51,99.0,5038.15,Fiber optic,Month-to-month,No,4,0.6110923575300397,Yes,Normal Risk,Continue regular engagement
2674-MIAHT,4,80.3,324.2,Fiber optic,Month-to-month,No,1,0.7552562526188383,Yes,High Risk,Offer contract upgrade discount
2576-HXMPA,1,19.55,19.55,No,Month-to-month,No,0,0.39707526281055155,No,Normal Risk,Continue regular engagement
7587-AOVVU,27,100.75,2793.55,Fiber optic,Month-to-month,No,4,0.191432199788568,No,Normal Risk,Continue regular engagement
5590-BYNII,22,100.75,2095.0,Fiber optic,Month-to-month,Yes,3,0.6371812512439187,Yes,Normal Risk,Continue regular engagement
6898-MDLZW,12,53.75,648.65,DSL,Month-to-month,No,2,0.280537827873476,No,Normal Risk,Continue regular engagement
3237-AJGEH,3,31.0,95.05,DSL,Month-to-month,Yes,1,0.4076406837370785,No,Normal Risk,Continue regular engagement
4707-YNOQA,34,25.6,917.15,No,One year,No,0,0.020937770469280727,No,Normal Risk,Continue regular engagement
9357-UJRUN,24,58.35,1346.9,DSL,One year,No,2,0.044959679345140786,No,Normal Risk,Continue regular engagement
1591-NFNLQ,51,80.0,4242.35,Fiber optic,Month-to-month,Yes,1,0.4100822393572951,No,Normal Risk,Continue regular engagement
8648-PFRMP,14,46.35,672.7,DSL,Month-to-month,No,2,0.6761970274416599,Yes,Normal Risk,Continue regular engagement
7663-CUXZB,59,113.75,6561.25,Fiber optic,Two year,No,6,0.06655860063226884,No,Normal Risk,Continue regular engagement
0258-NOKBL,3,90.4,268.45,Fiber optic,Month-to-month,No,3,0.7676546516862724,Yes,High Risk,Offer contract upgrade discount
1163-VIPRI,65,109.3,7337.55,Fiber optic,Two year,No,5,0.07779374566102938,No,Normal Risk,Continue regular engagement
2815-CPTUL,5,70.25,331.9,Fiber optic,Month-to-month,Yes,0,0.7336735850718661,Yes,High Risk,Offer contract upgrade discount
9348-ROUAI,59,90.3,5194.05,DSL,Two year,No,6,0.00834472393685289,No,Normal Risk,Continue regular engagement
9443-JUBUO,72,65.25,4478.85,DSL,Two year,No,6,0.004011681264725709,No,Normal Risk,Continue regular engagement
0596-BQCEQ,62,100.15,6283.3,Fiber optic,Month-to-month,Yes,4,0.48431261217319393,No,Normal Risk,Continue regular engagement
1481-ZUWZA,28,94.5,2659.4,Fiber optic,Month-to-month,Yes,3,0.35863187309950856,No,Normal Risk,Continue regular engagement
3043-TYBNO,3,60.65,196.9,DSL,Month-to-month,No,2,0.4963865754691673,No,Normal Risk,Continue regular engagement
4830-FAXFM,19,24.1,439.2,No,Month-to-month,No,0,0.07032068850791563,No,Normal Risk,Continue regular engagement
5906-BFOZT,1,19.5,19.5,No,Month-to-month,No,0,0.38485988182265485,No,Normal Risk,Continue regular engagement
2960-NKRSO,24,85.95,2107.15,Fiber optic,Month-to-month,No,3,0.3941912355317297,No,Normal Risk,Continue regular engagement
8996-ZROXE,57,53.5,3035.8,DSL,One year,No,2,0.035174512665144264,No,Normal Risk,Continue regular engagement
5598-IKHQQ,72,25.45,1866.45,No,Two year,No,0,0.006294324095091238,No,Normal Risk,Continue regular engagement
0397-ZXWQF,67,20.5,1430.95,No,Two year,No,0,0.013867247824153696,No,Normal Risk,Continue regular engagement
5266-PFRQK,52,20.85,1071.6,No,One year,No,0,0.007691086029716417,No,Normal Risk,Continue regular engagement
4674-HGNUA,71,89.9,6457.15,DSL,Two year,No,6,0.00584134023236009,No,Normal Risk,Continue regular engagement
6765-MBQNU,26,26.0,684.05,No,One year,No,0,0.05429949370543752,No,Normal Risk,Continue regular engagement
9786-IJYDL,35,113.2,3914.05,Fiber optic,Two year,No,6,0.07993259728757011,No,Normal Risk,Continue regular engagement
1303-SRDOK,55,69.05,3842.6,Fiber optic,Two year,No,0,0.07367019799005275,No,Normal Risk,Continue regular engagement
3769-MHZNV,33,20.1,670.35,No,Two year,No,0,0.012636822639348596,No,Normal Risk,Continue regular engagement
6295-OSINB,72,109.65,7880.25,Fiber optic,Two year,No,5,0.12765174283217218,No,Normal Risk,Continue regular engagement
3308-MHOOC,1,19.2,19.2,No,Month-to-month,No,0,0.2531096200593661,No,Normal Risk,Continue regular engagement
2309-OSFEU,10,33.9,298.45,DSL,Month-to-month,Yes,1,0.6563758256892587,Yes,Normal Risk,Continue regular engagement
2207-QPJED,37,90.0,3371.75,Fiber optic,Month-to-month,No,3,0.4456348770488972,No,Normal Risk,Continue regular engagement
4177-JPDFU,12,34.0,442.45,DSL,Month-to-month,No,2,0.3242037986838997,No,Normal Risk,Continue regular engagement
2239-CFOUJ,1,20.4,20.4,No,One year,No,0,0.0894942626154378,No,Normal Risk,Continue regular engagement
8046-DNVTL,62,38.6,2345.55,DSL,Two year,No,3,0.004173982034727241,No,Normal Risk,Continue regular engagement
2209-XADXF,1,25.25,25.25,DSL,Month-to-month,No,0,0.8694807264086306,Yes,High Risk,Offer contract upgrade discount
6620-JDYNW,18,60.6,1156.35,DSL,Month-to-month,No,2,0.23462204916886897,No,Normal Risk,Continue regular engagement
1891-FZYSA,69,89.95,6143.15,Fiber optic,Month-to-month,Yes,2,0.4136802280225537,No,Normal Risk,Continue regular engagement
4770-UEZOX,2,74.75,144.8,Fiber optic,Month-to-month,No,1,0.7866659051013407,Yes,High Risk,Offer contract upgrade discount
1038-RQOST,19,20.6,414.95,No,Month-to-month,No,0,0.06789124281017832,No,Normal Risk,Continue regular engagement
7613-LLQFO,12,84.45,1059.55,Fiber optic,Month-to-month,Yes,1,0.8459665575339688,Yes,High Risk,Offer contract upgrade discount
4568-TTZRT,9,20.4,181.8,No,Month-to-month,No,0,0.3119253813775663,No,Normal Risk,Continue regular engagement
9513-DXHDA,27,81.7,2212.55,DSL,One year,No,5,0.09978447674082001,No,Normal Risk,Continue regular engagement
2640-PMGFL,27,79.5,2180.55,Fiber optic,Month-to-month,Yes,1,0.39362386977417885,No,Normal Risk,Continue regular engagement
3801-HMYNL,1,89.15,89.15,Fiber optic,Month-to-month,Yes,2,0.6668852219855929,Yes,Normal Risk,Continue regular engagement
0516-QREYC,24,20.3,459.95,No,Month-to-month,No,0,0.12461967068555982,No,Normal Risk,Continue regular engagement
9685-WKZGT,14,74.95,1036.75,Fiber optic,Month-to-month,Yes,0,0.6503395290613264,Yes,Normal Risk,Continue regular engagement
6022-UGGSO,32,74.4,2276.95,Fiber optic,Month-to-month,Yes,1,0.5581120207972765,Yes,Normal Risk,Continue regular engagement
8084-OIVBS,11,20.0,211.95,No,One year,No,0,0.1615380262804066,No,Normal Risk,Continue regular engagement
8896-BQTTI,1,25.0,25.0,No,Month-to-month,No,0,0.38618900863440686,No,Normal Risk,Continue regular engagement
3865-QBWSJ,38,80.45,3162.65,Fiber optic,Month-to-month,No,1,0.22346012867517454,No,Normal Risk,Continue regular engagement
3352-RICWQ,9,19.75,210.65,No,Two year,No,0,0.049955047601194534,No,Normal Risk,Continue regular engagement
2160-GPFXD,54,65.65,3566.7,DSL,Two year,No,3,0.004442196159960882,No,Normal Risk,Continue regular engagement
2065-MMKGR,29,71.0,2080.1,DSL,One year,No,2,0.27063337008779564,No,Normal Risk,Continue regular engagement
5857-TYBCJ,44,89.2,4040.2,Fiber optic,Month-to-month,No,2,0.5254895280780811,Yes,Normal Risk,Continue regular engagement
1498-NHTLT,59,86.75,5186.0,DSL,Two year,No,6,0.01389871138706334,No,Normal Risk,Continue regular engagement
4484-CGXFK,3,55.3,196.15,DSL,Month-to-month,Yes,1,0.8012529077159418,Yes,High Risk,Offer contract upgrade discount
1402-PTHGN,18,61.5,1087.45,DSL,One year,No,3,0.02213488422907546,No,Normal Risk,Continue regular engagement
4176-RELJR,67,25.1,1672.15,No,Two year,No,0,0.004269854509572509,No,Normal Risk,Continue regular engagement
6214-EDAKZ,22,55.15,1206.05,DSL,Month-to-month,Yes,2,0.1268615046785567,No,Normal Risk,Continue regular engagement
5199-FPUSP,33,34.05,1113.95,DSL,One year,No,2,0.018049567439587712,No,Normal Risk,Continue regular engagement
6377-KSLXC,5,19.95,107.05,No,Month-to-month,No,0,0.3401975631685332,No,Normal Risk,Continue regular engagement
1796-JANOW,2,19.95,38.15,No,Month-to-month,No,0,0.43013039166826444,No,Normal Risk,Continue regular engagement
0238-WHBIQ,72,89.7,6339.3,DSL,Two year,No,6,0.005233852457820237,No,Normal Risk,Continue regular engagement
8735-NBLWT,9,20.4,184.1,No,Month-to-month,No,0,0.2008237311678255,No,Normal Risk,Continue regular engagement
6651-RLGGM,67,26.3,1688.9,No,Two year,No,0,0.0030526538584282666,No,Normal Risk,Continue regular engagement
6127-ISGTU,16,84.95,1378.25,Fiber optic,Month-to-month,Yes,1,0.7456540924421137,Yes,High Risk,Offer contract upgrade discount
1614-JBEBI,8,20.7,137.6,No,Month-to-month,No,0,0.4003250689142279,No,Normal Risk,Continue regular engagement
8740-XLHDR,5,43.25,219.0,DSL,Month-to-month,Yes,4,0.18497809345038527,No,Normal Risk,Continue regular engagement
1208-DNHLN,23,48.35,1067.15,DSL,One year,Yes,0,0.053406933495370214,No,Normal Risk,Continue regular engagement
1761-AEZZR,1,79.55,79.55,Fiber optic,Month-to-month,Yes,1,0.8670892349274008,Yes,High Risk,Offer contract upgrade discount
3923-CSIHK,50,71.05,3444.85,Fiber optic,Month-to-month,Yes,0,0.5353675528344509,Yes,Normal Risk,Continue regular engagement
5696-EXCYS,17,19.45,369.05,No,Two year,No,0,0.029972570710806733,No,Normal Risk,Continue regular engagement
5795-KTGUD,68,110.8,7553.6,Fiber optic,Two year,No,5,0.2450751365989607,No,Normal Risk,Continue regular engagement
7120-RFMVS,1,84.5,84.5,Fiber optic,Month-to-month,Yes,1,0.854522088717615,Yes,High Risk,Offer contract upgrade discount
7924-GJZFI,25,69.3,1813.1,Fiber optic,Month-to-month,No,0,0.6348000765334174,Yes,Normal Risk,Continue regular engagement
4702-HDRKD,67,49.35,3321.35,DSL,One year,No,4,0.03822846167455311,No,Normal Risk,Continue regular engagement
8512-WIWYV,32,20.35,707.5,No,One year,No,0,0.035104733558453935,No,Normal Risk,Continue regular engagement
5897-ZYEKH,67,105.6,7112.15,Fiber optic,One year,No,4,0.24738404630541794,No,Normal Risk,Continue regular engagement
5456-ITGIC,72,64.45,4641.1,DSL,Two year,No,6,0.0056101931399785985,No,Normal Risk,Continue regular engagement
7317-GGVPB,71,108.6,7690.9,Fiber optic,Two year,Yes,5,0.07333056003103665,No,Normal Risk,Continue regular engagement
1406-PUQVY,1,49.9,49.9,DSL,Month-to-month,No,1,0.48433897166196305,No,Normal Risk,Continue regular engagement
1322-AGOQM,46,30.3,1380.1,DSL,Month-to-month,Yes,1,0.29378410515564646,No,Normal Risk,Continue regular engagement
3677-IYRBF,2,30.4,78.65,DSL,Month-to-month,Yes,1,0.7372927159328793,Yes,High Risk,Offer contract upgrade discount
5692-FPTAH,1,45.4,45.4,DSL,Month-to-month,Yes,0,0.6961341154446645,Yes,Normal Risk,Continue regular engagement
9114-AAFQH,48,65.65,3094.65,DSL,One year,No,3,0.11977993625305922,No,Normal Risk,Continue regular engagement
8715-KKTFG,61,103.3,6518.35,Fiber optic,One year,No,4,0.41011793687423387,No,Normal Risk,Continue regular engagement
1550-LOAHA,32,84.15,2585.95,Fiber optic,Month-to-month,Yes,2,0.7006568688458853,Yes,High Risk,Offer contract upgrade discount
1728-BQDMA,2,44.45,82.7,DSL,Month-to-month,No,0,0.7470618916058479,Yes,High Risk,Offer contract upgrade discount
0268-QKIWO,3,19.75,58.85,No,Month-to-month,Yes,0,0.5227450710757684,Yes,Normal Risk,Continue regular engagement
0876-WDUUZ,5,85.4,425.9,Fiber optic,Month-to-month,Yes,2,0.7208223078357971,Yes,High Risk,Offer contract upgrade discount
5117-ZSMHQ,71,89.9,6342.7,DSL,Two year,No,6,0.01876781354406129,No,Normal Risk,Continue regular engagement
5151-HQRDG,37,55.05,2030.75,DSL,Month-to-month,No,1,0.13241157232659018,No,Normal Risk,Continue regular engagement
0960-HUWBM,65,104.1,6700.05,Fiber optic,Two year,No,4,0.14007133538739172,No,Normal Risk,Continue regular engagement
6465-GSRCL,67,106.6,7244.7,Fiber optic,One year,No,4,0.35121413590752,No,Normal Risk,Continue regular engagement
0617-FHSGK,49,75.2,3678.3,Fiber optic,Month-to-month,Yes,0,0.3096834634875945,No,Normal Risk,Continue regular engagement
0263-FJTQO,50,70.5,3486.65,DSL,Two year,No,3,0.009014124002781688,No,Normal Risk,Continue regular engagement
7319-ZNRTR,25,19.6,411.15,No,One year,No,0,0.03171892172786136,No,Normal Risk,Continue regular engagement
2858-MOFSQ,17,55.85,937.5,DSL,One year,Yes,1,0.11257827208952262,No,Normal Risk,Continue regular engagement
7503-EPSZW,64,24.05,1559.15,No,Two year,No,0,0.003959350521672017,No,Normal Risk,Continue regular engagement
7089-XXAYG,25,38.1,970.4,DSL,One year,No,2,0.1138930016355844,No,Normal Risk,Continue regular engagement
8118-LSUEL,23,106.4,2483.5,Fiber optic,Month-to-month,Yes,4,0.6223543338266879,Yes,Normal Risk,Continue regular engagement
8070-AAWZP,24,34.25,828.2,DSL,Month-to-month,No,2,0.10846693564709606,No,Normal Risk,Continue regular engagement
1666-JXLKU,37,100.05,3810.55,Fiber optic,Month-to-month,No,3,0.7963114246132745,Yes,High Risk,Offer contract upgrade discount
7855-DIWPO,21,68.65,1493.2,Fiber optic,Month-to-month,No,0,0.7176459527106244,Yes,High Risk,Offer contract upgrade discount
5133-POWUA,1,45.8,45.8,DSL,Month-to-month,No,0,0.644185310477493,Yes,Normal Risk,Continue regular engagement
5652-MSDEY,10,75.75,777.3,Fiber optic,Month-to-month,No,0,0.8149879734206512,Yes,High Risk,Offer contract upgrade discount
7005-CCBKV,6,84.4,556.35,Fiber optic,Month-to-month,Yes,2,0.8076179005476077,Yes,High Risk,Offer contract upgrade discount
1810-BOHSY,51,96.4,4911.05,Fiber optic,One year,No,3,0.13113270610550418,No,Normal Risk,Continue regular engagement
1784-BXEFA,10,20.55,187.35,No,Month-to-month,No,0,0.3796519892084185,No,Normal Risk,Continue regular engagement
7351-MHQVU,6,50.95,307.6,DSL,Month-to-month,No,4,0.3105345238665204,No,Normal Risk,Continue regular engagement
9224-VTYID,47,90.5,4318.35,DSL,Two year,No,6,0.010060946098132956,No,Normal Risk,Continue regular engagement
9500-IWPXQ,61,79.4,4820.55,DSL,One year,No,5,0.017164489041965967,No,Normal Risk,Continue regular engagement
5762-TJXGK,52,58.75,3038.55,DSL,Two year,No,5,0.0753117538891075,No,Normal Risk,Continue regular engagement
4504-YOULA,35,59.45,2136.9,DSL,Month-to-month,No,2,0.06381439591626657,No,Normal Risk,Continue regular engagement
5569-IDSEY,71,105.7,7472.15,Fiber optic,One year,No,4,0.4254488056975524,No,Normal Risk,Continue regular engagement
4250-FDVOU,6,56.25,389.1,DSL,Month-to-month,Yes,2,0.4953776996017866,No,Normal Risk,Continue regular engagement
7284-ZZLOH,45,53.3,2296.25,DSL,Two year,No,2,0.013617798503914263,No,Normal Risk,Continue regular engagement
5277-ZLOOR,2,85.55,187.45,Fiber optic,Month-to-month,Yes,1,0.8716204072173451,Yes,High Risk,Offer contract upgrade discount
2141-RRYGO,4,68.65,261.25,DSL,Month-to-month,Yes,3,0.7936987845793001,Yes,High Risk,Offer contract upgrade discount
1777-JYQPJ,2,24.3,38.45,DSL,Month-to-month,No,0,0.6692292470731509,Yes,Normal Risk,Continue regular engagement
6376-GAHQE,4,77.85,299.2,Fiber optic,Month-to-month,Yes,1,0.8355486659219137,Yes,High Risk,Offer contract upgrade discount
3401-URHDA,51,59.9,3043.6,DSL,One year,No,2,0.021844214976471658,No,Normal Risk,Continue regular engagement
1599-EAHXY,60,23.95,1506.4,No,One year,No,0,0.004912697669540747,No,Normal Risk,Continue regular engagement
8631-XVRZL,9,20.15,163.7,No,One year,No,0,0.14750000664718715,No,Normal Risk,Continue regular engagement
5052-PNLOS,3,105.35,323.25,Fiber optic,Month-to-month,Yes,4,0.854932189490699,Yes,High Risk,Offer contract upgrade discount
3853-LYGAM,17,95.65,1640.0,Fiber optic,Month-to-month,No,3,0.6587445896520385,Yes,Normal Risk,Continue regular engagement
6979-ZNSFF,8,87.05,762.1,Fiber optic,Month-to-month,Yes,1,0.9030001403261573,Yes,High Risk,Offer contract upgrade discount
5751-USDBL,46,81.0,3846.35,DSL,Two year,No,5,0.013329786909594063,No,Normal Risk,Continue regular engagement
5680-LQOGP,68,82.45,5646.6,DSL,Two year,No,6,0.0134818702233854,No,Normal Risk,Continue regular engagement
2386-LAHRK,1,53.5,53.5,DSL,Month-to-month,Yes,1,0.6373218952117299,Yes,Normal Risk,Continue regular engagement
8189-DUKMV,4,20.5,79.05,No,One year,No,0,0.31807100722816983,No,Normal Risk,Continue regular engagement
6032-IGALN,1,25.1,25.1,DSL,Month-to-month,Yes,0,0.7578568167575029,Yes,High Risk,Offer contract upgrade discount
9931-DCEZH,28,54.4,1516.6,DSL,One year,No,2,0.02849290610243304,No,Normal Risk,Continue regular engagement
1898-JSNDC,39,58.6,2224.5,DSL,One year,No,2,0.10298602025798974,No,Normal Risk,Continue regular engagement
0315-LVCRK,11,84.8,888.75,Fiber optic,Month-to-month,No,2,0.8093046356169297,Yes,High Risk,Offer contract upgrade discount
3911-RSNHI,71,61.4,4310.35,DSL,Two year,No,5,0.020714202306217164,No,Normal Risk,Continue regular engagement
2410-CIYFZ,2,20.4,42.9,No,Month-to-month,No,0,0.2493252491915176,No,Normal Risk,Continue regular engagement
4248-HCETZ,30,79.65,2365.15,Fiber optic,Month-to-month,Yes,2,0.30412768625250025,No,Normal Risk,Continue regular engagement
5505-OVWQW,17,20.15,353.65,No,One year,No,0,0.07700020678145993,No,Normal Risk,Continue regular engagement
7271-AJDTL,55,94.45,5073.1,Fiber optic,Month-to-month,No,3,0.38569992836417555,No,Normal Risk,Continue regular engagement
1867-TJHTS,58,79.8,4526.85,Fiber optic,Month-to-month,No,1,0.5571360966175894,Yes,Normal Risk,Continue regular engagement
0516-WJVXC,5,54.2,308.25,DSL,Month-to-month,Yes,2,0.4014369443819333,No,Normal Risk,Continue regular engagement
9174-FKWZE,1,19.45,19.45,No,Month-to-month,Yes,0,0.48953342963796065,No,Normal Risk,Continue regular engagement
6860-YRJZP,9,74.05,678.45,Fiber optic,Month-to-month,No,0,0.7801767152584096,Yes,High Risk,Offer contract upgrade discount
4429-WYGFR,26,49.15,1237.3,DSL,Month-to-month,No,1,0.3436664738362054,No,Normal Risk,Continue regular engagement
2817-LVCPP,50,19.4,1023.95,No,Two year,No,0,0.012244594995427864,No,Normal Risk,Continue regular engagement
5038-ETMLM,72,113.65,8182.75,Fiber optic,Two year,No,6,0.13084170746339913,No,Normal Risk,Continue regular engagement
5056-FIMPT,43,106.0,4532.3,Fiber optic,One year,No,5,0.09363140291079636,No,Normal Risk,Continue regular engagement
4521-WFJAI,56,25.95,1444.05,No,Two year,No,0,0.02505796879807493,No,Normal Risk,Continue regular engagement
6569-KTMDU,1,19.1,19.1,No,Month-to-month,No,0,0.424702899036378,No,Normal Risk,Continue regular engagement
8809-RIHDD,72,103.4,7372.65,Fiber optic,Two year,Yes,4,0.11185693466574129,No,Normal Risk,Continue regular engagement
8809-XKHMD,72,100.55,7325.1,Fiber optic,Two year,No,4,0.09695230496268026,No,Normal Risk,Continue regular engagement
0396-YCHWO,36,95.4,3474.2,Fiber optic,Month-to-month,No,2,0.742215755811985,Yes,High Risk,Offer contract upgrade discount
0867-LDTTC,5,75.15,392.65,DSL,Month-to-month,No,4,0.6483467134954326,Yes,Normal Risk,Continue regular engagement
4822-NGOCH,13,84.45,1058.6,Fiber optic,Month-to-month,Yes,2,0.6149937466146194,Yes,Normal Risk,Continue regular engagement
9391-DXGGG,44,89.15,3990.75,Fiber optic,One year,No,3,0.19647770292308783,No,Normal Risk,Continue regular engagement
9844-FELAJ,70,107.9,7475.85,Fiber optic,One year,No,5,0.10868765818395967,No,Normal Risk,Continue regular engagement
2122-SZZZD,44,19.5,835.5,No,One year,No,0,0.019830221514881004,No,Normal Risk,Continue regular engagement
5307-DZCVC,32,85.95,2628.6,Fiber optic,Month-to-month,Yes,1,0.5490450365618927,Yes,Normal Risk,Continue regular engagement
3148-AOIQT,69,24.95,1718.35,No,Two year,No,0,0.005521027703790024,No,Normal Risk,Continue regular engagement
8679-JOEVF,16,59.4,1023.9,DSL,Month-to-month,Yes,2,0.34820223822482943,No,Normal Risk,Continue regular engagement
8395-ETZKQ,68,19.5,1193.55,No,One year,No,0,0.006386499452076177,No,Normal Risk,Continue regular engagement
6692-YQHXC,16,69.95,1205.5,Fiber optic,Month-to-month,No,0,0.5775943805860716,Yes,Normal Risk,Continue regular engagement
3889-VWBID,68,82.85,5776.45,DSL,Two year,No,5,0.022182964524276847,No,Normal Risk,Continue regular engagement
5222-JCXZT,4,19.0,78.9,No,Month-to-month,No,0,0.33278272247861224,No,Normal Risk,Continue regular engagement
9754-CLVZW,26,38.85,1025.15,DSL,Month-to-month,No,3,0.042484353032199836,No,Normal Risk,Continue regular engagement
1432-FPAXX,29,30.6,856.35,DSL,Month-to-month,Yes,1,0.42470546675587767,No,Normal Risk,Continue regular engagement
2739-CCZMB,5,20.35,122.0,No,Month-to-month,No,0,0.20337363666428854,No,Normal Risk,Continue regular engagement
7080-TNUWP,70,95.0,6602.9,Fiber optic,One year,No,3,0.3022479380032621,No,Normal Risk,Continue regular engagement
0496-AHOOK,24,74.4,1712.9,DSL,One year,No,4,0.10315259613218289,No,Normal Risk,Continue regular engagement
8336-TAVKX,72,78.45,5682.25,DSL,Two year,No,5,0.01499909696413304,No,Normal Risk,Continue regular engagement
2468-SJFLM,1,74.3,74.3,Fiber optic,Month-to-month,No,1,0.6500033410514592,Yes,Normal Risk,Continue regular engagement
3181-VTHOE,70,51.05,3635.15,DSL,One year,No,4,0.04693862820584124,No,Normal Risk,Continue regular engagement
7168-HDQHG,36,19.2,702.9,No,Month-to-month,No,0,0.09991452059847428,No,Normal Risk,Continue regular engagement
4803-AXVYP,38,99.55,3734.25,Fiber optic,Month-to-month,Yes,3,0.6420793530643075,Yes,Normal Risk,Continue regular engagement
3884-HCSWG,17,70.0,1144.5,Fiber optic,Month-to-month,Yes,0,0.7470507683064281,Yes,High Risk,Offer contract upgrade discount
4567-AKPIA,41,109.1,4454.25,Fiber optic,One year,No,5,0.23175673637696131,No,Normal Risk,Continue regular engagement
5077-DXTCG,1,45.3,45.3,DSL,Month-to-month,Yes,0,0.776999011850156,Yes,High Risk,Offer contract upgrade discount
1142-WACZW,2,29.85,75.6,DSL,Month-to-month,Yes,1,0.7112199922240575,Yes,High Risk,Offer contract upgrade discount
7901-HXJVA,14,76.45,1117.55,Fiber optic,Month-to-month,No,1,0.6719957478709813,Yes,Normal Risk,Continue regular engagement
5649-ANRML,2,95.1,180.25,Fiber optic,Month-to-month,Yes,4,0.4371397648603715,No,Normal Risk,Continue regular engagement
4892-VLANZ,1,19.8,19.8,No,Month-to-month,Yes,0,0.3736234978474353,No,Normal Risk,Continue regular engagement
5924-IFQTT,13,72.8,930.05,DSL,Month-to-month,No,4,0.10487421369556604,No,Normal Risk,Continue regular engagement
7968-QUXNS,6,18.95,110.15,No,Month-to-month,No,0,0.313742723918052,No,Normal Risk,Continue regular engagement
2919-HBCJO,4,76.65,333.6,Fiber optic,Month-to-month,Yes,1,0.8886951591072941,Yes,High Risk,Offer contract upgrade discount
4236-XPXAV,5,99.15,465.05,Fiber optic,Month-to-month,Yes,4,0.47215937121617313,No,Normal Risk,Continue regular engagement
8903-WMRNW,15,101.75,1669.4,Fiber optic,Month-to-month,No,4,0.6246148881940868,Yes,Normal Risk,Continue regular engagement
2452-SNHFZ,47,75.45,3545.1,Fiber optic,Month-to-month,No,1,0.35660196637142483,No,Normal Risk,Continue regular engagement
3629-WEAAM,8,64.1,504.05,DSL,Month-to-month,No,3,0.4378820928202502,No,Normal Risk,Continue regular engagement
6029-CSMJE,17,25.65,440.2,DSL,Month-to-month,No,0,0.425304722978032,No,Normal Risk,Continue regular engagement
7993-NQLJE,15,75.1,1151.55,Fiber optic,Month-to-month,No,1,0.24035815485793444,No,Normal Risk,Continue regular engagement
9909-DFRJA,26,95.85,2475.35,Fiber optic,One year,No,4,0.32647536688747336,No,Normal Risk,Continue regular engagement
9099-FTUHS,23,54.4,1249.25,DSL,Month-to-month,No,1,0.30033858291078824,No,Normal Risk,Continue regular engagement
0581-BXBUB,4,72.75,317.75,Fiber optic,Month-to-month,No,1,0.7438559577106703,Yes,High Risk,Offer contract upgrade discount
4962-CHQPW,29,19.85,535.05,No,One year,No,0,0.02366688906298493,No,Normal Risk,Continue regular engagement
9467-ROOLM,25,19.05,461.3,No,Month-to-month,No,0,0.1476666075846767,No,Normal Risk,Continue regular engagement
3030-YZADT,9,44.95,431.0,DSL,Month-to-month,Yes,0,0.5579910219868978,Yes,Normal Risk,Continue regular engagement
7410-KTVFV,18,49.55,878.35,DSL,Month-to-month,Yes,1,0.24703245920087374,No,Normal Risk,Continue regular engagement
5150-ITWWB,3,94.85,335.75,Fiber optic,Month-to-month,No,2,0.8571511532147881,Yes,High Risk,Offer contract upgrade discount
2253-KPMNB,69,46.25,3121.4,DSL,Two year,No,4,0.006647971234152516,No,Normal Risk,Continue regular engagement
1345-ZUKID,14,19.35,324.8,No,One year,No,0,0.06445236810982267,No,Normal Risk,Continue regular engagement
6429-SHBCB,19,69.6,1394.55,DSL,Month-to-month,No,2,0.4460888769015439,No,Normal Risk,Continue regular engagement
9281-OFDMF,39,90.7,3413.25,Fiber optic,Month-to-month,No,2,0.5660078060566589,Yes,Normal Risk,Continue regular engagement
2603-HVKCG,31,101.4,3143.65,Fiber optic,Month-to-month,No,4,0.6945920560787265,Yes,Normal Risk,Continue regular engagement
1834-WULEG,24,20.25,439.75,No,One year,No,0,0.020179243469016766,No,Normal Risk,Continue regular engagement
9097-ZUBYC,14,48.8,664.4,DSL,Month-to-month,No,1,0.32687421596336275,No,Normal Risk,Continue regular engagement
5148-ORICT,64,74.35,4759.55,DSL,Two year,No,5,0.0103740849498933,No,Normal Risk,Continue regular engagement
4893-GYUJU,50,19.35,1033.0,No,One year,No,0,0.025645685434181813,No,Normal Risk,Continue regular engagement
4578-PHJYZ,52,68.75,3482.85,DSL,One year,No,4,0.02314018122685854,No,Normal Risk,Continue regular engagement
7272-QDCKA,28,100.2,2688.45,Fiber optic,One year,No,3,0.4633500093789988,No,Normal Risk,Continue regular engagement
8908-SLFCJ,21,20.85,435.25,No,Two year,No,0,0.03899514825973279,No,Normal Risk,Continue regular engagement
8393-DLHGA,25,95.9,2448.75,Fiber optic,Month-to-month,Yes,3,0.6156996004749427,Yes,Normal Risk,Continue regular engagement
9766-HGEDE,17,19.35,307.0,No,One year,No,0,0.05675328125950647,No,Normal Risk,Continue regular engagement
6968-MHOMU,58,45.0,2689.35,DSL,One year,No,2,0.08713761454376315,No,Normal Risk,Continue regular engagement
7395-IGJOS,17,81.5,1329.2,Fiber optic,Month-to-month,Yes,1,0.7293930473706292,Yes,High Risk,Offer contract upgrade discount
5044-XDPYX,51,25.5,1281.25,No,Two year,No,0,0.012268313707266287,No,Normal Risk,Continue regular engagement
1814-WFGVS,72,48.9,3527.0,DSL,Two year,No,4,0.0034192388609218705,No,Normal Risk,Continue regular engagement
2834-SPCJV,52,84.1,4348.65,Fiber optic,Month-to-month,Yes,2,0.3994047784387646,No,Normal Risk,Continue regular engagement
3721-WKIIL,27,19.6,561.15,No,Two year,No,0,0.03763949952596767,No,Normal Risk,Continue regular engagement
6734-CKRSM,3,20.0,63.6,No,Month-to-month,No,0,0.4218080515201906,No,Normal Risk,Continue regular engagement
1265-ZFOSD,64,81.3,5129.3,DSL,Two year,No,5,0.013408512231618598,No,Normal Risk,Continue regular engagement
6568-POCUI,45,95.2,4285.8,Fiber optic,Two year,No,3,0.17469692538042467,No,Normal Risk,Continue regular engagement
7890-VYYWG,3,36.45,93.7,DSL,Month-to-month,Yes,1,0.630223088799995,Yes,Normal Risk,Continue regular engagement
5197-LQXXH,71,83.3,5894.5,DSL,Two year,No,5,0.02149458446435374,No,Normal Risk,Continue regular engagement
9907-SWKKF,1,25.05,25.05,DSL,Month-to-month,Yes,0,0.691366629284213,Yes,Normal Risk,Continue regular engagement
3457-PQBYH,58,20.3,1160.75,No,Two year,No,0,0.004098668347442044,No,Normal Risk,Continue regular engagement
7682-AZNDK,34,89.85,3091.75,Fiber optic,Month-to-month,No,3,0.3826751364515429,No,Normal Risk,Continue regular engagement
0587-DMGBH,8,49.85,365.55,DSL,Month-to-month,Yes,1,0.5672001671244526,Yes,Normal Risk,Continue regular engagement
5384-ZTTWP,15,19.8,272.95,No,Month-to-month,No,0,0.09289145513185218,No,Normal Risk,Continue regular engagement
3745-HRPHI,66,54.65,3632.0,DSL,Two year,No,4,0.027764817035638854,No,Normal Risk,Continue regular engagement
7636-OWBPG,12,29.35,381.2,DSL,Month-to-month,No,1,0.4015817682039358,No,Normal Risk,Continue regular engagement
1231-YNDEK,58,19.15,1035.5,No,Two year,No,0,0.01760958034519763,No,Normal Risk,Continue regular engagement
1407-DIGZV,3,19.1,52.0,No,Two year,No,0,0.05900568530530905,No,Normal Risk,Continue regular engagement
6397-JNZZG,43,55.55,2342.2,DSL,Month-to-month,Yes,4,0.1846040469017966,No,Normal Risk,Continue regular engagement
0570-BFQHT,9,80.55,653.9,Fiber optic,Month-to-month,No,2,0.7610044687901611,Yes,High Risk,Offer contract upgrade discount
4393-OBCRR,3,20.25,71.2,No,One year,No,0,0.21394363606978486,No,Normal Risk,Continue regular engagement
3523-QRQLL,22,69.5,1498.2,DSL,One year,Yes,3,0.19490724719465924,No,Normal Risk,Continue regular engagement
8564-LDKFL,40,106.0,4178.65,Fiber optic,One year,No,4,0.46923339230986166,No,Normal Risk,Continue regular engagement
3696-DFHHB,68,25.5,1821.8,No,Two year,No,0,0.01940789183405779,No,Normal Risk,Continue regular engagement
0895-DQHEW,54,104.3,5278.15,Fiber optic,Month-to-month,Yes,4,0.5360868849947679,Yes,Normal Risk,Continue regular engagement
4717-GHADL,50,79.6,4024.2,DSL,Two year,No,4,0.05708789401041462,No,Normal Risk,Continue regular engagement
5501-TVMGM,1,55.25,55.25,DSL,Month-to-month,No,1,0.7621519532632464,Yes,High Risk,Offer contract upgrade discount
5879-HMFFH,72,88.05,6520.8,DSL,Two year,No,6,0.02995587786293918,No,Normal Risk,Continue regular engagement
6772-WFQRD,40,20.4,854.9,No,One year,No,0,0.039398186648877315,No,Normal Risk,Continue regular engagement
3810-DVDQQ,72,117.6,8308.9,Fiber optic,Two year,No,6,0.104980378517741,No,Normal Risk,Continue regular engagement
6972-SNKKW,6,20.0,109.2,No,Month-to-month,No,0,0.3915173048735533,No,Normal Risk,Continue regular engagement
3694-GLTJM,5,19.65,92.05,No,Month-to-month,No,0,0.37680813518167056,No,Normal Risk,Continue regular engagement
8550-XSXUQ,48,70.55,3420.5,DSL,One year,No,3,0.06051751772761063,No,Normal Risk,Continue regular engagement
8149-RSOUN,1,93.85,93.85,Fiber optic,Month-to-month,Yes,2,0.9039769750837554,Yes,High Risk,Offer contract upgrade discount
9055-MOJJJ,64,65.8,4068.0,DSL,One year,No,3,0.014726795527944548,No,Normal Risk,Continue regular engagement
4359-INNWN,17,20.05,337.9,No,One year,No,0,0.06629927148073934,No,Normal Risk,Continue regular engagement
0585-EGDDA,40,80.0,3168.75,Fiber optic,Month-to-month,No,2,0.43308493805436243,No,Normal Risk,Continue regular engagement
4032-RMHCI,41,35.4,1412.4,DSL,One year,No,2,0.02315430816436237,No,Normal Risk,Continue regular engagement
0549-CYCQN,51,79.6,3974.7,Fiber optic,One year,No,1,0.2900830853232642,No,Normal Risk,Continue regular engagement
3481-JHUZH,41,80.25,3439.0,Fiber optic,Month-to-month,No,1,0.5119243554870504,Yes,Normal Risk,Continue regular engagement
7250-EQKIY,1,50.45,50.45,DSL,Month-to-month,Yes,1,0.4143838253950196,No,Normal Risk,Continue regular engagement
3594-IVHJZ,2,20.45,42.45,No,Month-to-month,No,0,0.45687741096235984,No,Normal Risk,Continue regular engagement
6869-FGJJC,68,79.6,5461.45,Fiber optic,One year,No,2,0.10742745474579128,No,Normal Risk,Continue regular engagement
3896-ZVNET,24,24.7,571.75,No,Two year,No,0,0.015160884099879078,No,Normal Risk,Continue regular engagement
8205-VSLRB,70,77.3,5498.2,DSL,Two year,No,4,0.011909996568952216,No,Normal Risk,Continue regular engagement
5960-MVTUK,3,29.75,96.85,DSL,Month-to-month,No,1,0.6310976831509412,Yes,Normal Risk,Continue regular engagement
6817-WTYHE,2,44.9,111.05,DSL,Month-to-month,No,0,0.7773248805534908,Yes,High Risk,Offer contract upgrade discount
3082-VQXNH,3,29.8,94.4,DSL,Month-to-month,No,1,0.4730422282163635,No,Normal Risk,Continue regular engagement
4013-UBXWQ,7,74.65,521.1,DSL,Month-to-month,Yes,3,0.6716226532324829,Yes,Normal Risk,Continue regular engagement
4931-TRZWN,13,71.95,923.85,DSL,Month-to-month,No,3,0.5275757922718054,Yes,Normal Risk,Continue regular engagement
0750-EKNGL,7,20.75,141.1,No,Month-to-month,No,0,0.33495607118697307,No,Normal Risk,Continue regular engagement
7669-LCRSD,12,56.3,628.65,DSL,Month-to-month,No,1,0.4095549874280395,No,Normal Risk,Continue regular engagement
3567-PQTSO,53,105.25,5576.3,Fiber optic,One year,No,4,0.22877797787996837,No,Normal Risk,Continue regular engagement
5519-NPHVG,12,94.2,1046.1,Fiber optic,Month-to-month,Yes,2,0.8933356004245923,Yes,High Risk,Offer contract upgrade discount
8043-PNYSD,63,19.55,1245.6,No,Two year,No,0,0.00281113342176065,No,Normal Risk,Continue regular engagement
9938-EKRGF,15,84.45,1287.85,DSL,Month-to-month,No,6,0.1312688360916358,No,Normal Risk,Continue regular engagement
2703-AMTUL,36,53.65,1939.35,DSL,One year,No,2,0.017393870539178298,No,Normal Risk,Continue regular engagement
0928-JMXNP,4,29.9,118.25,DSL,Month-to-month,No,1,0.5989629781382764,Yes,Normal Risk,Continue regular engagement
8173-RXAYP,24,19.7,452.55,No,Two year,No,0,0.014940223067567926,No,Normal Risk,Continue regular engagement
4825-XJGDM,61,43.7,2696.55,DSL,One year,No,4,0.010271453396740514,No,Normal Risk,Continue regular engagement
5402-HTOTQ,16,55.3,875.35,DSL,Month-to-month,No,1,0.3661111784583082,No,Normal Risk,Continue regular engagement
6734-JDTTV,65,19.85,1267.05,No,Two year,No,0,0.002437917857284859,No,Normal Risk,Continue regular engagement
7850-THJMU,26,19.65,494.9,No,Two year,No,0,0.013736655030241591,No,Normal Risk,Continue regular engagement
3890-RTCMS,16,49.45,799.0,DSL,Month-to-month,No,1,0.22946451195450393,No,Normal Risk,Continue regular engagement
8849-GYOKR,54,106.55,5763.3,Fiber optic,One year,Yes,4,0.4046411283131742,No,Normal Risk,Continue regular engagement
3148-BLQJT,1,20.1,20.1,No,Month-to-month,Yes,0,0.3788270461542589,No,Normal Risk,Continue regular engagement
3717-FDJFU,5,20.45,106.9,No,Two year,No,0,0.059540364663579065,No,Normal Risk,Continue regular engagement
3665-JATSN,19,39.7,710.05,DSL,Month-to-month,No,2,0.5218210550367299,Yes,Normal Risk,Continue regular engagement
7966-YOTQW,10,54.5,568.2,DSL,Month-to-month,No,1,0.34485725878507373,No,Normal Risk,Continue regular engagement
0461-CVKMU,23,83.8,1900.25,Fiber optic,Month-to-month,Yes,3,0.21950964221587535,No,Normal Risk,Continue regular engagement
8806-EAGWC,3,55.15,159.15,DSL,Month-to-month,Yes,1,0.6368872064056582,Yes,Normal Risk,Continue regular engagement
8853-TZDGH,72,111.6,8012.75,Fiber optic,Two year,No,5,0.31905492346493686,No,Normal Risk,Continue regular engagement
7779-LGOVN,10,86.65,856.65,Fiber optic,Month-to-month,Yes,1,0.8043449258394781,Yes,High Risk,Offer contract upgrade discount
4324-BZCKL,10,55.55,551.3,DSL,Month-to-month,No,2,0.283842113975773,No,Normal Risk,Continue regular engagement
6924-TDGMT,11,20.55,184.95,No,One year,No,0,0.11289824993776877,No,Normal Risk,Continue regular engagement
9710-ZUSHQ,37,106.75,4056.75,Fiber optic,Month-to-month,Yes,4,0.6941325058134729,Yes,Normal Risk,Continue regular engagement
1536-YHDOE,17,62.1,1096.65,DSL,One year,No,2,0.027566626143370642,No,Normal Risk,Continue regular engagement
8123-QBNAZ,36,104.5,3684.95,Fiber optic,Month-to-month,No,4,0.3031513622487476,No,Normal Risk,Continue regular engagement
3629-ZNKXA,17,101.8,1752.45,Fiber optic,Month-to-month,No,4,0.6351713642453249,Yes,Normal Risk,Continue regular engagement
4827-LTQRJ,66,110.6,7210.85,Fiber optic,One year,No,5,0.054023259649839755,No,Normal Risk,Continue regular engagement
7711-YIJWC,61,84.9,5264.5,DSL,One year,No,6,0.026366347152218892,No,Normal Risk,Continue regular engagement
5482-VXSXJ,22,93.2,2157.3,Fiber optic,Month-to-month,No,3,0.578934614366124,Yes,Normal Risk,Continue regular engagement
7365-BVCJH,1,24.4,24.4,DSL,Month-to-month,No,0,0.7774697878325566,Yes,High Risk,Offer contract upgrade discount
9620-ENEJV,6,70.55,433.95,Fiber optic,Month-to-month,No,0,0.792020463283507,Yes,High Risk,Offer contract upgrade discount
4183-WCSEP,31,78.45,2435.15,Fiber optic,Month-to-month,Yes,2,0.40096468839493404,No,Normal Risk,Continue regular engagement
2378-YIZKA,68,85.0,5607.75,DSL,Two year,No,6,0.006955943696622233,No,Normal Risk,Continue regular engagement
5498-TXHLF,34,87.45,2874.15,Fiber optic,Month-to-month,Yes,2,0.4616875052940076,No,Normal Risk,Continue regular engagement
0689-DSXGL,52,85.8,4433.3,Fiber optic,Month-to-month,No,3,0.2776413807495698,No,Normal Risk,Continue regular engagement
6818-DJXAA,10,91.1,964.35,Fiber optic,Month-to-month,No,3,0.6560585708768376,Yes,Normal Risk,Continue regular engagement
9722-UJOJR,29,70.75,1974.8,Fiber optic,Month-to-month,Yes,0,0.4844558238957842,No,Normal Risk,Continue regular engagement
0464-WJTKO,72,20.1,1460.85,No,Two year,No,0,0.006079450720050858,No,Normal Risk,Continue regular engagement
8902-ZEOVF,47,20.05,951.55,No,One year,No,0,0.009473107063892006,No,Normal Risk,Continue regular engagement
6778-EICRF,24,74.8,1821.2,DSL,One year,No,3,0.05442854272314561,No,Normal Risk,Continue regular engagement
2662-NNTDK,65,24.8,1600.95,No,One year,No,0,0.009851146177403732,No,Normal Risk,Continue regular engagement
4132-KALRO,4,100.85,399.25,Fiber optic,Month-to-month,No,3,0.780578017935859,Yes,High Risk,Offer contract upgrade discount
3902-FOIGH,12,101.35,1218.55,Fiber optic,Month-to-month,Yes,3,0.7596454087027861,Yes,High Risk,Offer contract upgrade discount
6772-KSATR,1,81.7,81.7,Fiber optic,Month-to-month,Yes,1,0.7552076357114321,Yes,High Risk,Offer contract upgrade discount
7112-OPOTK,33,68.25,2171.15,Fiber optic,Month-to-month,Yes,0,0.6014756556077212,Yes,Normal Risk,Continue regular engagement
2874-YXVVA,34,105.1,3634.8,Fiber optic,Month-to-month,No,5,0.5921271263342661,Yes,Normal Risk,Continue regular engagement
1245-HARPS,14,20.4,292.4,No,Two year,No,0,0.04184938612045405,No,Normal Risk,Continue regular engagement
4210-QFJMF,4,79.15,317.25,Fiber optic,Month-to-month,Yes,1,0.8916687310648241,Yes,High Risk,Offer contract upgrade discount
4323-ELYYB,13,20.0,218.55,No,One year,No,0,0.030398847298337788,No,Normal Risk,Continue regular engagement
4293-ETKAP,65,79.4,5071.9,DSL,Two year,No,4,0.04144759749234158,No,Normal Risk,Continue regular engagement
6064-PUPMC,23,57.2,1423.35,DSL,One year,No,2,0.01992521629826601,No,Normal Risk,Continue regular engagement
6504-VBLFL,55,58.6,3068.6,DSL,Two year,No,3,0.013634020905051059,No,Normal Risk,Continue regular engagement
6322-PJJDJ,49,94.8,4690.65,Fiber optic,Two year,No,3,0.25817157778697186,No,Normal Risk,Continue regular engagement
0330-BGYZE,60,102.5,6157.6,Fiber optic,One year,No,4,0.3521579172197151,No,Normal Risk,Continue regular engagement
1085-LDWAM,69,20.35,1442.65,No,One year,No,0,0.004977602685687066,No,Normal Risk,Continue regular engagement
7586-ZATGZ,40,84.9,3369.05,Fiber optic,Month-to-month,No,1,0.701489653185957,Yes,High Risk,Offer contract upgrade discount
7197-VOJMM,67,69.2,4671.65,DSL,Two year,No,4,0.007461895975034137,No,Normal Risk,Continue regular engagement
3318-OSATS,35,95.45,3474.05,Fiber optic,Month-to-month,Yes,2,0.7497729629334124,Yes,High Risk,Offer contract upgrade discount
5828-AVIPD,19,100.95,1875.55,Fiber optic,One year,Yes,3,0.24063502481989374,No,Normal Risk,Continue regular engagement
1843-TLSGD,13,20.85,272.35,No,Two year,No,0,0.025359772818421392,No,Normal Risk,Continue regular engagement
9626-VFRGG,41,88.5,3645.05,Fiber optic,Month-to-month,No,2,0.6104586074347504,Yes,Normal Risk,Continue regular engagement
7075-BNDVQ,4,35.0,135.75,DSL,Month-to-month,No,2,0.4888972503363614,No,Normal Risk,Continue regular engagement
9143-CANJF,24,55.15,1319.85,DSL,Month-to-month,No,2,0.09197474355734676,No,Normal Risk,Continue regular engagement
7284-BUYEC,5,50.95,229.4,DSL,Month-to-month,No,3,0.6976522757776027,Yes,Normal Risk,Continue regular engagement
2041-JIJCI,5,64.0,370.25,DSL,Month-to-month,No,2,0.6925729277261548,Yes,Normal Risk,Continue regular engagement
1086-LXKFY,1,69.1,69.1,Fiber optic,Month-to-month,Yes,0,0.6682357901809914,Yes,Normal Risk,Continue regular engagement
4900-MSOMT,72,80.2,5714.2,DSL,Two year,No,5,0.01191583500786189,No,Normal Risk,Continue regular engagement
2229-VWQJH,24,49.3,1233.25,DSL,Month-to-month,No,1,0.2868614721200912,No,Normal Risk,Continue regular engagement
9194-GFVOI,42,84.35,3571.6,DSL,Two year,No,5,0.024851070699429254,No,Normal Risk,Continue regular engagement
1336-EZFZY,4,20.05,83.3,No,Month-to-month,No,0,0.41296547730748523,No,Normal Risk,Continue regular engagement
4282-MSACW,68,117.2,8035.95,Fiber optic,One year,No,6,0.12544670941624206,No,Normal Risk,Continue regular engagement
1403-LKLIK,33,20.1,579.4,No,One year,No,0,0.020641099664068515,No,Normal Risk,Continue regular engagement
2636-ALXXZ,1,69.6,69.6,Fiber optic,Month-to-month,Yes,0,0.8510775661671626,Yes,High Risk,Offer contract upgrade discount
7774-OJSXI,31,103.45,3066.45,Fiber optic,One year,Yes,4,0.3852790002328724,No,Normal Risk,Continue regular engagement
7786-WBJYI,4,77.95,305.55,Fiber optic,Month-to-month,Yes,1,0.844339830929557,Yes,High Risk,Offer contract upgrade discount
0136-IFMYD,69,109.95,7634.25,Fiber optic,Two year,No,5,0.11395025644212214,No,Normal Risk,Continue regular engagement
5144-TVGLP,38,94.75,3653.0,Fiber optic,Month-to-month,No,2,0.7118613931645414,Yes,High Risk,Offer contract upgrade discount
9643-AVVWI,3,80.0,241.3,Fiber optic,Month-to-month,No,2,0.5165386861531109,Yes,Normal Risk,Continue regular engagement
0253-ZTEOB,48,79.65,3870.3,DSL,Two year,No,4,0.03731819624508932,No,Normal Risk,Continue regular engagement
2706-QZIHY,15,25.2,387.9,No,Two year,No,0,0.03960641882141299,No,Normal Risk,Continue regular engagement
6061-PQHMK,25,19.9,527.5,No,One year,No,0,0.05632811897953558,No,Normal Risk,Continue regular engagement
9885-CSMWE,1,78.45,78.45,Fiber optic,Month-to-month,Yes,1,0.8492015503488433,Yes,High Risk,Offer contract upgrade discount
6137-MFAJN,48,44.8,2104.55,DSL,Month-to-month,No,3,0.20238900561450354,No,Normal Risk,Continue regular engagement
9122-UMROB,1,20.3,20.3,No,Month-to-month,No,0,0.3823117193575313,No,Normal Risk,Continue regular engagement
4232-JGKIY,1,19.2,19.2,No,Month-to-month,No,0,0.46646256825337645,No,Normal Risk,Continue regular engagement
2402-TAIRZ,37,80.05,3019.1,Fiber optic,One year,No,2,0.3218222914972079,No,Normal Risk,Continue regular engagement
9659-ZTWSM,66,107.35,7051.95,Fiber optic,One year,No,5,0.1961312516618138,No,Normal Risk,Continue regular engagement
9139-TWBAS,26,47.85,1190.5,DSL,One year,No,4,0.11527517864167981,No,Normal Risk,Continue regular engagement
6685-GBWJZ,63,70.8,4448.8,DSL,One year,No,4,0.014063709518122601,No,Normal Risk,Continue regular engagement
5016-ETTFF,10,29.5,255.25,DSL,Month-to-month,Yes,1,0.5380429073577738,Yes,Normal Risk,Continue regular engagement
3866-MDTUB,2,70.75,146.9,DSL,Month-to-month,Yes,3,0.7012246064412768,Yes,High Risk,Offer contract upgrade discount
2195-VVRJF,18,59.1,1011.05,DSL,Month-to-month,No,2,0.14319524022276783,No,Normal Risk,Continue regular engagement
3913-RDSJZ,64,25.55,1714.95,No,Two year,No,0,0.007897094250462732,No,Normal Risk,Continue regular engagement
8058-JMEQO,9,84.45,762.5,Fiber optic,Month-to-month,Yes,1,0.8551911056808833,Yes,High Risk,Offer contract upgrade discount
4203-QGNZA,28,20.25,535.35,No,Month-to-month,No,0,0.08550232480650848,No,Normal Risk,Continue regular engagement
5043-TRZWM,1,75.55,75.55,Fiber optic,Month-to-month,No,1,0.8501366500989004,Yes,High Risk,Offer contract upgrade discount
0697-ZMSWS,4,85.65,338.9,Fiber optic,Month-to-month,Yes,1,0.873095646029483,Yes,High Risk,Offer contract upgrade discount
7657-DYEPJ,38,70.15,2497.35,DSL,One year,Yes,4,0.033519509650186616,No,Normal Risk,Continue regular engagement
9494-BDNNC,66,95.3,6273.4,Fiber optic,One year,No,3,0.23710475500988154,No,Normal Risk,Continue regular engagement
1640-PLFMP,1,70.25,70.25,Fiber optic,Month-to-month,No,0,0.8861462929900306,Yes,High Risk,Offer contract upgrade discount
5366-OBVMR,18,50.3,908.75,DSL,Month-to-month,No,1,0.23422306439143914,No,Normal Risk,Continue regular engagement
8276-MQBYC,51,97.8,4913.3,Fiber optic,Month-to-month,Yes,3,0.6097905960900343,Yes,Normal Risk,Continue regular engagement
7644-OMVMY,0,19.85,,No,Two year,No,0,0.05436555503523861,No,Normal Risk,Continue regular engagement
7593-XFKDI,1,46.3,46.3,DSL,Month-to-month,Yes,0,0.636597430628573,Yes,Normal Risk,Continue regular engagement
4573-JKNAE,12,19.35,212.3,No,Two year,No,0,0.08949845585855487,No,Normal Risk,Continue regular engagement
0337-CNPZE,41,106.3,4443.45,Fiber optic,Month-to-month,Yes,4,0.74874722804179,Yes,High Risk,Offer contract upgrade discount
9817-APLHW,12,25.0,316.2,No,Month-to-month,No,0,0.373591037523399,No,Normal Risk,Continue regular engagement
8380-MQINP,55,20.3,1079.05,No,Two year,No,0,0.005300775936284917,No,Normal Risk,Continue regular engagement
0840-DFEZH,7,75.35,564.65,Fiber optic,Month-to-month,No,0,0.8741329486345338,Yes,High Risk,Offer contract upgrade discount
1513-XNPPH,12,89.4,1095.65,Fiber optic,Month-to-month,Yes,3,0.7528010077051382,Yes,High Risk,Offer contract upgrade discount
8690-ZVLCL,68,88.0,6161.9,DSL,Two year,No,6,0.006778929508493549,No,Normal Risk,Continue regular engagement
6015-VVHHE,5,83.15,446.05,Fiber optic,Month-to-month,Yes,1,0.7550008083459199,Yes,High Risk,Offer contract upgrade discount
1125-SNVCK,49,43.8,2106.05,DSL,Month-to-month,No,0,0.17329976133142136,No,Normal Risk,Continue regular engagement
0384-LPITE,40,62.05,2511.55,DSL,One year,No,5,0.06517402976404033,No,Normal Risk,Continue regular engagement
4616-EWBNJ,16,20.1,318.6,No,One year,No,0,0.16254101813662217,No,Normal Risk,Continue regular engagement
6347-DCUIK,10,74.15,811.8,Fiber optic,Month-to-month,Yes,0,0.7529048550177969,Yes,High Risk,Offer contract upgrade discount
1335-HQMKX,72,101.35,7323.15,Fiber optic,One year,No,4,0.29919900779327885,No,Normal Risk,Continue regular engagement
2545-EBUPK,2,84.05,186.05,Fiber optic,Month-to-month,No,1,0.8640389829411341,Yes,High Risk,Offer contract upgrade discount
6923-AQONU,23,20.9,454.0,No,Two year,No,0,0.013167085107200365,No,Normal Risk,Continue regular engagement
2172-EJXVF,71,105.9,7521.95,Fiber optic,One year,No,4,0.40133288447647464,No,Normal Risk,Continue regular engagement
0897-FEGMU,11,99.5,1056.95,Fiber optic,Month-to-month,Yes,3,0.8429102381289131,Yes,High Risk,Offer contract upgrade discount
7663-RGWBC,1,44.15,44.15,DSL,Month-to-month,Yes,0,0.6157679604467271,Yes,Normal Risk,Continue regular engagement
1120-BMWUB,16,53.9,834.15,DSL,Month-to-month,Yes,2,0.19780277944189803,No,Normal Risk,Continue regular engagement
9124-LHCJQ,1,85.45,85.45,Fiber optic,Month-to-month,Yes,1,0.8573677705722825,Yes,High Risk,Offer contract upgrade discount
4536-PLEQY,12,85.05,999.8,Fiber optic,Month-to-month,No,2,0.6342711074371065,Yes,Normal Risk,Continue regular engagement
7029-IJEJK,54,44.1,2369.7,DSL,One year,No,3,0.07625901837376539,No,Normal Risk,Continue regular engagement
8871-JLMHM,68,90.2,6297.65,Fiber optic,Two year,No,3,0.049223154094350595,No,Normal Risk,Continue regular engagement
2235-ZGKPT,4,50.85,239.55,DSL,Month-to-month,Yes,0,0.46337976258779706,No,Normal Risk,Continue regular engagement
3891-PUQOD,1,59.2,59.2,DSL,Month-to-month,Yes,2,0.6040650531179735,Yes,Normal Risk,Continue regular engagement
5447-VYTKW,27,53.45,1461.45,DSL,Month-to-month,No,2,0.0990124363170866,No,Normal Risk,Continue regular engagement
3623-FQBOX,21,19.95,416.4,No,Month-to-month,No,0,0.1355442656325556,No,Normal Risk,Continue regular engagement
0689-NKYLF,13,83.2,1060.6,Fiber optic,Month-to-month,Yes,2,0.6702521756212967,Yes,Normal Risk,Continue regular engagement
8659-HDIYE,64,74.65,4869.35,DSL,Month-to-month,No,4,0.07779925627392842,No,Normal Risk,Continue regular engagement
3658-KIBGF,1,54.9,54.9,DSL,Month-to-month,Yes,2,0.5142370609469853,Yes,Normal Risk,Continue regular engagement
3474-BAFSJ,57,57.5,3265.95,DSL,Two year,No,5,0.03929554807471443,No,Normal Risk,Continue regular engagement
5519-YLDGW,21,103.9,2254.2,Fiber optic,Month-to-month,Yes,4,0.5707422092260598,Yes,Normal Risk,Continue regular engagement
3865-ZFZIB,19,19.65,358.15,No,Two year,No,0,0.03181910521194345,No,Normal Risk,Continue regular engagement
1855-AGAWH,31,93.8,2939.8,Fiber optic,One year,No,3,0.430211713790614,No,Normal Risk,Continue regular engagement
7109-CQYUZ,52,89.25,4652.4,DSL,Two year,No,6,0.018971742469432524,No,Normal Risk,Continue regular engagement
1370-GGAWX,46,94.15,4408.45,Fiber optic,One year,No,3,0.38606599114368134,No,Normal Risk,Continue regular engagement
4680-KUTAJ,11,55.6,580.8,DSL,Month-to-month,No,1,0.49361133844448707,No,Normal Risk,Continue regular engagement
5307-UVGNB,53,48.7,2495.2,DSL,Month-to-month,No,4,0.09862353437531599,No,Normal Risk,Continue regular engagement
4946-EDSEW,11,19.25,180.3,No,Month-to-month,Yes,0,0.1858042168628413,No,Normal Risk,Continue regular engagement
2883-ILGWO,57,104.9,5913.95,Fiber optic,Month-to-month,No,4,0.5684024551563901,Yes,Normal Risk,Continue regular engagement
2516-VQRRV,2,75.45,158.4,Fiber optic,Month-to-month,Yes,0,0.7914065191252488,Yes,High Risk,Offer contract upgrade discount
7580-UGXNC,2,54.85,104.2,DSL,Month-to-month,Yes,2,0.3247077629855044,No,Normal Risk,Continue regular engagement
3642-BYHDO,71,19.9,1389.35,No,Two year,No,0,0.006105904555499342,No,Normal Risk,Continue regular engagement
9629-NHXFW,1,19.4,19.4,No,Month-to-month,No,0,0.2589422227766047,No,Normal Risk,Continue regular engagement
2696-RZVZW,68,25.05,1629.2,No,Two year,No,0,0.004032897845016839,No,Normal Risk,Continue regular engagement
5766-FTRTS,72,84.45,6033.1,DSL,Two year,No,6,0.009776568600725151,No,Normal Risk,Continue regular engagement
0396-HUJBP,2,19.3,44.4,No,Month-to-month,No,0,0.4190759302657256,No,Normal Risk,Continue regular engagement
5178-LMXOP,1,95.1,95.1,Fiber optic,Month-to-month,Yes,2,0.8263115403095337,Yes,High Risk,Offer contract upgrade discount
8879-ZKJOF,41,79.85,3320.75,DSL,One year,No,5,0.13742937503361238,No,Normal Risk,Continue regular engagement
6285-FTQBF,72,25.55,1867.7,No,Two year,No,0,0.0021100409686252743,No,Normal Risk,Continue regular engagement
8185-UPYBR,6,75.5,438.0,Fiber optic,Month-to-month,Yes,0,0.8071704715627257,Yes,High Risk,Offer contract upgrade discount
4585-HETAI,4,73.75,325.45,Fiber optic,Month-to-month,Yes,1,0.6879029958141127,Yes,Normal Risk,Continue regular engagement
7526-BEZQB,12,96.05,1148.1,Fiber optic,Month-to-month,Yes,2,0.8846895441758167,Yes,High Risk,Offer contract upgrade discount
1474-JUWSM,58,68.4,3972.25,DSL,One year,No,3,0.04602552035198782,No,Normal Risk,Continue regular engagement
3530-CRZSB,7,20.65,155.9,No,Month-to-month,No,0,0.3959738959483507,No,Normal Risk,Continue regular engagement
8498-XXGWA,65,55.15,3673.15,DSL,Month-to-month,No,2,0.07417550047579895,No,Normal Risk,Continue regular engagement
9617-INGJY,1,70.6,70.6,Fiber optic,Month-to-month,No,0,0.79998403445325,Yes,High Risk,Offer contract upgrade discount
0621-TSSMU,56,19.95,1126.75,No,One year,No,0,0.010203050198960738,No,Normal Risk,Continue regular engagement
7234-KMNRQ,4,19.0,73.45,No,Month-to-month,No,0,0.3322930273679671,No,Normal Risk,Continue regular engagement
7636-PEPNS,58,44.1,2413.05,DSL,One year,No,0,0.033409569853361444,No,Normal Risk,Continue regular engagement
4683-WYDOU,62,107.6,6912.7,Fiber optic,Two year,No,4,0.32380345825665663,No,Normal Risk,Continue regular engagement
9052-DHNKM,26,61.55,1581.95,DSL,One year,No,2,0.09517040641989907,No,Normal Risk,Continue regular engagement
6794-HKIAJ,62,90.7,5586.45,Fiber optic,Month-to-month,No,3,0.3774618706538194,No,Normal Risk,Continue regular engagement
5578-NKCXI,58,99.25,5846.65,Fiber optic,One year,No,4,0.09684481280340297,No,Normal Risk,Continue regular engagement
1642-HMARX,68,91.7,6424.7,DSL,Two year,No,6,0.03312469751151171,No,Normal Risk,Continue regular engagement
3096-WPXBT,61,100.7,6018.65,Fiber optic,One year,No,4,0.07104188575754554,No,Normal Risk,Continue regular engagement
8434-PNQZX,42,78.45,3373.4,DSL,Two year,No,4,0.05959274786504629,No,Normal Risk,Continue regular engagement
5950-AAAGJ,18,84.3,1537.9,Fiber optic,Month-to-month,No,1,0.7855274966631338,Yes,High Risk,Offer contract upgrade discount
4299-OPXEJ,56,19.55,1080.55,No,Two year,No,0,0.026264187772651753,No,Normal Risk,Continue regular engagement
4951-UKAAQ,4,88.95,355.2,Fiber optic,Month-to-month,Yes,2,0.838580229256844,Yes,High Risk,Offer contract upgrade discount
9618-LFJRU,4,20.45,82.85,No,Month-to-month,No,0,0.384633034479514,No,Normal Risk,Continue regular engagement
6693-DJWTY,35,55.6,2016.45,DSL,One year,No,2,0.030921022315285276,No,Normal Risk,Continue regular engagement
0744-GKNGE,64,86.8,5327.25,Fiber optic,Month-to-month,No,2,0.24961892171234548,No,Normal Risk,Continue regular engagement
6447-EGDIV,31,20.95,683.25,No,One year,No,0,0.056305564664612236,No,Normal Risk,Continue regular engagement
1167-OYZJF,67,20.05,1263.05,No,Two year,No,0,0.010556398141126876,No,Normal Risk,Continue regular engagement
2108-YKQTY,4,50.7,151.3,DSL,Month-to-month,Yes,1,0.5262279738433859,Yes,Normal Risk,Continue regular engagement
4806-DXQCE,70,113.65,7714.65,Fiber optic,Two year,No,6,0.0668956379940679,No,Normal Risk,Continue regular engagement
4918-QLLIW,3,53.4,188.7,DSL,Month-to-month,Yes,1,0.573898843674492,Yes,Normal Risk,Continue regular engagement
7056-IMHCC,53,101.9,5549.4,Fiber optic,Month-to-month,Yes,3,0.6232285281974169,Yes,Normal Risk,Continue regular engagement
4854-SSLTN,2,59.5,130.5,DSL,Two year,No,3,0.021719768130272415,No,Normal Risk,Continue regular engagement
5294-DMSFH,29,87.8,2621.75,Fiber optic,Month-to-month,No,2,0.4976616494370196,No,Normal Risk,Continue regular engagement
4837-PZTIC,47,41.9,1875.25,DSL,Two year,No,3,0.018820164837790223,No,Normal Risk,Continue regular engagement
1625-JAIIY,68,83.0,5685.8,Fiber optic,One year,Yes,1,0.21851857506355868,No,Normal Risk,Continue regular engagement
0603-OLQDC,12,69.85,837.5,DSL,Month-to-month,No,3,0.3326579986874069,No,Normal Risk,Continue regular engagement
3272-VUHPV,8,56.3,401.5,DSL,Month-to-month,No,2,0.3791547503398326,No,Normal Risk,Continue regular engagement
4176-FXYBO,54,109.55,6118.95,Fiber optic,Month-to-month,No,5,0.4243724973196414,No,Normal Risk,Continue regular engagement
1063-DHQJF,69,92.15,6480.9,Fiber optic,Two year,No,3,0.047884906849826075,No,Normal Risk,Continue regular engagement
8663-UPDGF,26,69.5,1800.05,DSL,Month-to-month,No,3,0.3897054410527314,No,Normal Risk,Continue regular engagement
6719-FGEDO,72,97.0,7104.2,Fiber optic,Two year,No,4,0.08310547079751754,No,Normal Risk,Continue regular engagement
1837-YQUCE,70,58.35,4214.25,DSL,Two year,No,5,0.04026697982636217,No,Normal Risk,Continue regular engagement
2947-DOMLJ,1,50.6,50.6,DSL,Month-to-month,Yes,1,0.3061181806234967,No,Normal Risk,Continue regular engagement
4112-LUEIZ,10,89.5,863.1,Fiber optic,Month-to-month,Yes,2,0.8740990664243695,Yes,High Risk,Offer contract upgrade discount
0369-ZGOVK,28,70.4,1992.2,Fiber optic,One year,No,0,0.404245951663391,No,Normal Risk,Continue regular engagement
4510-HIMLV,1,69.8,69.8,Fiber optic,Month-to-month,Yes,0,0.852426923571051,Yes,High Risk,Offer contract upgrade discount
9919-KNPOO,21,94.3,1948.35,Fiber optic,Month-to-month,No,2,0.7684084262448698,Yes,High Risk,Offer contract upgrade discount
8749-JMNKX,51,93.8,4750.95,Fiber optic,Month-to-month,Yes,3,0.4190946245284652,No,Normal Risk,Continue regular engagement
7872-BAAZR,53,19.55,1007.9,No,One year,No,0,0.020379521373429688,No,Normal Risk,Continue regular engagement
9391-LMANN,53,95.95,5036.9,Fiber optic,One year,No,4,0.1146617319619518,No,Normal Risk,Continue regular engagement
2430-USGXP,24,101.05,2391.8,Fiber optic,Month-to-month,Yes,3,0.6959161373001947,Yes,Normal Risk,Continue regular engagement
8174-TBVCF,70,94.8,6859.05,DSL,Two year,No,6,0.0255746867653962,No,Normal Risk,Continue regular engagement
1698-XFZCI,61,107.75,6521.9,Fiber optic,One year,No,5,0.21441046449134318,No,Normal Risk,Continue regular engagement
1877-HKBQX,11,54.6,617.85,DSL,One year,No,2,0.1304439868432561,No,Normal Risk,Continue regular engagement
4450-DLLMH,2,71.3,157.75,Fiber optic,Month-to-month,No,0,0.7820213322294537,Yes,High Risk,Offer contract upgrade discount
0428-AXXLJ,25,19.5,516.3,No,One year,No,0,0.11047475987195343,No,Normal Risk,Continue regular engagement
2746-DIJLO,41,56.3,2364.0,DSL,One year,No,1,0.10201195899481569,No,Normal Risk,Continue regular engagement
5955-ERIHD,18,94.7,1687.95,Fiber optic,Month-to-month,Yes,2,0.7315365738381769,Yes,High Risk,Offer contract upgrade discount
0917-EZOLA,72,104.15,7689.95,Fiber optic,Two year,Yes,4,0.23672869749017525,No,Normal Risk,Continue regular engagement
3508-VLHCZ,71,90.55,6239.05,DSL,Two year,No,6,0.007824815987158616,No,Normal Risk,Continue regular engagement
4086-ATNFV,34,60.8,2042.05,DSL,One year,No,3,0.02474233563366189,No,Normal Risk,Continue regular engagement
0468-YRPXN,29,98.8,2807.1,Fiber optic,Month-to-month,No,4,0.4429077294890659,No,Normal Risk,Continue regular engagement
5996-NRVXR,40,98.15,4116.8,Fiber optic,One year,No,5,0.04152274989003003,No,Normal Risk,Continue regular engagement
3739-YBWAB,36,35.35,1317.95,DSL,One year,No,2,0.044338553093045935,No,Normal Risk,Continue regular engagement
7047-FWEYA,46,103.15,4594.65,Fiber optic,One year,No,4,0.27339276953350633,No,Normal Risk,Continue regular engagement
2000-MPKCA,58,107.75,6332.75,Fiber optic,One year,No,5,0.27565314479535635,No,Normal Risk,Continue regular engagement
9762-YAQAA,39,81.4,3213.75,Fiber optic,One year,No,1,0.22006949432225398,No,Normal Risk,Continue regular engagement
5949-EBSQK,4,61.45,229.55,DSL,Month-to-month,Yes,2,0.2733024245833785,No,Normal Risk,Continue regular engagement
5473-KHBPS,52,95.7,4976.15,Fiber optic,One year,No,3,0.13387636990545518,No,Normal Risk,Continue regular engagement
0100-DUVFC,70,104.8,7308.95,Fiber optic,One year,No,4,0.26249689390237846,No,Normal Risk,Continue regular engagement
5397-TUPSH,65,70.95,4555.2,Fiber optic,One year,No,0,0.26479496072320696,No,Normal Risk,Continue regular engagement
8950-MTZNV,1,44.95,44.95,DSL,Month-to-month,No,0,0.6296585334878149,Yes,Normal Risk,Continue regular engagement
0326-VDYXE,70,97.65,6982.5,Fiber optic,One year,No,3,0.40855582078521063,No,Normal Risk,Continue regular engagement
6773-LQTVT,29,35.65,1025.15,DSL,Month-to-month,No,2,0.11612326232434923,No,Normal Risk,Continue regular engagement
7274-RTAPZ,1,90.55,90.55,Fiber optic,Month-to-month,Yes,2,0.894189235938018,Yes,High Risk,Offer contract upgrade discount
0436-TWFFZ,67,85.25,5714.2,DSL,Two year,No,5,0.030175447700990607,No,Normal Risk,Continue regular engagement
8566-YPRGL,1,19.5,19.5,No,Month-to-month,No,0,0.44916947792781187,No,Normal Risk,Continue regular engagement
0311-UNPFF,26,88.8,2274.35,Fiber optic,Month-to-month,Yes,2,0.8663744068702961,Yes,High Risk,Offer contract upgrade discount
6609-MXJHJ,30,25.1,789.55,No,Two year,No,0,0.01583472040258454,No,Normal Risk,Continue regular engagement
2669-OIDSD,48,100.05,4834.0,Fiber optic,Month-to-month,No,4,0.44685394203408885,No,Normal Risk,Continue regular engagement
8400-WZICQ,55,55.7,3131.8,DSL,Month-to-month,No,2,0.06824963051532566,No,Normal Risk,Continue regular engagement
3834-XUIFC,7,85.2,602.55,Fiber optic,Month-to-month,Yes,1,0.8071385678654015,Yes,High Risk,Offer contract upgrade discount
9576-SYUHJ,37,91.15,3369.25,Fiber optic,Month-to-month,No,2,0.5871307350074852,Yes,Normal Risk,Continue regular engagement
0410-IPFTY,31,83.85,2674.15,Fiber optic,Month-to-month,No,2,0.7275050610924954,Yes,High Risk,Offer contract upgrade discount
2831-EBWRN,4,45.9,199.75,DSL,Month-to-month,No,0,0.7202906985574362,Yes,High Risk,Offer contract upgrade discount
9430-NKQLY,72,25.1,1790.8,No,Two year,No,0,0.0021220710178725386,No,Normal Risk,Continue regular engagement
8414-MYSHR,5,91.4,449.75,Fiber optic,Month-to-month,Yes,2,0.8686701231769702,Yes,High Risk,Offer contract upgrade discount
0247-SLUJI,1,19.7,19.7,No,Month-to-month,No,0,0.20356668521573712,No,Normal Risk,Continue regular engagement
9402-ORRAH,15,91.5,1400.3,Fiber optic,Month-to-month,No,2,0.8098303949126355,Yes,High Risk,Offer contract upgrade discount
6483-OATDN,8,51.3,411.6,DSL,Month-to-month,No,1,0.21696103843869807,No,Normal Risk,Continue regular engagement
1293-HHSHJ,35,21.1,741.0,No,One year,No,0,0.048491405838475984,No,Normal Risk,Continue regular engagement
4840-ORQXB,56,104.75,5841.35,Fiber optic,Month-to-month,No,4,0.6207979826712882,Yes,Normal Risk,Continue regular engagement
7599-FKVXZ,42,106.15,4512.7,Fiber optic,Month-to-month,Yes,4,0.6657064969356817,Yes,Normal Risk,Continue regular engagement
3982-DQLUS,65,85.75,5688.45,Fiber optic,Month-to-month,No,2,0.1483812346885932,No,Normal Risk,Continue regular engagement
8610-ZIKJJ,2,20.3,31.9,No,One year,No,0,0.10855455947531463,No,Normal Risk,Continue regular engagement
3756-VNWDH,65,100.75,6674.65,Fiber optic,One year,No,3,0.26500415726506427,No,Normal Risk,Continue regular engagement
7801-KICAO,18,74.15,1345.75,Fiber optic,Month-to-month,No,0,0.735079915123664,Yes,High Risk,Offer contract upgrade discount
7673-LPRNY,23,78.55,1843.05,DSL,One year,No,4,0.17380356698387386,No,Normal Risk,Continue regular engagement
8229-TNIQA,4,45.3,196.95,DSL,Month-to-month,Yes,0,0.6767580558290576,Yes,Normal Risk,Continue regular engagement
6060-QBMGV,70,19.85,1433.8,No,Two year,No,0,0.0034508022502091145,No,Normal Risk,Continue regular engagement
7339-POGZN,4,50.7,214.55,DSL,Month-to-month,No,0,0.7500471187347821,Yes,High Risk,Offer contract upgrade discount
2828-SLQPF,19,45.0,865.85,DSL,Month-to-month,No,0,0.549690390140115,Yes,Normal Risk,Continue regular engagement
4465-VDKIQ,18,77.8,1358.6,Fiber optic,Month-to-month,No,2,0.5478296232663189,Yes,Normal Risk,Continue regular engagement
2921-XWDJH,38,83.45,3147.15,Fiber optic,Month-to-month,No,2,0.4622716679332973,No,Normal Risk,Continue regular engagement
6221-AVQYL,2,73.25,131.05,Fiber optic,Month-to-month,Yes,0,0.7328467275668056,Yes,High Risk,Offer contract upgrade discount
2558-BUOZZ,47,94.8,4535.85,Fiber optic,One year,No,3,0.2947807193916515,No,Normal Risk,Continue regular engagement
9257-AZMTZ,52,20.1,1078.75,No,Two year,No,0,0.01350447148825621,No,Normal Risk,Continue regular engagement
0003-MKNFE,9,59.9,542.4,DSL,Month-to-month,No,1,0.6039396450898878,Yes,Normal Risk,Continue regular engagement
0975-UYDTX,26,90.1,2312.55,DSL,One year,No,6,0.04000292682542212,No,Normal Risk,Continue regular engagement
7743-EXURX,8,51.05,415.05,DSL,Month-to-month,Yes,1,0.43570502101015385,No,Normal Risk,Continue regular engagement
4682-BLBUC,44,70.95,3250.45,DSL,One year,No,4,0.06296903909893913,No,Normal Risk,Continue regular engagement
0975-VOOVL,3,29.2,98.5,DSL,Month-to-month,No,1,0.6250637901332817,Yes,Normal Risk,Continue regular engagement
5968-VXZLG,2,46.6,87.9,DSL,Month-to-month,No,0,0.8077783605799367,Yes,High Risk,Offer contract upgrade discount
5569-KGJHX,9,85.35,754.65,Fiber optic,Month-to-month,Yes,1,0.8323672241251687,Yes,High Risk,Offer contract upgrade discount
4988-IQIGL,1,75.35,75.35,Fiber optic,Month-to-month,Yes,0,0.817905667275561,Yes,High Risk,Offer contract upgrade discount
5201-FRKKS,25,74.3,1952.25,Fiber optic,Month-to-month,No,1,0.6067181343575888,Yes,Normal Risk,Continue regular engagement
9799-CAYJJ,2,69.3,153.8,Fiber optic,Month-to-month,No,0,0.8112255917691404,Yes,High Risk,Offer contract upgrade discount
7730-IUTDZ,43,75.2,3198.6,Fiber optic,Month-to-month,Yes,1,0.45570563460654406,No,Normal Risk,Continue regular engagement
0426-TIRNE,1,20.9,20.9,No,Month-to-month,Yes,0,0.457488554999325,No,Normal Risk,Continue regular engagement
5443-SCMKX,58,94.3,5610.15,Fiber optic,One year,No,3,0.31181292719745757,No,Normal Risk,Continue regular engagement
8295-KMENE,59,76.45,4519.5,DSL,Two year,No,4,0.010961970655637147,No,Normal Risk,Continue regular engagement
6738-ISCBM,44,54.0,2440.25,DSL,One year,No,4,0.11538393406079032,No,Normal Risk,Continue regular engagement
9821-BESNZ,66,104.25,6860.6,Fiber optic,One year,No,4,0.2777910130791108,No,Normal Risk,Continue regular engagement
3678-MNGZX,68,19.95,1377.7,No,Two year,No,0,0.0054087377993650215,No,Normal Risk,Continue regular engagement
1335-NTIUC,9,24.95,190.25,DSL,Month-to-month,No,0,0.7260025850616529,Yes,High Risk,Offer contract upgrade discount
2916-BQZLN,19,84.75,1651.95,Fiber optic,Month-to-month,No,2,0.46674278712685385,No,Normal Risk,Continue regular engagement
4558-CGYCZ,4,19.75,78.3,No,Month-to-month,No,0,0.3450794238057263,No,Normal Risk,Continue regular engagement
2368-GAKKQ,70,113.65,7939.25,Fiber optic,Two year,No,6,0.16151779312996947,No,Normal Risk,Continue regular engagement
8710-YGLWG,1,44.9,44.9,DSL,Month-to-month,No,0,0.6287963633971602,Yes,Normal Risk,Continue regular engagement
3199-XGZCY,8,75.25,576.7,Fiber optic,Month-to-month,No,0,0.8684724385463725,Yes,High Risk,Offer contract upgrade discount
3785-KTYSH,53,24.6,1279.0,No,Two year,No,0,0.010278938964649029,No,Normal Risk,Continue regular engagement
6814-ZPWFQ,51,25.0,1260.7,No,One year,No,0,0.033559653447573286,No,Normal Risk,Continue regular engagement
4063-EIKNQ,11,20.95,267.35,No,Month-to-month,No,0,0.3019713320735735,No,Normal Risk,Continue regular engagement
6993-YCOBK,60,110.6,6586.85,Fiber optic,Two year,No,5,0.06685622368395902,No,Normal Risk,Continue regular engagement
5206-HPJKM,17,55.5,934.15,DSL,Month-to-month,No,2,0.14584216527386987,No,Normal Risk,Continue regular engagement
7587-RZNME,3,43.3,123.65,DSL,Month-to-month,Yes,0,0.6839525204386441,Yes,Normal Risk,Continue regular engagement
0748-RDGGM,70,109.5,7534.65,Fiber optic,One year,Yes,6,0.1553371664599671,No,Normal Risk,Continue regular engagement
8393-JMVMB,1,19.45,19.45,No,Month-to-month,No,0,0.36758951704563575,No,Normal Risk,Continue regular engagement
5019-GQVCR,43,84.85,3645.6,Fiber optic,Month-to-month,No,1,0.6359406037959292,Yes,Normal Risk,Continue regular engagement
6036-TTFYU,16,19.6,314.45,No,Month-to-month,No,0,0.1501029029992082,No,Normal Risk,Continue regular engagement
2550-AEVRU,57,53.45,3053.0,DSL,One year,No,2,0.019557919541994557,No,Normal Risk,Continue regular engagement
0969-RGKCU,37,19.8,677.05,No,One year,No,0,0.01158300285416444,No,Normal Risk,Continue regular engagement
0378-CJKPV,72,112.1,7965.95,Fiber optic,Two year,No,6,0.042015208573606556,No,Normal Risk,Continue regular engagement
4706-AXVKM,11,84.8,906.85,Fiber optic,Month-to-month,Yes,1,0.7667261305904601,Yes,High Risk,Offer contract upgrade discount
5889-JTMUL,50,95.05,4888.7,Fiber optic,Month-to-month,Yes,3,0.514341648719502,Yes,Normal Risk,Continue regular engagement
9026-RNUJS,5,50.35,237.25,DSL,Month-to-month,Yes,1,0.5674125963864756,Yes,Normal Risk,Continue regular engagement
3746-EUBYR,1,74.6,74.6,Fiber optic,Month-to-month,Yes,0,0.863664311143008,Yes,High Risk,Offer contract upgrade discount
2332-EFBJY,16,19.7,342.4,No,Month-to-month,Yes,0,0.15961930860386106,No,Normal Risk,Continue regular engagement
2880-FPNAE,2,74.2,140.1,Fiber optic,Month-to-month,No,1,0.7129114916373248,Yes,High Risk,Offer contract upgrade discount
1703-MGIAB,17,69.0,1108.0,DSL,Month-to-month,No,3,0.2553608735341674,No,Normal Risk,Continue regular engagement
4311-QTTAI,16,19.35,295.55,No,One year,No,0,0.06503636723725718,No,Normal Risk,Continue regular engagement
9474-PHLYD,15,59.45,892.65,DSL,Month-to-month,Yes,2,0.5373221922841042,Yes,Normal Risk,Continue regular engagement
4318-RAJVY,10,19.8,198.25,No,One year,No,0,0.1752081962449733,No,Normal Risk,Continue regular engagement
2165-VOEGB,46,105.2,4822.85,Fiber optic,One year,Yes,5,0.19882583833258122,No,Normal Risk,Continue regular engagement
3612-YUNGG,64,109.2,6741.15,Fiber optic,Two year,No,5,0.041812633502075945,No,Normal Risk,Continue regular engagement
2254-DLXRI,1,79.15,79.15,Fiber optic,Month-to-month,No,1,0.7478456915699435,Yes,High Risk,Offer contract upgrade discount
5062-CJJKH,25,53.65,1355.45,DSL,One year,No,2,0.036452845588686646,No,Normal Risk,Continue regular engagement
9028-LIHRP,71,100.2,7209.0,Fiber optic,Two year,No,5,0.015356896291255166,No,Normal Risk,Continue regular engagement
2219-MVUSO,8,45.15,438.4,DSL,Month-to-month,Yes,0,0.5911277479767414,Yes,Normal Risk,Continue regular engagement
1053-MXTTK,72,108.65,7726.35,Fiber optic,Two year,No,6,0.06686466602106776,No,Normal Risk,Continue regular engagement
1530-ZTDOZ,49,40.65,2070.75,DSL,Month-to-month,No,2,0.29429109618980726,No,Normal Risk,Continue regular engagement
1301-LOPVR,29,55.35,1636.95,DSL,One year,No,5,0.014868687782726776,No,Normal Risk,Continue regular engagement
0853-TWRVK,72,105.6,7581.5,Fiber optic,Two year,No,5,0.07837907726580151,No,Normal Risk,Continue regular engagement
8914-RBTSB,31,93.8,3019.5,Fiber optic,Month-to-month,Yes,3,0.511768293807359,Yes,Normal Risk,Continue regular engagement
6212-ATMLK,50,95.7,4729.75,Fiber optic,Month-to-month,No,2,0.8068525790257379,Yes,High Risk,Offer contract upgrade discount
8200-LGKSR,71,83.2,6126.1,DSL,Two year,No,5,0.021809876767598758,No,Normal Risk,Continue regular engagement
1568-BEKZM,70,90.05,6333.4,DSL,Two year,No,6,0.008179679450147935,No,Normal Risk,Continue regular engagement
0670-ANMUU,71,97.65,6687.85,Fiber optic,One year,No,3,0.10846744757681315,No,Normal Risk,Continue regular engagement
6897-RWMUB,61,68.05,4158.25,DSL,Two year,No,4,0.00987399125307051,No,Normal Risk,Continue regular engagement
0963-ZBDRN,32,96.2,3183.4,Fiber optic,Month-to-month,Yes,3,0.689985082905142,Yes,Normal Risk,Continue regular engagement
7594-RQHXR,1,79.6,79.6,Fiber optic,Month-to-month,Yes,1,0.8317196898245341,Yes,High Risk,Offer contract upgrade discount
6999-CHVCF,68,102.1,7149.35,Fiber optic,Two year,No,4,0.20667042752116369,No,Normal Risk,Continue regular engagement
6134-KWTBV,62,23.4,1429.65,No,Two year,No,0,0.014593942604616527,No,Normal Risk,Continue regular engagement
1077-HUUJM,7,71.05,472.65,Fiber optic,Month-to-month,No,0,0.8013310318639982,Yes,High Risk,Offer contract upgrade discount
6331-EWIEB,20,85.25,1734.5,Fiber optic,Month-to-month,Yes,1,0.7376786752562065,Yes,High Risk,Offer contract upgrade discount
0895-LNKRC,6,19.45,113.5,No,One year,No,0,0.06965251871874768,No,Normal Risk,Continue regular engagement
2045-BMBTJ,33,59.45,1884.65,DSL,Month-to-month,No,5,0.32540924995585846,No,Normal Risk,Continue regular engagement
8417-GSODA,28,92.2,2568.15,Fiber optic,One year,No,2,0.3914755032894854,No,Normal Risk,Continue regular engagement
5171-EPLKN,27,19.85,470.0,No,Two year,No,0,0.023154554836719295,No,Normal Risk,Continue regular engagement
4452-QIIEB,7,43.9,278.4,DSL,Month-to-month,No,0,0.5473785747286536,Yes,Normal Risk,Continue regular engagement
5998-VVEJY,26,80.5,2088.8,Fiber optic,Month-to-month,Yes,1,0.560508295131361,Yes,Normal Risk,Continue regular engagement
1624-NALOJ,5,89.8,502.6,Fiber optic,Month-to-month,Yes,2,0.7678207007480408,Yes,High Risk,Offer contract upgrade discount
6741-EGCBI,30,90.5,2595.85,Fiber optic,Month-to-month,No,2,0.3862951327640523,No,Normal Risk,Continue regular engagement
7820-ZYGNY,63,90.45,5825.5,Fiber optic,One year,No,2,0.2228202901796718,No,Normal Risk,Continue regular engagement
4317-VTEOA,1,50.75,50.75,DSL,Month-to-month,Yes,1,0.6436200945111251,Yes,Normal Risk,Continue regular engagement
9677-AVKED,53,84.6,4449.75,DSL,One year,No,5,0.06444271784189087,No,Normal Risk,Continue regular engagement
1670-SVOWZ,14,89.65,1208.35,Fiber optic,Month-to-month,Yes,3,0.24846691352110872,No,Normal Risk,Continue regular engagement
2227-JRSJX,21,99.15,1956.4,Fiber optic,Month-to-month,No,4,0.6815730070626532,Yes,Normal Risk,Continue regular engagement
9847-HNVGP,17,19.95,310.6,No,One year,No,0,0.05836543429804038,No,Normal Risk,Continue regular engagement
6696-YDAYZ,16,20.5,290.55,No,Two year,No,0,0.016687772398187223,No,Normal Risk,Continue regular engagement
8980-WQFWL,35,62.1,2096.1,DSL,Month-to-month,No,2,0.5040075506571228,Yes,Normal Risk,Continue regular engagement
1730-ZMAME,32,79.5,2665.0,Fiber optic,Month-to-month,No,1,0.7322911282582972,Yes,High Risk,Offer contract upgrade discount
6506-EYCNH,28,19.55,543.8,No,Month-to-month,No,0,0.14395351074486315,No,Normal Risk,Continue regular engagement
4634-JLRJT,1,20.35,20.35,No,Month-to-month,No,0,0.4647578528911214,No,Normal Risk,Continue regular engagement
9501-UKKNL,59,51.7,3005.8,DSL,Month-to-month,No,3,0.27160767085755877,No,Normal Risk,Continue regular engagement
2560-QTSBS,72,23.3,1623.15,No,One year,No,0,0.01003900564016095,No,Normal Risk,Continue regular engagement
7541-YLXCL,36,65.4,2498.4,DSL,One year,Yes,3,0.07425274642563874,No,Normal Risk,Continue regular engagement
4795-WRNVT,40,65.1,2586.0,DSL,Month-to-month,No,3,0.16669344735993544,No,Normal Risk,Continue regular engagement
6080-TCMYC,40,81.2,3292.3,Fiber optic,Month-to-month,No,1,0.41875606207750193,No,Normal Risk,Continue regular engagement
0260-ZDLGK,9,72.9,651.4,DSL,Month-to-month,Yes,4,0.32932267727965997,No,Normal Risk,Continue regular engagement
7860-UXCRM,63,74.5,4674.55,DSL,Two year,No,5,0.003500547590800873,No,Normal Risk,Continue regular engagement
6357-JJPQT,3,80.5,232.35,Fiber optic,Month-to-month,No,1,0.8980795676811401,Yes,High Risk,Offer contract upgrade discount
2292-XQWSV,40,60.3,2448.5,DSL,One year,No,5,0.030922097544460594,No,Normal Risk,Continue regular engagement
9552-TGUZV,8,75.0,658.1,Fiber optic,Month-to-month,No,1,0.5637577423671781,Yes,Normal Risk,Continue regular engagement
5913-INRQV,34,90.15,3128.8,Fiber optic,One year,No,3,0.08880077663059255,No,Normal Risk,Continue regular engagement
8722-NGNBH,5,40.0,223.45,DSL,Month-to-month,Yes,3,0.26993457406696914,No,Normal Risk,Continue regular engagement
6210-KBBPI,9,99.45,919.4,Fiber optic,Month-to-month,Yes,3,0.6701784974373769,Yes,Normal Risk,Continue regular engagement
9643-YBLUR,9,69.05,653.95,DSL,Month-to-month,No,3,0.3497539856638794,No,Normal Risk,Continue regular engagement
8734-FNWVH,31,59.7,1825.5,DSL,Month-to-month,No,1,0.34795794877382785,No,Normal Risk,Continue regular engagement
9447-YPTBX,50,19.85,943.1,No,One year,No,0,0.04428071654772155,No,Normal Risk,Continue regular engagement
0133-BMFZO,2,86.25,181.65,Fiber optic,Month-to-month,Yes,3,0.5704512287453283,Yes,Normal Risk,Continue regular engagement
6128-CZOMY,1,45.65,45.65,DSL,Month-to-month,Yes,0,0.7814491984259258,Yes,High Risk,Offer contract upgrade discount
9540-JYROE,8,70.1,551.35,Fiber optic,Month-to-month,Yes,0,0.7699375011809928,Yes,High Risk,Offer contract upgrade discount
9026-LHEVG,9,40.75,359.4,DSL,Month-to-month,No,2,0.740794839321662,Yes,High Risk,Offer contract upgrade discount
2260-USTRB,2,70.2,115.95,Fiber optic,Month-to-month,Yes,0,0.8952438787285001,Yes,High Risk,Offer contract upgrade discount
3656-TKRVZ,3,55.35,165.2,DSL,Month-to-month,Yes,2,0.492190325779526,No,Normal Risk,Continue regular engagement
7011-CVEUC,25,95.7,2338.35,Fiber optic,Month-to-month,No,3,0.48352407795257657,No,Normal Risk,Continue regular engagement
6185-TASNN,1,46.3,46.3,DSL,Month-to-month,No,0,0.6740315451493113,Yes,Normal Risk,Continue regular engagement
7925-PNRGI,45,81.3,3541.1,DSL,Month-to-month,No,5,0.03948465223287165,No,Normal Risk,Continue regular engagement
8623-TMRBY,51,84.2,4146.05,Fiber optic,Month-to-month,Yes,2,0.20656173290312926,No,Normal Risk,Continue regular engagement
1552-CZCLL,55,20.0,1087.25,No,Month-to-month,No,0,0.020679657909201097,No,Normal Risk,Continue regular engagement
3038-PQIUY,38,66.15,2522.4,DSL,Month-to-month,No,3,0.26546943533598166,No,Normal Risk,Continue regular engagement
1501-SGHBW,2,45.85,81.0,DSL,Month-to-month,Yes,0,0.6209497732931618,Yes,Normal Risk,Continue regular engagement
9313-CDOGY,38,19.6,717.3,No,Month-to-month,No,0,0.051590624912340136,No,Normal Risk,Continue regular engagement
8148-BPLZQ,34,49.8,1734.2,DSL,Month-to-month,No,1,0.2985495063037868,No,Normal Risk,Continue regular engagement
2623-DRYAM,70,101.75,7069.3,Fiber optic,One year,No,3,0.4916442983759965,No,Normal Risk,Continue regular engagement
9987-LUTYD,13,55.15,742.9,DSL,One year,No,2,0.06983561903304897,No,Normal Risk,Continue regular engagement
3208-YPIOE,39,75.25,3017.65,Fiber optic,Month-to-month,Yes,0,0.6410339027217018,Yes,Normal Risk,Continue regular engagement
4488-KQFDT,61,103.95,6423.0,Fiber optic,One year,No,4,0.43852845412295416,No,Normal Risk,Continue regular engagement
2612-RANWT,12,100.15,1164.3,Fiber optic,Month-to-month,Yes,3,0.9137179049114772,Yes,High Risk,Offer contract upgrade discount
5693-PIPCS,41,99.65,4220.35,Fiber optic,Two year,No,4,0.1334380702684608,No,Normal Risk,Continue regular engagement
0491-KAPQG,21,73.7,1558.7,Fiber optic,Month-to-month,No,0,0.6603137789450692,Yes,Normal Risk,Continue regular engagement
1925-LFCZZ,55,50.05,2743.45,DSL,One year,No,3,0.18240325296668208,No,Normal Risk,Continue regular engagement
8039-EQPIM,69,60.25,4055.5,DSL,Two year,No,5,0.02578934693766599,No,Normal Risk,Continue regular engagement
6900-PXRMS,26,105.75,2710.25,Fiber optic,Month-to-month,Yes,4,0.4095906577510767,No,Normal Risk,Continue regular engagement
8707-RMEZH,69,87.3,6055.55,Fiber optic,One year,No,3,0.06750024369297732,No,Normal Risk,Continue regular engagement
3346-BRMIS,18,48.35,810.7,DSL,Month-to-month,Yes,3,0.46504435879017664,No,Normal Risk,Continue regular engagement
3209-ZPKFI,47,54.25,2538.2,DSL,Month-to-month,No,1,0.10558210945994992,No,Normal Risk,Continue regular engagement
6479-VDGRK,72,85.3,6129.2,DSL,Two year,No,6,0.01749246478852217,No,Normal Risk,Continue regular engagement
9373-WSLOY,33,50.0,1750.85,DSL,Month-to-month,No,4,0.1467941836129472,No,Normal Risk,Continue regular engagement
2933-FILNV,2,24.4,36.55,DSL,Month-to-month,Yes,0,0.5513375173257736,Yes,Normal Risk,Continue regular engagement
3569-JFODW,72,90.95,6652.45,DSL,Two year,No,6,0.008461221718201288,No,Normal Risk,Continue regular engagement
9819-FBNSV,37,72.25,2575.45,Fiber optic,Month-to-month,No,0,0.6512951629382132,Yes,Normal Risk,Continue regular engagement
9544-PYPSJ,62,96.1,6019.35,Fiber optic,Month-to-month,No,3,0.24894149357805723,No,Normal Risk,Continue regular engagement
1591-XWLGB,71,19.85,1379.6,No,Two year,No,0,0.004190635367512804,No,Normal Risk,Continue regular engagement
0396-UKGAI,23,55.3,1284.2,DSL,Month-to-month,No,2,0.18350879064431466,No,Normal Risk,Continue regular engagement
3243-ZHOHY,16,20.1,296.15,No,One year,No,0,0.07851050041887428,No,Normal Risk,Continue regular engagement
5186-EJEGL,9,69.5,653.25,DSL,Month-to-month,No,4,0.23397197868999603,No,Normal Risk,Continue regular engagement
7527-QNRUS,17,25.15,412.6,No,Two year,No,0,0.0168892079939569,No,Normal Risk,Continue regular engagement
9986-BONCE,4,20.95,85.5,No,Month-to-month,Yes,0,0.6293793760473156,Yes,Normal Risk,Continue regular engagement
2722-JMONI,1,49.55,49.55,DSL,Month-to-month,Yes,1,0.4866558030993607,No,Normal Risk,Continue regular engagement
2203-GHNWN,24,79.65,1928.7,Fiber optic,Month-to-month,No,1,0.5147006114798478,Yes,Normal Risk,Continue regular engagement
3878-AVSOQ,1,71.25,71.25,Fiber optic,Month-to-month,No,0,0.8658822156143531,Yes,High Risk,Offer contract upgrade discount
3258-SYSWS,72,113.8,7845.8,Fiber optic,Two year,No,6,0.08584093671448302,No,Normal Risk,Continue regular engagement
5296-PSYVW,72,24.55,1750.7,No,Two year,No,0,0.007769248839601403,No,Normal Risk,Continue regular engagement
6319-QSUSR,11,19.7,216.2,No,Month-to-month,No,0,0.19811335338828476,No,Normal Risk,Continue regular engagement
4083-EUGRJ,9,20.25,178.5,No,Month-to-month,Yes,0,0.3092783813845459,No,Normal Risk,Continue regular engagement
7579-OOPEC,2,50.15,115.1,DSL,Month-to-month,Yes,1,0.40999217811774175,No,Normal Risk,Continue regular engagement
0512-FLFDW,60,100.5,6029.0,Fiber optic,One year,No,3,0.28878861936179434,No,Normal Risk,Continue regular engagement
1771-OADNZ,29,95.9,2745.2,Fiber optic,Month-to-month,Yes,3,0.5100489893892287,Yes,Normal Risk,Continue regular engagement
0487-CRLZF,49,74.45,3721.9,DSL,Two year,No,4,0.13178513607576986,No,Normal Risk,Continue regular engagement
2107-FBPTK,30,104.1,3121.1,Fiber optic,Month-to-month,No,4,0.6597600630833801,Yes,Normal Risk,Continue regular engagement
9451-WLYRI,53,19.05,990.45,No,One year,No,0,0.013557587835386997,No,Normal Risk,Continue regular engagement
8219-VYBVI,39,25.0,1004.35,No,Two year,No,0,0.010273523205585054,No,Normal Risk,Continue regular engagement
1991-VOPLL,9,19.05,157.65,No,Month-to-month,No,0,0.34633263818424165,No,Normal Risk,Continue regular engagement
9738-QLWTP,39,81.9,3219.75,Fiber optic,One year,No,2,0.24328403592332207,No,Normal Risk,Continue regular engagement
1016-DJTSV,8,69.7,572.85,Fiber optic,Month-to-month,No,0,0.7946375479036561,Yes,High Risk,Offer contract upgrade discount
9419-IPPBE,51,90.15,4554.85,Fiber optic,One year,No,2,0.27214968472469214,No,Normal Risk,Continue regular engagement
0174-QRVVY,71,25.35,1847.55,No,Two year,No,0,0.0021636781691765842,No,Normal Risk,Continue regular engagement
5699-BNCAS,71,24.65,1766.75,No,Two year,No,0,0.004401492316113143,No,Normal Risk,Continue regular engagement
2900-PHPLN,70,19.55,1462.05,No,Two year,No,0,0.0036757848445051144,No,Normal Risk,Continue regular engagement
0612-RTZZA,1,25.25,25.25,DSL,Month-to-month,Yes,0,0.7769528363119572,Yes,High Risk,Offer contract upgrade discount
8106-GWQOK,38,60.0,2193.2,DSL,Two year,No,5,0.04731333669687315,No,Normal Risk,Continue regular engagement
8751-EDEKA,28,89.9,2433.5,Fiber optic,Month-to-month,No,3,0.45107082871034304,No,Normal Risk,Continue regular engagement
6878-GGDWG,32,19.4,641.15,No,Month-to-month,No,0,0.19380673397348536,No,Normal Risk,Continue regular engagement
4039-PIMHX,49,49.8,2398.4,DSL,Two year,No,1,0.020731642660845786,No,Normal Risk,Continue regular engagement
8450-LUGUK,37,24.1,861.85,No,Two year,No,0,0.024228525538578686,No,Normal Risk,Continue regular engagement
3604-WLABM,10,54.25,583.0,DSL,Month-to-month,No,2,0.48576674778082424,No,Normal Risk,Continue regular engagement
0795-GMVQO,67,109.9,7332.4,Fiber optic,One year,No,5,0.11987429270695156,No,Normal Risk,Continue regular engagement
2259-OUUSZ,7,35.5,249.55,DSL,One year,No,2,0.19935817961236285,No,Normal Risk,Continue regular engagement
1142-IHLOO,51,87.55,4475.9,Fiber optic,One year,No,2,0.36107250731173585,No,Normal Risk,Continue regular engagement
6410-LEFEN,9,45.15,416.45,DSL,Month-to-month,Yes,0,0.7177778607157114,Yes,High Risk,Offer contract upgrade discount
4633-MKHYU,9,88.4,788.6,Fiber optic,Month-to-month,No,2,0.8472175955097041,Yes,High Risk,Offer contract upgrade discount
6257-RJOHI,4,50.8,202.3,DSL,Month-to-month,No,1,0.46003715103840254,No,Normal Risk,Continue regular engagement
1545-JFUML,71,99.0,6994.6,Fiber optic,Two year,No,4,0.07863653045878778,No,Normal Risk,Continue regular engagement
3194-ORPIK,50,84.4,4116.15,Fiber optic,Month-to-month,Yes,1,0.6112014074877601,Yes,Normal Risk,Continue regular engagement
7826-VVKWT,24,96.55,2263.45,Fiber optic,Two year,No,3,0.21690274256214637,No,Normal Risk,Continue regular engagement
1353-GHZOS,22,59.75,1374.35,DSL,One year,No,2,0.16578100988557226,No,Normal Risk,Continue regular engagement
2587-EKXTS,44,111.5,4915.15,Fiber optic,Month-to-month,No,5,0.5375089721079708,Yes,Normal Risk,Continue regular engagement
5442-BXVND,33,24.25,838.5,No,Month-to-month,No,0,0.11619858111994097,No,Normal Risk,Continue regular engagement
8816-VXNZD,1,75.1,75.1,Fiber optic,Month-to-month,Yes,0,0.8817946976897872,Yes,High Risk,Offer contract upgrade discount
9378-FXTIZ,54,70.15,3715.65,DSL,One year,Yes,2,0.13690341738907785,No,Normal Risk,Continue regular engagement
1723-HKXJQ,42,101.75,4273.45,Fiber optic,Month-to-month,Yes,3,0.7337687096752831,Yes,High Risk,Offer contract upgrade discount
7825-GKXMW,1,45.8,45.8,DSL,Month-to-month,Yes,0,0.7712376296174632,Yes,High Risk,Offer contract upgrade discount
9753-OYLBX,1,20.5,20.5,No,Month-to-month,No,0,0.4501606486256715,No,Normal Risk,Continue regular engagement
2364-UFROM,30,70.4,2044.75,DSL,One year,No,4,0.054945610696687755,No,Normal Risk,Continue regular engagement
6656-JWRQX,1,30.55,30.55,DSL,Month-to-month,No,1,0.6066525584176057,Yes,Normal Risk,Continue regular engagement
6473-ULUHT,16,84.9,1398.25,DSL,Month-to-month,No,5,0.09103066838082724,No,Normal Risk,Continue regular engagement
1240-KNSEZ,1,20.1,20.1,No,Month-to-month,Yes,0,0.39541073279469313,No,Normal Risk,Continue regular engagement
0836-SEYLU,9,40.65,328.95,DSL,Month-to-month,Yes,2,0.45001224840034,No,Normal Risk,Continue regular engagement
4433-JCGCG,46,101.0,4680.05,Fiber optic,Month-to-month,Yes,3,0.6406519176842143,Yes,Normal Risk,Continue regular engagement
3716-BDVDB,1,69.1,69.1,Fiber optic,Month-to-month,Yes,0,0.8457992148340788,Yes,High Risk,Offer contract upgrade discount
7688-AWMDX,71,54.5,3778.2,DSL,Two year,No,2,0.013603315283312049,No,Normal Risk,Continue regular engagement
2842-BCQGE,43,75.35,3161.4,Fiber optic,Month-to-month,No,0,0.48728232389797027,No,Normal Risk,Continue regular engagement
7244-QWYHG,50,44.45,2188.45,DSL,One year,No,3,0.05526627671971269,No,Normal Risk,Continue regular engagement
5899-MQZZL,13,75.0,999.45,Fiber optic,Month-to-month,Yes,0,0.6805315427858729,Yes,Normal Risk,Continue regular engagement
6849-OYAMU,19,100.0,1888.65,Fiber optic,One year,Yes,4,0.21581453659298447,No,Normal Risk,Continue regular engagement
5312-UXESG,41,98.05,3990.6,Fiber optic,Month-to-month,No,3,0.8045285248739131,Yes,High Risk,Offer contract upgrade discount
9488-HGMJH,1,71.15,71.15,Fiber optic,Month-to-month,Yes,0,0.8650215645555012,Yes,High Risk,Offer contract upgrade discount
6038-GCYEC,24,54.15,1240.25,DSL,Month-to-month,Yes,4,0.33467640594229525,No,Normal Risk,Continue regular engagement
2150-WLKUW,40,63.9,2635.0,DSL,One year,No,2,0.1954494533106838,No,Normal Risk,Continue regular engagement
7159-FVYPK,3,69.15,235.0,DSL,Month-to-month,No,3,0.5241448142032145,Yes,Normal Risk,Continue regular engagement
7032-LMBHI,37,64.65,2347.85,DSL,One year,No,2,0.19880986137285717,No,Normal Risk,Continue regular engagement
1150-WFARN,67,108.75,7156.2,Fiber optic,Two year,Yes,5,0.03966545563251214,No,Normal Risk,Continue regular engagement
6088-BXMRG,32,98.85,3089.6,Fiber optic,Month-to-month,No,3,0.5563710334219338,Yes,Normal Risk,Continue regular engagement
3144-AUDBS,6,49.15,270.8,DSL,Month-to-month,Yes,1,0.5231737740296272,Yes,Normal Risk,Continue regular engagement
4821-SJHJV,32,89.6,2901.8,Fiber optic,Month-to-month,No,2,0.41192907788688765,No,Normal Risk,Continue regular engagement
7346-MEDWM,59,83.25,4949.1,Fiber optic,Month-to-month,No,2,0.47283083601202214,No,Normal Risk,Continue regular engagement
1137-DGOWI,30,70.25,2198.9,DSL,One year,No,4,0.13264950050187252,No,Normal Risk,Continue regular engagement
5616-PRTNT,20,19.4,374.5,No,Month-to-month,Yes,0,0.11645560235242416,No,Normal Risk,Continue regular engagement
3812-LRZIR,27,24.5,761.95,No,Two year,No,0,0.024505907055206503,No,Normal Risk,Continue regular engagement
4818-QIUFN,20,79.15,1520.9,Fiber optic,Month-to-month,Yes,1,0.49907176446903445,No,Normal Risk,Continue regular engagement
9483-GCPWE,9,20.1,190.25,No,One year,No,0,0.08255487104672783,No,Normal Risk,Continue regular engagement
4227-OJHAL,68,73.0,5163.0,DSL,One year,No,4,0.013469889580779175,No,Normal Risk,Continue regular engagement
9220-CXRSC,69,61.4,4059.85,DSL,Two year,No,2,0.005193848495243722,No,Normal Risk,Continue regular engagement
4993-JCRGJ,26,84.3,2281.6,Fiber optic,Month-to-month,No,2,0.3859858906698608,No,Normal Risk,Continue regular engagement
9537-JALFH,69,19.9,1356.7,No,Two year,No,0,0.005094395018747657,No,Normal Risk,Continue regular engagement
6698-OXETB,11,20.4,231.45,No,Two year,No,0,0.08240549394443603,No,Normal Risk,Continue regular engagement
2103-ZRXFN,1,50.75,50.75,DSL,Month-to-month,No,0,0.6197837675596264,Yes,Normal Risk,Continue regular engagement
3724-BSCVH,10,20.45,242.4,No,One year,No,0,0.0654725898556231,No,Normal Risk,Continue regular engagement
4877-TSOFF,55,75.75,4264.25,DSL,One year,No,4,0.03814884985759969,No,Normal Risk,Continue regular engagement
9209-NWPGU,44,65.4,2774.55,DSL,One year,No,3,0.05764001930070355,No,Normal Risk,Continue regular engagement
6961-VCPMC,46,80.4,3605.2,Fiber optic,Month-to-month,Yes,1,0.5663062908892474,Yes,Normal Risk,Continue regular engagement
7306-YDSOI,69,59.75,4069.9,DSL,Two year,No,3,0.00997846459510132,No,Normal Risk,Continue regular engagement
5288-AHOUP,11,78.5,874.2,Fiber optic,Month-to-month,No,1,0.8059168842916339,Yes,High Risk,Offer contract upgrade discount
6688-UZPWD,11,102.0,1145.35,Fiber optic,Month-to-month,Yes,3,0.8510282614957274,Yes,High Risk,Offer contract upgrade discount
0655-YDGFJ,29,48.95,1323.7,DSL,Month-to-month,No,1,0.4089589339204296,No,Normal Risk,Continue regular engagement
8468-EHYJA,57,99.65,5497.05,Fiber optic,Month-to-month,No,3,0.5841002639136406,Yes,Normal Risk,Continue regular engagement
6823-SIDFQ,28,18.25,534.7,No,One year,No,0,0.034028311793054065,No,Normal Risk,Continue regular engagement
1097-FSPVW,42,54.55,2455.05,DSL,Month-to-month,No,2,0.127264281977281,No,Normal Risk,Continue regular engagement
2839-RFSQE,2,20.65,38.7,No,Month-to-month,Yes,0,0.44284038854803065,No,Normal Risk,Continue regular engagement
8328-SKJNO,23,40.65,947.4,DSL,One year,No,3,0.04407860357960498,No,Normal Risk,Continue regular engagement
7010-ZMVBF,18,20.45,357.0,No,Month-to-month,No,0,0.08777824142600779,No,Normal Risk,Continue regular engagement
5201-CBWYG,62,24.8,1476.25,No,One year,No,0,0.012187252827599556,No,Normal Risk,Continue regular engagement
0968-GSIKN,1,70.8,70.8,Fiber optic,Month-to-month,Yes,0,0.8410311708152206,Yes,High Risk,Offer contract upgrade discount
1965-DDBWU,16,89.05,1448.6,Fiber optic,Month-to-month,Yes,2,0.4550106862924323,No,Normal Risk,Continue regular engagement
9057-SIHCH,3,96.6,291.9,Fiber optic,Month-to-month,Yes,2,0.9189751500758837,Yes,High Risk,Offer contract upgrade discount
6352-GIGGQ,67,88.8,5903.15,DSL,One year,No,6,0.05505683181269602,No,Normal Risk,Continue regular engagement
3635-QQRQD,62,20.05,1201.65,No,Two year,No,0,0.0064203255982377755,No,Normal Risk,Continue regular engagement
6771-XWBDM,57,104.5,5921.35,Fiber optic,Month-to-month,Yes,4,0.4916141144504181,No,Normal Risk,Continue regular engagement
2897-DOVND,2,69.8,146.65,Fiber optic,Month-to-month,No,0,0.85028779543727,Yes,High Risk,Offer contract upgrade discount
3082-YVEKW,23,77.15,1759.4,DSL,Two year,No,4,0.04030176540998524,No,Normal Risk,Continue regular engagement
0191-EQUUH,25,35.05,844.45,DSL,Two year,No,2,0.04941036013475171,No,Normal Risk,Continue regular engagement
7134-HBPBS,72,108.1,7774.05,Fiber optic,Two year,No,5,0.2021569130873346,No,Normal Risk,Continue regular engagement
3489-HHPFY,2,84.05,134.05,Fiber optic,Month-to-month,No,1,0.8575673377592095,Yes,High Risk,Offer contract upgrade discount
2926-JEJJC,8,20.2,140.95,No,One year,No,0,0.3469003292474632,No,Normal Risk,Continue regular engagement
8601-QACRS,5,50.6,249.95,DSL,Month-to-month,Yes,0,0.6684175946559757,Yes,Normal Risk,Continue regular engagement
4950-BDEUX,35,49.2,1701.65,DSL,Month-to-month,No,3,0.44688643732517336,No,Normal Risk,Continue regular engagement
5789-LDFXO,24,24.6,592.65,No,One year,No,0,0.06690631403194346,No,Normal Risk,Continue regular engagement
0508-OOLTO,2,71.65,135.75,Fiber optic,Month-to-month,No,0,0.7847089028533576,Yes,High Risk,Offer contract upgrade discount
2984-TBYKU,72,104.9,7732.65,Fiber optic,Two year,No,5,0.019123146446652247,No,Normal Risk,Continue regular engagement
9822-WMWVG,41,106.5,4282.4,Fiber optic,Month-to-month,No,5,0.36568635928368426,No,Normal Risk,Continue regular engagement
2391-SOORI,4,49.35,219.65,DSL,Month-to-month,Yes,1,0.36375039202322546,No,Normal Risk,Continue regular engagement
9040-KZVWO,26,75.5,2018.1,Fiber optic,One year,No,1,0.4511003744960899,No,Normal Risk,Continue regular engagement
2645-QTLMB,7,94.25,669.0,Fiber optic,Month-to-month,Yes,3,0.8259652483081684,Yes,High Risk,Offer contract upgrade discount
4806-HIPDW,1,68.95,68.95,Fiber optic,Month-to-month,Yes,0,0.8464181405482812,Yes,High Risk,Offer contract upgrade discount
1548-ARAGG,4,58.5,224.85,DSL,Month-to-month,No,2,0.20487480512242182,No,Normal Risk,Continue regular engagement
6339-RZCBJ,48,78.9,3771.5,DSL,Two year,No,5,0.02707751156257596,No,Normal Risk,Continue regular engagement
4424-TKOPW,2,93.85,196.75,Fiber optic,Month-to-month,Yes,2,0.8468447986934265,Yes,High Risk,Offer contract upgrade discount
4415-WNGVR,12,79.2,943.85,DSL,One year,No,5,0.13246322993791315,No,Normal Risk,Continue regular engagement
2522-AHJXR,60,109.45,6572.85,Fiber optic,Month-to-month,No,5,0.44900522386423225,No,Normal Risk,Continue regular engagement
0412-UCCNP,55,59.2,3175.85,DSL,Two year,No,3,0.015976695518900005,No,Normal Risk,Continue regular engagement
1816-FLZDK,1,29.15,29.15,DSL,Month-to-month,No,1,0.5162053181164266,Yes,Normal Risk,Continue regular engagement
7096-UCLNH,1,20.05,20.05,No,Month-to-month,No,0,0.377957812656399,No,Normal Risk,Continue regular engagement
8443-ZRDBZ,4,76.05,318.9,Fiber optic,Month-to-month,Yes,0,0.8543426218314828,Yes,High Risk,Offer contract upgrade discount
9136-ALYBR,1,24.45,24.45,DSL,Month-to-month,Yes,0,0.695927513809146,Yes,Normal Risk,Continue regular engagement
4615-PIVVU,42,66.5,2762.75,DSL,Two year,No,3,0.04952637255080623,No,Normal Risk,Continue regular engagement
8885-QSQBX,1,49.55,49.55,DSL,Month-to-month,No,1,0.6844260936958322,Yes,Normal Risk,Continue regular engagement
7479-NITWS,7,89.35,631.85,Fiber optic,Month-to-month,Yes,2,0.714670261465107,Yes,High Risk,Offer contract upgrade discount
8617-ENBDS,3,73.6,232.5,Fiber optic,Month-to-month,No,1,0.6879769629531838,Yes,Normal Risk,Continue regular engagement
9385-NXKDA,72,82.65,5919.35,DSL,Two year,No,5,0.018538931056312807,No,Normal Risk,Continue regular engagement
0430-IHCDJ,15,49.0,749.25,DSL,Month-to-month,No,0,0.4625377026234256,No,Normal Risk,Continue regular engagement
2959-MJHIC,4,80.35,307.4,Fiber optic,Month-to-month,Yes,1,0.8366294044424301,Yes,High Risk,Offer contract upgrade discount
6674-KVJHG,11,25.2,245.15,No,One year,No,0,0.22699486764233182,No,Normal Risk,Continue regular engagement
1814-DKOLC,5,25.45,134.75,No,Month-to-month,No,0,0.4054342765554999,No,Normal Risk,Continue regular engagement
4201-JMNGR,1,55.8,55.8,DSL,Month-to-month,Yes,2,0.5048850233345273,Yes,Normal Risk,Continue regular engagement
9351-HXDMR,72,110.9,8240.85,Fiber optic,Two year,No,5,0.07559645745084045,No,Normal Risk,Continue regular engagement
3537-HPKQT,55,77.75,4266.4,Fiber optic,Month-to-month,No,1,0.3137823741501295,No,Normal Risk,Continue regular engagement
2129-ALKBS,40,26.2,1077.5,No,Month-to-month,No,0,0.07998367563484023,No,Normal Risk,Continue regular engagement
5821-MMEIL,57,19.9,1115.6,No,Two year,No,0,0.019076422382016445,No,Normal Risk,Continue regular engagement
5960-WPXQM,1,79.05,79.05,Fiber optic,Month-to-month,Yes,1,0.8627722189916176,Yes,High Risk,Offer contract upgrade discount
0684-AOSIH,1,95.0,95.0,Fiber optic,Month-to-month,Yes,3,0.7518014062562346,Yes,High Risk,Offer contract upgrade discount
8260-NGFNY,1,25.2,25.2,DSL,Month-to-month,Yes,0,0.7462007026862313,Yes,High Risk,Offer contract upgrade discount
1309-XGFSN,52,80.85,4079.55,DSL,One year,No,4,0.05802263428472548,No,Normal Risk,Continue regular engagement
1866-RZZQS,41,98.4,4187.75,Fiber optic,Month-to-month,Yes,3,0.6630603236688206,Yes,Normal Risk,Continue regular engagement
6968-URWQU,43,56.35,2391.15,DSL,One year,No,1,0.1164941033500204,No,Normal Risk,Continue regular engagement
4742-TXUEX,47,19.3,890.5,No,Two year,No,0,0.014978046365338293,No,Normal Risk,Continue regular engagement
9631-XEYKE,3,50.4,137.25,DSL,Month-to-month,No,0,0.771380124671525,Yes,High Risk,Offer contract upgrade discount
8631-NBHFZ,66,79.4,5154.6,DSL,Two year,Yes,5,0.0027248699706093537,No,Normal Risk,Continue regular engagement
1335-MXCSE,55,55.25,3119.9,DSL,Two year,No,2,0.00864682426455838,No,Normal Risk,Continue regular engagement
8873-TMKGR,29,19.1,529.5,No,One year,No,0,0.039690212308971955,No,Normal Risk,Continue regular engagement
8800-JOOCF,12,84.05,966.55,Fiber optic,Month-to-month,No,1,0.7875552475303723,Yes,High Risk,Offer contract upgrade discount
1469-LBJQJ,66,105.2,6936.85,Fiber optic,Month-to-month,No,4,0.6389940240484175,Yes,Normal Risk,Continue regular engagement
4958-XCBDQ,35,101.4,3496.3,Fiber optic,Month-to-month,Yes,3,0.7121098924083485,Yes,High Risk,Offer contract upgrade discount
8337-UPOAQ,10,89.8,914.3,Fiber optic,Month-to-month,Yes,2,0.7370012699907326,Yes,High Risk,Offer contract upgrade discount
0064-YIJGF,27,75.75,1929.0,Fiber optic,Month-to-month,No,0,0.5913268309188896,Yes,Normal Risk,Continue regular engagement
2386-OWURY,58,95.3,5817.7,Fiber optic,Month-to-month,No,3,0.6935740501158859,Yes,Normal Risk,Continue regular engagement
1725-IQNIY,54,109.75,6110.2,Fiber optic,Two year,Yes,6,0.11017919984545031,No,Normal Risk,Continue regular engagement
0310-VQXAM,9,19.85,178.8,No,Month-to-month,No,0,0.3030584119786448,No,Normal Risk,Continue regular engagement
6598-RFFVI,2,19.3,28.3,No,One year,Yes,0,0.14768525733593843,No,Normal Risk,Continue regular engagement
3453-RTHJQ,6,69.1,435.0,Fiber optic,Month-to-month,No,0,0.8334222584294058,Yes,High Risk,Offer contract upgrade discount
6712-OAWRH,26,91.25,2351.8,Fiber optic,Month-to-month,Yes,2,0.8072655606410121,Yes,High Risk,Offer contract upgrade discount
6278-FEPBZ,9,20.25,186.15,No,Month-to-month,No,0,0.36924564196696863,No,Normal Risk,Continue regular engagement
4280-DLSHD,8,54.75,445.85,DSL,Month-to-month,No,2,0.35321455594472817,No,Normal Risk,Continue regular engagement
1508-DFXCU,12,81.45,912.0,Fiber optic,Month-to-month,No,1,0.8610405914143437,Yes,High Risk,Offer contract upgrade discount
8614-VGMMV,15,49.1,679.55,DSL,Month-to-month,Yes,0,0.5234697333212289,Yes,Normal Risk,Continue regular engagement
7868-BGSZA,43,80.2,3581.6,DSL,One year,No,4,0.1127075766778879,No,Normal Risk,Continue regular engagement
2800-QQUSO,42,100.3,4222.95,Fiber optic,Month-to-month,No,3,0.6550274470782631,Yes,Normal Risk,Continue regular engagement
2930-UOTMB,31,65.25,1994.3,DSL,Month-to-month,Yes,3,0.09632643648399855,No,Normal Risk,Continue regular engagement
7973-DZRKH,66,90.95,5930.05,Fiber optic,Two year,No,3,0.028159389173397532,No,Normal Risk,Continue regular engagement
5914-DVBWJ,18,85.45,1505.85,Fiber optic,Month-to-month,Yes,2,0.45499711206989796,No,Normal Risk,Continue regular engagement
7698-YFGEZ,1,20.0,20.0,No,Month-to-month,No,0,0.3770893628732111,No,Normal Risk,Continue regular engagement
2533-QVMSK,61,94.1,5638.3,Fiber optic,Two year,Yes,3,0.10094356064052662,No,Normal Risk,Continue regular engagement
9773-PEQBZ,10,79.85,797.25,Fiber optic,Month-to-month,No,1,0.7481990825707514,Yes,High Risk,Offer contract upgrade discount
8644-XLFBW,1,71.65,71.65,Fiber optic,Month-to-month,Yes,0,0.8361218181709684,Yes,High Risk,Offer contract upgrade discount
0650-BWOZN,18,73.55,1359.45,Fiber optic,Month-to-month,No,1,0.5810347702902541,Yes,Normal Risk,Continue regular engagement
8625-AZYZY,24,104.65,2542.45,Fiber optic,Month-to-month,Yes,4,0.588680108195547,Yes,Normal Risk,Continue regular engagement
7785-RDVIG,3,19.3,54.7,No,Month-to-month,No,0,0.2296182057696984,No,Normal Risk,Continue regular engagement
9602-WCXPI,50,20.15,989.05,No,One year,No,0,0.0166481855826706,No,Normal Risk,Continue regular engagement
2903-YYTBW,1,44.55,44.55,DSL,Month-to-month,No,0,0.5044810722166748,Yes,Normal Risk,Continue regular engagement
3620-MWJNE,2,54.45,87.3,DSL,Month-to-month,No,2,0.2792382642827896,No,Normal Risk,Continue regular engagement
8573-JGCZW,17,19.65,351.55,No,One year,No,0,0.12985590260148144,No,Normal Risk,Continue regular engagement
6837-HAEVO,69,105.0,7297.75,Fiber optic,Two year,No,4,0.1369826401889409,No,Normal Risk,Continue regular engagement
6701-YVNQG,72,88.7,6301.7,DSL,Two year,No,6,0.009237258228005195,No,Normal Risk,Continue regular engagement
9306-CPCBC,3,74.25,210.3,Fiber optic,Month-to-month,Yes,0,0.870541963595909,Yes,High Risk,Offer contract upgrade discount
4304-XUMGI,50,75.15,3822.45,DSL,Two year,No,4,0.020448804246060562,No,Normal Risk,Continue regular engagement
9504-YAZWB,53,20.25,1048.45,No,Two year,No,0,0.013195896091581253,No,Normal Risk,Continue regular engagement
8819-ZBYNA,58,109.1,6393.65,Fiber optic,Two year,No,5,0.06890748661037513,No,Normal Risk,Continue regular engagement
6174-NRBTZ,46,30.75,1489.3,DSL,One year,No,1,0.11424454844985392,No,Normal Risk,Continue regular engagement
9481-IEBZY,72,112.9,8061.5,Fiber optic,Month-to-month,No,6,0.125410698970248,No,Normal Risk,Continue regular engagement
1833-VGRUM,1,74.2,74.2,Fiber optic,Month-to-month,Yes,0,0.8431914730309406,Yes,High Risk,Offer contract upgrade discount
6137-NICCO,6,94.05,518.75,Fiber optic,Month-to-month,No,3,0.5107931711480772,Yes,Normal Risk,Continue regular engagement
9065-ZCPQX,72,78.85,5763.15,DSL,Two year,No,5,0.01588142662483079,No,Normal Risk,Continue regular engagement
6402-EJMWF,4,55.3,238.5,DSL,Month-to-month,No,1,0.6618683603097729,Yes,Normal Risk,Continue regular engagement
3620-EHIMZ,52,19.35,1031.7,No,Two year,No,0,0.005599052585489298,No,Normal Risk,Continue regular engagement
3213-VVOLG,0,25.35,,No,Two year,No,0,0.05453979420764437,No,Normal Risk,Continue regular engagement
6870-ECSHE,2,20.45,34.8,No,One year,No,0,0.22212322760951872,No,Normal Risk,Continue regular engagement
8747-UDCOI,65,19.35,1319.95,No,Two year,No,0,0.013628640343893949,No,Normal Risk,Continue regular engagement
8374-XGEJJ,43,101.0,4388.4,Fiber optic,Month-to-month,Yes,3,0.6099891812680136,Yes,Normal Risk,Continue regular engagement
2656-TABEH,4,100.2,420.2,Fiber optic,Month-to-month,Yes,3,0.8002694795759853,Yes,High Risk,Offer contract upgrade discount
6946-LMSQS,25,89.05,2177.45,Fiber optic,One year,Yes,2,0.23483817437314725,No,Normal Risk,Continue regular engagement
4626-OZDTJ,51,78.65,3950.85,DSL,One year,No,4,0.056635020771441315,No,Normal Risk,Continue regular engagement
9169-BSVIN,12,74.75,827.05,DSL,Month-to-month,No,3,0.7430425361376343,Yes,High Risk,Offer contract upgrade discount
2325-ZUSFD,57,70.1,3913.3,DSL,One year,Yes,3,0.09594003218632155,No,Normal Risk,Continue regular engagement
8194-PEEBY,24,19.9,533.5,No,One year,No,0,0.026453772543605168,No,Normal Risk,Continue regular engagement
6872-HXFNF,64,58.35,3756.45,DSL,One year,No,2,0.056996829704178305,No,Normal Risk,Continue regular engagement
3932-CMDTD,4,105.65,443.9,Fiber optic,One year,Yes,5,0.5067464566045152,Yes,Normal Risk,Continue regular engagement
7714-YXSMB,26,100.5,2599.95,Fiber optic,Month-to-month,No,3,0.8608166735780012,Yes,High Risk,Offer contract upgrade discount
8387-UGUSU,15,20.05,284.3,No,Month-to-month,No,0,0.09484525417536281,No,Normal Risk,Continue regular engagement
1080-BWSYE,64,25.65,1740.8,No,Two year,No,0,0.004116043819401702,No,Normal Risk,Continue regular engagement
4039-HEUNW,36,96.5,3436.1,Fiber optic,Month-to-month,Yes,3,0.5167638175765893,Yes,Normal Risk,Continue regular engagement
1194-HVAIF,27,95.0,2462.55,Fiber optic,Month-to-month,No,2,0.6618654516351001,Yes,Normal Risk,Continue regular engagement
0812-WUPTB,1,70.85,70.85,Fiber optic,Month-to-month,Yes,0,0.6952574456832691,Yes,Normal Risk,Continue regular engagement
3594-UVONA,35,85.95,3110.1,DSL,One year,Yes,5,0.07254972213484612,No,Normal Risk,Continue regular engagement
0004-TLHLJ,4,73.9,280.85,Fiber optic,Month-to-month,Yes,1,0.7955022214361981,Yes,High Risk,Offer contract upgrade discount
1767-TGTKO,8,45.45,411.75,DSL,Month-to-month,No,0,0.557612722105164,Yes,Normal Risk,Continue regular engagement
8439-LTUGF,10,20.0,198.6,No,Month-to-month,No,0,0.2810471819487154,No,Normal Risk,Continue regular engagement
8805-JNRAZ,2,49.2,103.7,DSL,Month-to-month,No,1,0.5545169589030674,Yes,Normal Risk,Continue regular engagement
5089-IFSDP,58,109.45,6144.55,Fiber optic,Two year,Yes,5,0.21172574563670926,No,Normal Risk,Continue regular engagement
6418-HNFED,51,83.25,4089.45,DSL,Two year,No,6,0.010331217897661248,No,Normal Risk,Continue regular engagement
0206-OYVOC,46,19.25,864.2,No,Two year,No,0,0.007415722680945366,No,Normal Risk,Continue regular engagement
7291-CDTMJ,1,19.65,19.65,No,Month-to-month,No,0,0.5881553195690132,Yes,Normal Risk,Continue regular engagement
7128-GGCNO,46,72.8,3249.4,Fiber optic,Month-to-month,No,0,0.6329776270337228,Yes,Normal Risk,Continue regular engagement
0237-YFUTL,50,109.65,5405.8,Fiber optic,Month-to-month,No,5,0.4814453705178322,No,Normal Risk,Continue regular engagement
7691-KGKGP,53,65.0,3363.8,DSL,Month-to-month,No,3,0.042568823601924884,No,Normal Risk,Continue regular engagement
6710-HSJRD,61,114.1,7132.15,Fiber optic,Month-to-month,No,5,0.5594135217252239,Yes,Normal Risk,Continue regular engagement
3675-EQOZA,5,20.65,93.55,No,Month-to-month,No,0,0.5492904130796054,Yes,Normal Risk,Continue regular engagement
0840-DCNZE,47,86.95,4138.9,DSL,One year,No,6,0.08852633522183692,No,Normal Risk,Continue regular engagement
1732-FEKLD,54,94.75,5121.75,Fiber optic,One year,No,3,0.4570277050054629,No,Normal Risk,Continue regular engagement
9862-KJTYK,19,25.35,566.1,DSL,Month-to-month,No,0,0.24851853649382682,No,Normal Risk,Continue regular engagement
0479-HMSWA,26,105.45,2715.3,Fiber optic,Two year,No,5,0.1514058944749429,No,Normal Risk,Continue regular engagement
5854-KSRBJ,70,25.4,1782.05,No,Two year,No,0,0.002570256439730593,No,Normal Risk,Continue regular engagement
0365-BZUWY,17,102.55,1742.5,Fiber optic,Month-to-month,No,4,0.5538933149633263,Yes,Normal Risk,Continue regular engagement
4817-VYYWS,30,100.2,2983.8,Fiber optic,Month-to-month,Yes,3,0.7718759512765005,Yes,High Risk,Offer contract upgrade discount
5701-SVCWR,1,24.0,24.0,No,Month-to-month,No,0,0.2822791222026723,No,Normal Risk,Continue regular engagement
3129-AAQOU,19,25.6,485.9,No,Two year,No,0,0.019795892707256985,No,Normal Risk,Continue regular engagement
4922-CVPDX,26,73.5,1905.7,DSL,Two year,No,4,0.07234763474421228,No,Normal Risk,Continue regular engagement
1396-QWFBJ,21,74.05,1565.7,Fiber optic,Month-to-month,Yes,1,0.5278586003829073,Yes,Normal Risk,Continue regular engagement
1357-BIJKI,50,98.25,4858.7,Fiber optic,One year,No,3,0.3436312139282699,No,Normal Risk,Continue regular engagement
1099-BTKWT,68,54.4,3723.65,DSL,One year,No,4,0.06758168060606144,No,Normal Risk,Continue regular engagement
5299-SJCZT,3,101.55,298.35,Fiber optic,Month-to-month,Yes,3,0.907159867333572,Yes,High Risk,Offer contract upgrade discount
2018-PZKMU,9,103.1,970.45,Fiber optic,Month-to-month,No,4,0.6082979571023296,Yes,Normal Risk,Continue regular engagement
7340-KEFQE,51,34.2,1782.0,DSL,Two year,No,2,0.0157143755505294,No,Normal Risk,Continue regular engagement
4570-QHXHL,9,43.75,405.7,DSL,Month-to-month,No,0,0.7101496546994892,Yes,High Risk,Offer contract upgrade discount
2403-BCASL,41,111.95,4534.9,Fiber optic,One year,Yes,5,0.13358799697300897,No,Normal Risk,Continue regular engagement
7392-YYPYJ,22,100.65,2415.95,Fiber optic,Month-to-month,No,3,0.7303751617504465,Yes,High Risk,Offer contract upgrade discount
2898-LSJGD,21,55.95,1157.05,DSL,One year,Yes,4,0.11623492783133232,No,Normal Risk,Continue regular engagement
2223-GDSHL,71,116.05,8297.5,Fiber optic,Two year,No,6,0.07737558808177378,No,Normal Risk,Continue regular engagement
7359-PTSXY,1,45.75,45.75,DSL,Month-to-month,Yes,0,0.7204456740240179,Yes,High Risk,Offer contract upgrade discount
9470-RTWDV,26,82.0,2083.1,DSL,One year,No,4,0.056183182699420416,No,Normal Risk,Continue regular engagement
2176-OSJUV,71,65.15,4681.75,DSL,Two year,No,3,0.01298292985455949,No,Normal Risk,Continue regular engagement
9348-YVOMK,4,44.8,176.2,DSL,Month-to-month,No,0,0.5698860482381249,Yes,Normal Risk,Continue regular engagement
8104-OSKWT,12,79.8,1001.2,Fiber optic,Month-to-month,No,1,0.7494984073299782,Yes,High Risk,Offer contract upgrade discount
4521-YEEHE,18,88.85,1594.75,Fiber optic,Month-to-month,No,2,0.5776769113782625,Yes,Normal Risk,Continue regular engagement
4090-KPJIP,3,74.95,212.4,Fiber optic,Month-to-month,No,0,0.8763232238599392,Yes,High Risk,Offer contract upgrade discount
3786-WOVKF,72,106.85,7677.4,Fiber optic,One year,No,4,0.344241954249508,No,Normal Risk,Continue regular engagement
4503-BDXBD,11,74.95,815.5,Fiber optic,Month-to-month,Yes,1,0.7482166238993692,Yes,High Risk,Offer contract upgrade discount
6086-ESGRL,1,80.15,80.15,Fiber optic,Month-to-month,Yes,1,0.8299727073993701,Yes,High Risk,Offer contract upgrade discount
2592-HODOV,13,19.3,259.65,No,One year,No,0,0.05707232782234633,No,Normal Risk,Continue regular engagement
3886-CERTZ,72,109.25,8109.8,Fiber optic,One year,Yes,5,0.2704033565162438,No,Normal Risk,Continue regular engagement
7995-ZHHNZ,42,56.1,2386.85,DSL,One year,No,1,0.042156919351936877,No,Normal Risk,Continue regular engagement
3824-RHKVR,17,19.7,340.35,No,Month-to-month,No,0,0.15945364305522555,No,Normal Risk,Continue regular engagement
5816-SCGFC,7,51.3,419.35,DSL,Month-to-month,No,1,0.5175098233524931,Yes,Normal Risk,Continue regular engagement
5989-AXPUC,68,118.6,7990.05,Fiber optic,Two year,No,6,0.0911421522894869,No,Normal Risk,Continue regular engagement
4979-HPRFL,56,24.15,1402.25,No,Two year,No,0,0.008833077280861312,No,Normal Risk,Continue regular engagement
8590-OHDIW,38,20.3,749.35,No,One year,No,0,0.017702552819163112,No,Normal Risk,Continue regular engagement
8015-IHCGW,72,115.5,8425.15,Fiber optic,Two year,No,6,0.06673838480290241,No,Normal Risk,Continue regular engagement
2332-TODQS,48,25.05,1171.5,No,One year,No,0,0.024493397134036796,No,Normal Risk,Continue regular engagement
9278-VZKCD,52,109.1,5647.95,Fiber optic,Month-to-month,No,5,0.41130652781057764,No,Normal Risk,Continue regular engagement
8008-OTEZX,35,19.65,708.8,No,One year,No,0,0.01914587163759444,No,Normal Risk,Continue regular engagement
2773-OVBPK,67,111.3,7567.2,Fiber optic,Two year,No,5,0.22539240521619272,No,Normal Risk,Continue regular engagement
5999-LCXAO,1,29.9,29.9,DSL,Month-to-month,No,1,0.5793267438961401,Yes,Normal Risk,Continue regular engagement
5206-XZZQI,53,80.6,4348.1,Fiber optic,Month-to-month,No,2,0.2784781867625852,No,Normal Risk,Continue regular engagement
4803-LBYPN,34,20.8,635.9,No,Month-to-month,No,0,0.04348700727863874,No,Normal Risk,Continue regular engagement
5759-RCVCB,3,35.2,108.95,DSL,Month-to-month,Yes,1,0.7320455214431983,Yes,High Risk,Offer contract upgrade discount
6372-RFVNS,1,78.8,78.8,Fiber optic,Month-to-month,Yes,1,0.8539551959058369,Yes,High Risk,Offer contract upgrade discount
2139-FQHLM,19,89.95,1682.4,Fiber optic,Month-to-month,No,3,0.40900210419196303,No,Normal Risk,Continue regular engagement
8261-GWDBQ,60,116.05,6925.9,Fiber optic,Two year,No,6,0.1289138745230902,No,Normal Risk,Continue regular engagement
1093-YSWCA,11,19.55,223.15,No,Two year,No,0,0.06764922590406608,No,Normal Risk,Continue regular engagement
8938-UMKPI,47,106.4,5127.95,Fiber optic,Month-to-month,Yes,4,0.7480625263194759,Yes,High Risk,Offer contract upgrade discount
0991-BRRFB,18,49.4,874.8,DSL,Month-to-month,Yes,1,0.2711542806054484,No,Normal Risk,Continue regular engagement
3882-IYOIJ,60,115.25,6758.45,Fiber optic,Two year,No,6,0.03233123766803496,No,Normal Risk,Continue regular engagement
8749-TZYEC,72,24.8,1874.3,No,Two year,No,0,0.0036099619499836296,No,Normal Risk,Continue regular engagement
1755-FZQEC,39,19.9,791.15,No,One year,No,0,0.02926762779821909,No,Normal Risk,Continue regular engagement
3115-JPJDD,59,81.25,4639.45,Fiber optic,One year,No,2,0.10700606582664718,No,Normal Risk,Continue regular engagement
5600-KTXFM,2,69.95,143.9,Fiber optic,Month-to-month,No,0,0.6011150891427866,Yes,Normal Risk,Continue regular engagement
3871-IKPYH,1,69.1,69.1,Fiber optic,Month-to-month,Yes,0,0.7975857351221667,Yes,High Risk,Offer contract upgrade discount
6319-IEJWJ,20,90.2,1776.55,Fiber optic,Month-to-month,Yes,2,0.6038280169400637,Yes,Normal Risk,Continue regular engagement
9025-AOMKI,6,93.55,536.4,Fiber optic,Month-to-month,Yes,2,0.9273566405643041,Yes,High Risk,Offer contract upgrade discount
6339-TBELP,71,86.4,6172.0,Fiber optic,Two year,No,2,0.070041017683893,No,Normal Risk,Continue regular engagement
7964-YESJC,24,66.3,1559.45,DSL,Month-to-month,No,3,0.11895704669764388,No,Normal Risk,Continue regular engagement
6173-GOLSU,67,94.65,6079.0,Fiber optic,Month-to-month,No,2,0.43375225780610127,No,Normal Risk,Continue regular engagement
5275-SQEIZ,1,80.85,80.85,Fiber optic,Month-to-month,Yes,1,0.8305545726841311,Yes,High Risk,Offer contract upgrade discount
7716-YTYHG,48,82.05,4029.95,Fiber optic,One year,Yes,1,0.1921390984364266,No,Normal Risk,Continue regular engagement
9938-ZREHM,37,72.1,2658.4,DSL,One year,No,3,0.07807140192744012,No,Normal Risk,Continue regular engagement
7950-XWOVN,11,34.7,383.55,DSL,Month-to-month,No,2,0.43624883903617134,No,Normal Risk,Continue regular engagement
4390-KYULV,3,20.55,51.15,No,Month-to-month,Yes,0,0.2949341417536091,No,Normal Risk,Continue regular engagement
4647-MUZON,18,95.95,1745.5,Fiber optic,Month-to-month,No,3,0.6390425819958606,Yes,Normal Risk,Continue regular engagement
9702-AIUJO,50,44.8,2230.85,DSL,One year,No,0,0.07915842761441798,No,Normal Risk,Continue regular engagement
8849-PRIQJ,67,109.4,7281.6,Fiber optic,One year,No,5,0.12147853869667355,No,Normal Risk,Continue regular engagement
8851-RAGOV,25,71.05,1837.7,DSL,Month-to-month,No,4,0.12678463634850026,No,Normal Risk,Continue regular engagement
1304-NECVQ,2,78.55,149.55,Fiber optic,Month-to-month,Yes,1,0.793522792181584,Yes,High Risk,Offer contract upgrade discount
5396-IZEPB,9,19.7,180.7,No,Month-to-month,No,0,0.2708207498759469,No,Normal Risk,Continue regular engagement
1729-VLAZJ,10,40.25,411.45,DSL,One year,No,3,0.06717788903238468,No,Normal Risk,Continue regular engagement
8285-ABVLB,70,19.85,1328.35,No,Two year,No,0,0.004305976107373699,No,Normal Risk,Continue regular engagement
0701-TJSEF,9,68.25,576.95,DSL,Month-to-month,No,4,0.3893974113095793,No,Normal Risk,Continue regular engagement
5712-VBOXD,4,20.15,68.45,No,Month-to-month,No,0,0.3946267719883842,No,Normal Risk,Continue regular engagement
6629-LADHQ,2,50.95,123.05,DSL,Month-to-month,No,1,0.5111499348156935,Yes,Normal Risk,Continue regular engagement
8945-GRKHX,1,78.65,78.65,Fiber optic,Month-to-month,Yes,1,0.8111873216535784,Yes,High Risk,Offer contract upgrade discount
1559-DTODC,19,25.15,468.35,DSL,Month-to-month,No,0,0.596718077975325,Yes,Normal Risk,Continue regular engagement
4797-MIWUM,7,20.25,174.7,No,Month-to-month,No,0,0.3396339286920839,No,Normal Risk,Continue regular engagement
6959-UWKHF,1,42.9,42.9,DSL,Month-to-month,Yes,0,0.6912422020664298,Yes,Normal Risk,Continue regular engagement
8720-RQSBJ,1,44.0,44.0,DSL,Month-to-month,No,0,0.6356380316108582,Yes,Normal Risk,Continue regular engagement
4537-CIBHB,9,20.25,172.35,No,One year,No,0,0.08405307198011024,No,Normal Risk,Continue regular engagement
3815-SLMEF,3,34.25,139.35,DSL,Month-to-month,Yes,2,0.3887497670939229,No,Normal Risk,Continue regular engagement
5154-VEKBL,9,58.5,539.85,DSL,Month-to-month,Yes,5,0.3572614074595817,No,Normal Risk,Continue regular engagement
4324-AHJKS,5,55.8,300.4,DSL,Month-to-month,No,2,0.38777301996339775,No,Normal Risk,Continue regular engagement
4355-CVPVS,56,88.9,4968.0,Fiber optic,One year,No,2,0.4035401087077527,No,Normal Risk,Continue regular engagement
4495-LHSSK,18,57.65,992.7,DSL,Month-to-month,No,1,0.18418809625667684,No,Normal Risk,Continue regular engagement
5655-JSMZM,49,96.2,4718.25,Fiber optic,Month-to-month,Yes,2,0.7279026233286726,Yes,High Risk,Offer contract upgrade discount
5915-ANOEI,70,79.15,5536.5,DSL,Two year,No,5,0.0069695563700901825,No,Normal Risk,Continue regular engagement
9861-PDSZP,72,108.05,7806.6,Fiber optic,Two year,No,5,0.11262772149415892,No,Normal Risk,Continue regular engagement
4505-EXZHB,6,74.4,434.1,Fiber optic,Month-to-month,Yes,1,0.7850546949150853,Yes,High Risk,Offer contract upgrade discount
7225-CBZPL,17,94.8,1563.9,Fiber optic,Month-to-month,No,2,0.6784661082152965,Yes,Normal Risk,Continue regular engagement
6704-UTUKK,29,45.9,1332.4,DSL,Month-to-month,No,2,0.5353647413973861,Yes,Normal Risk,Continue regular engagement
4587-VVTOX,6,105.3,545.2,Fiber optic,Month-to-month,Yes,4,0.7931898545684234,Yes,High Risk,Offer contract upgrade discount
2019-HDCZY,63,102.6,6296.75,Fiber optic,Two year,No,3,0.30617442060630073,No,Normal Risk,Continue regular engagement
4652-NNHNY,16,73.85,1284.2,Fiber optic,Month-to-month,Yes,0,0.7197242761340692,Yes,High Risk,Offer contract upgrade discount
8788-DOXSU,59,61.35,3645.5,DSL,One year,No,2,0.1901490887909187,No,Normal Risk,Continue regular engagement
7404-JLKQG,3,57.55,161.45,DSL,Month-to-month,No,2,0.688421549823522,Yes,Normal Risk,Continue regular engagement
7421-ZLUPA,8,29.25,226.95,DSL,Month-to-month,No,1,0.5978719575581805,Yes,Normal Risk,Continue regular engagement
8972-HJWNV,7,84.55,646.85,Fiber optic,Month-to-month,Yes,1,0.8296809845599978,Yes,High Risk,Offer contract upgrade discount
3274-NSDWE,68,19.6,1441.65,No,Two year,No,0,0.006238149307141243,No,Normal Risk,Continue regular engagement
2632-IVXVF,68,111.75,7511.3,Fiber optic,Two year,No,5,0.050189745304873246,No,Normal Risk,Continue regular engagement
3692-JHONH,52,106.5,5621.85,Fiber optic,One year,No,4,0.3865493295225389,No,Normal Risk,Continue regular engagement
8915-NNTRC,72,107.7,7919.8,Fiber optic,Two year,No,5,0.026165926685678687,No,Normal Risk,Continue regular engagement
5914-GXMDA,32,19.3,593.2,No,One year,No,0,0.03647869761453866,No,Normal Risk,Continue regular engagement
7463-IFMQU,72,20.05,1423.65,No,Two year,No,0,0.010723611625647103,No,Normal Risk,Continue regular engagement
2920-RNCEZ,1,69.95,69.95,Fiber optic,Month-to-month,No,0,0.5867793796684106,Yes,Normal Risk,Continue regular engagement
2541-YGPKE,42,63.7,2763.35,DSL,One year,No,3,0.014816211557159271,No,Normal Risk,Continue regular engagement
8515-OCTJS,25,24.75,692.1,No,Two year,Yes,0,0.034490451735902025,No,Normal Risk,Continue regular engagement
5382-TEMLV,45,50.9,2298.55,DSL,Month-to-month,No,1,0.26966466823057206,No,Normal Risk,Continue regular engagement
3441-CGZJH,43,60.4,2640.55,DSL,One year,No,5,0.025901771228923235,No,Normal Risk,Continue regular engagement
9592-ERDKV,37,79.25,2911.8,DSL,One year,No,4,0.0683144260009952,No,Normal Risk,Continue regular engagement
2860-RANUS,20,85.8,1727.5,Fiber optic,Month-to-month,Yes,1,0.6332566832406834,Yes,Normal Risk,Continue regular engagement
5261-QSHQM,4,24.45,86.6,DSL,Month-to-month,Yes,0,0.8023009478115196,Yes,High Risk,Offer contract upgrade discount
4778-IZARL,63,110.1,6705.7,Fiber optic,Two year,No,6,0.041249306805064646,No,Normal Risk,Continue regular engagement
0432-CAJZV,3,90.7,237.65,Fiber optic,Month-to-month,No,2,0.8337176861641484,Yes,High Risk,Offer contract upgrade discount
7008-LZVOZ,66,25.3,1672.35,No,Two year,No,0,0.0027363175131743106,No,Normal Risk,Continue regular engagement
8868-WOZGU,28,105.7,2979.5,Fiber optic,Month-to-month,Yes,4,0.6930559132798946,Yes,Normal Risk,Continue regular engagement
1200-TUZHR,8,85.2,695.75,Fiber optic,Month-to-month,No,1,0.8559592637698528,Yes,High Risk,Offer contract upgrade discount
9365-CSLBQ,71,24.35,1654.6,No,Two year,No,0,0.002762474861665634,No,Normal Risk,Continue regular engagement
1334-FJSVR,1,24.25,24.25,DSL,Month-to-month,Yes,0,0.775545787251743,Yes,High Risk,Offer contract upgrade discount
5884-FBCTL,72,25.1,1857.85,No,Two year,No,0,0.006899393900616678,No,Normal Risk,Continue regular engagement
7130-CTCUS,16,54.55,825.1,DSL,Month-to-month,No,2,0.2007126419084653,No,Normal Risk,Continue regular engagement
6242-FEGFD,66,96.6,6424.25,Fiber optic,Two year,No,4,0.027477286319965738,No,Normal Risk,Continue regular engagement
7625-XCQRH,11,76.5,837.95,Fiber optic,Month-to-month,Yes,0,0.8744749206959143,Yes,High Risk,Offer contract upgrade discount
6194-HBGQN,51,81.15,4126.2,DSL,One year,No,5,0.022673241392578623,No,Normal Risk,Continue regular engagement
7634-WSWDB,8,38.5,330.8,DSL,Month-to-month,No,2,0.5223116366214106,Yes,Normal Risk,Continue regular engagement
6986-IXNDM,14,92.9,1337.45,Fiber optic,Month-to-month,No,2,0.8278252941338408,Yes,High Risk,Offer contract upgrade discount
1731-TVIUK,4,93.5,362.2,Fiber optic,Month-to-month,Yes,3,0.7199830054454389,Yes,High Risk,Offer contract upgrade discount
2987-BJXIK,70,84.7,5991.05,DSL,Two year,No,5,0.033349315195474696,No,Normal Risk,Continue regular engagement
9769-TSBZE,70,66.0,4891.5,DSL,Two year,No,3,0.009950999072047852,No,Normal Risk,Continue regular engagement
0406-BPDVR,54,101.5,5373.1,Fiber optic,One year,Yes,3,0.27645607401821787,No,Normal Risk,Continue regular engagement
0618-XWMSS,28,74.9,2068.55,Fiber optic,Month-to-month,Yes,1,0.4649656629435013,No,Normal Risk,Continue regular engagement
1395-WSWXR,24,20.75,487.05,No,Two year,No,0,0.02868195269777678,No,Normal Risk,Continue regular engagement
6023-GSSXW,69,61.45,4131.2,DSL,Two year,No,2,0.033453764481698976,No,Normal Risk,Continue regular engagement
6752-APNJL,42,54.5,2301.15,DSL,Month-to-month,No,2,0.04286785786943787,No,Normal Risk,Continue regular engagement
5276-KQWHG,2,69.6,131.65,Fiber optic,Month-to-month,Yes,0,0.8481523304066457,Yes,High Risk,Offer contract upgrade discount
0420-HLGXF,39,99.75,4036.0,Fiber optic,Month-to-month,No,3,0.7456862594878475,Yes,High Risk,Offer contract upgrade discount
7446-KQISO,45,109.75,4900.65,Fiber optic,Two year,No,5,0.12319066491863831,No,Normal Risk,Continue regular engagement
9823-EALYC,72,80.85,5727.45,DSL,Two year,No,5,0.010355835439715102,No,Normal Risk,Continue regular engagement
0582-AVCLN,38,20.3,743.05,No,Two year,No,0,0.023792439674127332,No,Normal Risk,Continue regular engagement
5803-NQJZO,72,67.8,4804.65,DSL,Two year,No,4,0.008988913493704861,No,Normal Risk,Continue regular engagement
2565-JSLRY,1,24.05,24.05,No,Month-to-month,Yes,0,0.36968337111565786,No,Normal Risk,Continue regular engagement
2607-DHDAK,72,19.8,1414.65,No,Two year,No,0,0.001843591775590531,No,Normal Risk,Continue regular engagement
1073-XXCZD,55,25.7,1443.65,No,Two year,No,0,0.01887762905949868,No,Normal Risk,Continue regular engagement
0743-HRVFF,51,56.15,2898.95,DSL,One year,No,4,0.07315801562296802,No,Normal Risk,Continue regular engagement
4006-HKYHO,63,86.7,5309.5,DSL,Two year,No,6,0.03992097089132804,No,Normal Risk,Continue regular engagement
3727-JEZTU,1,20.4,20.4,No,Month-to-month,No,0,0.44833191992127935,No,Normal Risk,Continue regular engagement
8143-ETQTI,23,19.65,451.55,No,Two year,No,0,0.01671149955537042,No,Normal Risk,Continue regular engagement
6689-KXGBO,1,50.55,50.55,DSL,Month-to-month,Yes,1,0.6838166357601384,Yes,Normal Risk,Continue regular engagement
9667-TKTVZ,2,54.35,117.05,DSL,Month-to-month,No,1,0.5065786186756812,Yes,Normal Risk,Continue regular engagement
3657-COGMW,52,108.1,5839.3,Fiber optic,Month-to-month,No,5,0.3209215521145398,No,Normal Risk,Continue regular engagement
8570-KLJYJ,36,54.45,1893.5,DSL,One year,No,1,0.07622884701305493,No,Normal Risk,Continue regular engagement
7754-IXRMC,1,45.35,45.35,DSL,Month-to-month,No,0,0.6803443717081236,Yes,Normal Risk,Continue regular engagement
9473-CBZOP,28,59.0,1654.45,DSL,One year,No,2,0.07508743994756707,No,Normal Risk,Continue regular engagement
2969-WGHQO,7,69.45,477.05,DSL,One year,No,4,0.10478653578128533,No,Normal Risk,Continue regular engagement
6615-NGGZJ,14,100.55,1415.55,Fiber optic,Month-to-month,Yes,3,0.7247823720570424,Yes,High Risk,Offer contract upgrade discount
4334-HOWRP,72,64.95,4546.0,DSL,Two year,No,6,0.005600464655094036,No,Normal Risk,Continue regular engagement
4255-DDUOU,1,20.5,20.5,No,Month-to-month,Yes,0,0.27484626748111735,No,Normal Risk,Continue regular engagement
5863-OOKCL,10,18.85,163.2,No,Month-to-month,No,0,0.3327734578779204,No,Normal Risk,Continue regular engagement
1686-STUHN,42,19.8,849.9,No,One year,No,0,0.056521617305693966,No,Normal Risk,Continue regular engagement
1329-VHWNP,7,25.05,189.95,DSL,Month-to-month,No,0,0.8402731557116396,Yes,High Risk,Offer contract upgrade discount
2984-MIIZL,4,74.8,321.9,Fiber optic,Month-to-month,Yes,1,0.8616092435508865,Yes,High Risk,Offer contract upgrade discount
0266-GMEAO,72,114.3,8058.55,Fiber optic,Two year,No,6,0.023809086312952355,No,Normal Risk,Continue regular engagement
5590-YRFJT,20,24.45,482.8,DSL,Month-to-month,Yes,0,0.48163305169410514,No,Normal Risk,Continue regular engagement
5574-NXZIU,63,109.2,7049.75,Fiber optic,Two year,No,6,0.052467088970104034,No,Normal Risk,Continue regular engagement
0019-GFNTW,56,45.05,2560.1,DSL,Two year,No,4,0.020674482104057895,No,Normal Risk,Continue regular engagement
4256-ZWTZI,5,51.0,286.8,DSL,Month-to-month,No,1,0.38099976822276416,No,Normal Risk,Continue regular engagement
8309-PPCED,72,110.45,7982.5,Fiber optic,Two year,No,5,0.24899117640433316,No,Normal Risk,Continue regular engagement
4098-NAUKP,68,84.65,5683.6,Fiber optic,Month-to-month,No,2,0.18145630899576284,No,Normal Risk,Continue regular engagement
5196-WPYOW,67,60.05,3994.05,DSL,One year,No,3,0.005163703579891744,No,Normal Risk,Continue regular engagement
4608-LCIMN,8,44.65,369.15,DSL,Month-to-month,No,0,0.551840627681543,Yes,Normal Risk,Continue regular engagement
1485-YDHMM,52,93.25,4631.7,Fiber optic,Month-to-month,No,3,0.30147284423257614,No,Normal Risk,Continue regular engagement
4054-CUMIA,18,20.25,401.95,No,Month-to-month,No,0,0.09383627437975826,No,Normal Risk,Continue regular engagement
0603-TPMIB,59,25.45,1534.05,No,Two year,No,0,0.005143859080088904,No,Normal Risk,Continue regular engagement
2525-GVKQU,60,20.6,1093.0,No,Two year,No,0,0.009884006480231026,No,Normal Risk,Continue regular engagement
8161-QYMTT,7,94.1,701.3,Fiber optic,Month-to-month,No,2,0.8758245451200737,Yes,High Risk,Offer contract upgrade discount
9581-GVBXT,59,34.8,1980.3,DSL,One year,No,2,0.010580282987752104,No,Normal Risk,Continue regular engagement
5862-BRIXZ,46,60.75,2893.4,DSL,Two year,No,5,0.06648286811255585,No,Normal Risk,Continue regular engagement
5404-GGUKR,5,51.35,262.3,DSL,Month-to-month,No,1,0.6292025321512899,Yes,Normal Risk,Continue regular engagement
3308-JSGML,59,64.05,3886.85,DSL,Two year,No,5,0.016413943423043566,No,Normal Risk,Continue regular engagement
2126-GSEGL,70,84.8,5917.55,DSL,Two year,No,5,0.06362781177730319,No,Normal Risk,Continue regular engagement
3677-TNKIO,14,71.0,914.0,Fiber optic,Month-to-month,Yes,0,0.6531817763353861,Yes,Normal Risk,Continue regular engagement
0440-QEXBZ,44,50.15,2139.1,DSL,Month-to-month,No,0,0.2865190511977919,No,Normal Risk,Continue regular engagement
2434-EEVDB,64,94.6,5948.7,Fiber optic,Two year,No,3,0.08425365726726688,No,Normal Risk,Continue regular engagement
6762-QVYJO,58,59.75,3624.35,DSL,Two year,No,5,0.011486427571679095,No,Normal Risk,Continue regular engagement
6199-IWKGC,46,100.25,4753.85,Fiber optic,One year,No,3,0.34030650608704116,No,Normal Risk,Continue regular engagement
2675-DHUTR,58,98.9,5780.7,Fiber optic,Month-to-month,No,3,0.534027238202865,Yes,Normal Risk,Continue regular engagement
8152-VETUR,72,97.7,6869.7,Fiber optic,Two year,No,3,0.14496920125334817,No,Normal Risk,Continue regular engagement
9667-EQRXU,30,40.3,1172.95,DSL,Month-to-month,Yes,2,0.4469010634292597,No,Normal Risk,Continue regular engagement
7446-YPODE,11,60.25,662.95,DSL,Month-to-month,No,2,0.4030344495654487,No,Normal Risk,Continue regular engagement
9522-BNTHX,34,56.25,1765.95,DSL,Month-to-month,No,4,0.4153194471435982,No,Normal Risk,Continue regular engagement
4676-WLUHT,54,46.2,2431.95,DSL,Two year,No,3,0.05367109736757075,No,Normal Risk,Continue regular engagement
3329-WDIOK,3,50.6,155.35,DSL,Month-to-month,Yes,3,0.8100900529174695,Yes,High Risk,Offer contract upgrade discount
7980-MHFLQ,72,24.9,1859.2,No,Two year,No,0,0.0030250983252002005,No,Normal Risk,Continue regular engagement
2873-ZLIWT,40,84.85,3303.05,Fiber optic,Month-to-month,Yes,2,0.3034547765006807,No,Normal Risk,Continue regular engagement
3415-TAILE,2,65.7,134.35,DSL,Month-to-month,Yes,2,0.5611948215071411,Yes,Normal Risk,Continue regular engagement
0757-WCUUZ,54,63.35,3409.1,DSL,Two year,No,2,0.018600277993662127,No,Normal Risk,Continue regular engagement
1629-DQQVB,14,50.1,709.5,DSL,Month-to-month,No,1,0.4601584927505566,No,Normal Risk,Continue regular engagement
1915-IOFGU,1,70.5,70.5,Fiber optic,Month-to-month,Yes,0,0.880853750403858,Yes,High Risk,Offer contract upgrade discount
3045-XETSH,10,94.85,953.45,Fiber optic,Month-to-month,Yes,3,0.801765973539427,Yes,High Risk,Offer contract upgrade discount
0374-AACSZ,1,50.15,50.15,DSL,Month-to-month,No,1,0.6061132422178891,Yes,Normal Risk,Continue regular engagement
7239-HZZCX,1,19.75,19.75,No,Month-to-month,Yes,0,0.37275903918544995,No,Normal Risk,Continue regular engagement
4872-VXRIL,56,64.65,3665.55,DSL,One year,No,3,0.03900306573154592,No,Normal Risk,Continue regular engagement
9140-CZQZZ,68,79.6,5515.8,DSL,Two year,No,5,0.03899270319434538,No,Normal Risk,Continue regular engagement
3423-HHXAO,14,19.5,272.0,No,One year,No,0,0.03951490746880761,No,Normal Risk,Continue regular engagement
9938-TKDGL,68,99.55,6668.0,Fiber optic,Two year,No,4,0.05949612984023519,No,Normal Risk,Continue regular engagement
0531-ZZJWQ,55,74.0,4052.4,Fiber optic,Month-to-month,No,0,0.4252112271850197,No,Normal Risk,Continue regular engagement
6537-QLGEX,16,38.9,664.4,DSL,Month-to-month,No,2,0.44981586107035587,No,Normal Risk,Continue regular engagement
2688-BHGOG,9,79.55,718.55,Fiber optic,Month-to-month,No,1,0.8225753194352263,Yes,High Risk,Offer contract upgrade discount
7683-CBDKJ,14,65.45,937.6,DSL,Month-to-month,Yes,3,0.14733909769717016,No,Normal Risk,Continue regular engagement
0946-CLJTI,58,98.7,5812.6,Fiber optic,Month-to-month,Yes,3,0.5723480402128341,Yes,Normal Risk,Continue regular engagement
3160-TYXLT,53,46.3,2546.85,DSL,Month-to-month,No,3,0.2395969442298934,No,Normal Risk,Continue regular engagement
1325-USMEC,70,99.35,6944.5,Fiber optic,Two year,No,4,0.04826013002041212,No,Normal Risk,Continue regular engagement
0916-QOFDP,14,95.8,1346.3,Fiber optic,Month-to-month,No,2,0.6341782464167528,Yes,Normal Risk,Continue regular engagement
0628-CNQRM,22,67.5,1544.05,DSL,One year,Yes,4,0.03742987988300893,No,Normal Risk,Continue regular engagement
5606-AMZBO,10,78.15,765.15,Fiber optic,Month-to-month,No,1,0.5379005209680827,Yes,Normal Risk,Continue regular engagement
6199-IPCAO,29,26.1,692.55,No,Two year,No,0,0.016028294921829913,No,Normal Risk,Continue regular engagement
7665-TOALD,1,69.6,69.6,Fiber optic,Month-to-month,Yes,0,0.8812086339967264,Yes,High Risk,Offer contract upgrade discount
0112-QWPNC,49,84.35,4059.35,DSL,One year,Yes,5,0.04910103557964698,No,Normal Risk,Continue regular engagement
0324-BRPCJ,68,100.2,6851.65,Fiber optic,Month-to-month,Yes,3,0.6106914420811558,Yes,Normal Risk,Continue regular engagement
2777-PHDEI,1,78.05,78.05,Fiber optic,Month-to-month,Yes,1,0.8764935614133316,Yes,High Risk,Offer contract upgrade discount
5640-CAXOA,30,40.35,1187.05,DSL,One year,No,2,0.13212592129043732,No,Normal Risk,Continue regular engagement
2235-EZAIK,72,79.2,5401.9,DSL,Two year,No,5,0.006769485874167315,No,Normal Risk,Continue regular engagement
3847-BAERP,10,20.9,247.0,No,Month-to-month,No,0,0.391466735921239,No,Normal Risk,Continue regular engagement
1196-AMORA,7,73.6,520.0,Fiber optic,Month-to-month,Yes,0,0.8109885382830713,Yes,High Risk,Offer contract upgrade discount
4282-YMKNA,9,74.75,706.6,Fiber optic,Month-to-month,Yes,0,0.8647526496418209,Yes,High Risk,Offer contract upgrade discount
1453-RZFON,1,49.9,49.9,DSL,Month-to-month,No,1,0.35317225085193926,No,Normal Risk,Continue regular engagement
8263-OKETD,20,68.9,1370.35,DSL,Month-to-month,No,3,0.20180785525965853,No,Normal Risk,Continue regular engagement
0670-KDOMA,1,20.25,20.25,No,Month-to-month,No,0,0.46291975000547536,No,Normal Risk,Continue regular engagement
2476-YGEFM,29,76.0,2215.25,Fiber optic,Month-to-month,No,0,0.6343725634500484,Yes,Normal Risk,Continue regular engagement
8687-BAFGU,1,74.0,74.0,Fiber optic,Month-to-month,No,1,0.7218532864042563,Yes,High Risk,Offer contract upgrade discount
0641-EVBOJ,3,82.3,214.4,Fiber optic,Month-to-month,No,2,0.5154867791613786,Yes,Normal Risk,Continue regular engagement
0829-XXPLX,20,89.4,1871.15,Fiber optic,Month-to-month,No,3,0.6690170112118681,Yes,Normal Risk,Continue regular engagement
9974-JFBHQ,64,99.15,6171.2,Fiber optic,Month-to-month,No,4,0.21923205795474018,No,Normal Risk,Continue regular engagement
5356-RHIPP,1,20.2,20.2,No,Month-to-month,Yes,0,0.3971790111102326,No,Normal Risk,Continue regular engagement
6624-JDRDS,6,29.45,161.45,DSL,Month-to-month,No,1,0.7138882204373965,Yes,High Risk,Offer contract upgrade discount
0608-JDVEC,50,19.8,1013.2,No,Two year,No,0,0.01331814923779251,No,Normal Risk,Continue regular engagement
9780-FKVVF,6,59.15,336.7,DSL,Month-to-month,No,2,0.6472017292728762,Yes,Normal Risk,Continue regular engagement
1919-RTPQD,7,44.75,333.65,DSL,Month-to-month,No,0,0.46544849327235444,No,Normal Risk,Continue regular engagement
5214-NLTIT,72,90.8,6511.8,Fiber optic,Two year,No,2,0.0740038960722302,No,Normal Risk,Continue regular engagement
3345-PBBFH,8,49.55,393.45,DSL,Month-to-month,No,1,0.6092028124405167,Yes,Normal Risk,Continue regular engagement
5055-BRMNE,67,106.7,7009.5,Fiber optic,Two year,No,4,0.05579470328915491,No,Normal Risk,Continue regular engagement
9189-JWSHV,24,93.55,2264.05,Fiber optic,Month-to-month,Yes,2,0.7041475611281786,Yes,High Risk,Offer contract upgrade discount
2190-PHBHR,72,94.45,6921.7,Fiber optic,Two year,No,3,0.07590369077330031,No,Normal Risk,Continue regular engagement
2650-GYRYL,33,19.45,600.25,No,One year,No,0,0.036272043053235614,No,Normal Risk,Continue regular engagement
0746-JTRFU,2,25.05,56.35,DSL,Month-to-month,Yes,0,0.7796590260116565,Yes,High Risk,Offer contract upgrade discount
5208-FVQKB,70,67.95,4664.15,DSL,Two year,No,4,0.0063565457362042155,No,Normal Risk,Continue regular engagement
7184-LRUUR,22,65.25,1441.8,DSL,One year,No,3,0.25589509234658225,No,Normal Risk,Continue regular engagement
6627-CFOSN,59,99.45,5623.7,Fiber optic,Month-to-month,No,4,0.5206373549060999,Yes,Normal Risk,Continue regular engagement
3982-JGSFD,36,20.35,695.85,No,One year,No,0,0.031051885685233847,No,Normal Risk,Continue regular engagement
1574-DYCWE,51,19.95,1028.75,No,Two year,No,0,0.006128734534123402,No,Normal Risk,Continue regular engagement
7247-XOZPB,53,77.4,4155.95,DSL,One year,No,4,0.06382857652454142,No,Normal Risk,Continue regular engagement
2466-FCCPT,20,19.7,395.6,No,One year,No,0,0.06477992399268603,No,Normal Risk,Continue regular engagement
6211-WWLTF,63,99.7,6330.4,Fiber optic,Two year,No,4,0.0913998671978295,No,Normal Risk,Continue regular engagement
4826-TZEVA,40,74.8,2971.7,Fiber optic,Month-to-month,No,1,0.44444390976078374,No,Normal Risk,Continue regular engagement
6016-NXBNJ,35,19.15,638.0,No,One year,No,0,0.03367535663265586,No,Normal Risk,Continue regular engagement
9138-EFSMO,26,78.95,2034.25,Fiber optic,One year,No,1,0.36927137828705914,No,Normal Risk,Continue regular engagement
0576-WNXXC,27,95.55,2510.2,Fiber optic,Month-to-month,Yes,3,0.5038425044713738,Yes,Normal Risk,Continue regular engagement
4632-XJMEX,53,62.85,3419.5,DSL,One year,No,3,0.010837763620469789,No,Normal Risk,Continue regular engagement
8910-LEDAG,34,71.55,2427.35,Fiber optic,Month-to-month,No,0,0.4075284897504219,No,Normal Risk,Continue regular engagement
3452-GWUIN,19,94.95,1760.25,Fiber optic,Month-to-month,No,2,0.7322677854812324,Yes,High Risk,Offer contract upgrade discount
2716-GFZOR,43,86.1,3551.65,Fiber optic,Month-to-month,No,3,0.18394037795128207,No,Normal Risk,Continue regular engagement
3724-UCSHY,6,19.55,122.9,No,Month-to-month,No,0,0.17172229093336383,No,Normal Risk,Continue regular engagement
8626-XHBIE,56,24.8,1424.2,No,Two year,No,0,0.005714973067496815,No,Normal Risk,Continue regular engagement
4628-CTTLA,57,39.3,2111.45,DSL,Month-to-month,Yes,2,0.20356332804044713,No,Normal Risk,Continue regular engagement
3192-LNKRK,34,84.05,2909.95,Fiber optic,Month-to-month,No,2,0.3521010880975569,No,Normal Risk,Continue regular engagement
4439-YRNVD,10,36.25,374.0,DSL,Month-to-month,No,2,0.5475632149030066,Yes,Normal Risk,Continue regular engagement
2876-VBBBL,1,20.25,20.25,No,Month-to-month,Yes,0,0.46291975000547536,No,Normal Risk,Continue regular engagement
6834-NXDCA,13,23.9,300.8,DSL,Month-to-month,Yes,0,0.5981103837594549,Yes,Normal Risk,Continue regular engagement
2208-UGTGR,56,98.6,5581.05,Fiber optic,Month-to-month,No,3,0.6386525632249938,Yes,Normal Risk,Continue regular engagement
3005-TYFRD,55,103.65,5676.65,Fiber optic,Month-to-month,No,4,0.47525586103320927,No,Normal Risk,Continue regular engagement
8670-MEFCP,36,92.9,3379.25,DSL,Two year,No,6,0.0155647075041625,No,Normal Risk,Continue regular engagement
3079-BCHLN,47,19.9,942.95,No,One year,No,0,0.03700102454812169,No,Normal Risk,Continue regular engagement
7777-UNYHB,12,20.1,232.4,No,Month-to-month,No,0,0.16947112594828959,No,Normal Risk,Continue regular engagement
5597-GLBUC,1,85.45,85.45,Fiber optic,Month-to-month,Yes,2,0.8741724438156535,Yes,High Risk,Offer contract upgrade discount
7278-CKDNC,24,80.5,2088.45,Fiber optic,Month-to-month,No,1,0.5446492824065675,Yes,Normal Risk,Continue regular engagement
2748-MYRVK,63,99.9,6137.0,Fiber optic,One year,Yes,3,0.5496109330305551,Yes,Normal Risk,Continue regular engagement
8450-UYIBU,35,39.85,1434.6,DSL,Month-to-month,No,2,0.4060236899883604,No,Normal Risk,Continue regular engagement
2969-VAPYH,67,60.5,3870.0,DSL,One year,No,3,0.01311891498060298,No,Normal Risk,Continue regular engagement
4822-YCXMX,25,84.8,2043.45,Fiber optic,Month-to-month,Yes,1,0.745612963859623,Yes,High Risk,Offer contract upgrade discount
7181-OQCUT,21,103.85,2215.0,Fiber optic,Month-to-month,No,4,0.4385355026033233,No,Normal Risk,Continue regular engagement
8474-UMLNT,13,67.8,842.25,DSL,Month-to-month,No,4,0.2410842382519335,No,Normal Risk,Continue regular engagement
9821-POOTN,35,75.2,2576.2,Fiber optic,Month-to-month,Yes,0,0.6011671025567722,Yes,Normal Risk,Continue regular engagement
3836-FZSDJ,71,24.85,1901.0,No,Two year,No,0,0.007712789301274379,No,Normal Risk,Continue regular engagement
9142-XMYJH,29,19.35,601.6,No,Month-to-month,No,0,0.11777618989223591,No,Normal Risk,Continue regular engagement
6559-ILWKJ,71,49.35,3515.25,DSL,Two year,Yes,3,0.04126429206299272,No,Normal Risk,Continue regular engagement
0187-QSXOE,7,89.0,605.45,Fiber optic,Month-to-month,No,2,0.8070157623470811,Yes,High Risk,Offer contract upgrade discount
7733-UDMTP,57,55.0,3094.05,DSL,Month-to-month,No,4,0.26882569009201934,No,Normal Risk,Continue regular engagement
2649-HWLYB,65,76.15,4929.55,DSL,Two year,No,4,0.02843194284129396,No,Normal Risk,Continue regular engagement
5214-CHIWJ,27,20.3,595.05,No,One year,No,0,0.04855061819119641,No,Normal Risk,Continue regular engagement
4229-CZMLL,6,74.9,469.8,Fiber optic,Month-to-month,Yes,0,0.8388372427589356,Yes,High Risk,Offer contract upgrade discount
6904-JLBGY,72,117.35,8436.25,Fiber optic,Two year,No,6,0.0763965127877792,No,Normal Risk,Continue regular engagement
2465-BLLEU,1,19.75,19.75,No,Month-to-month,No,0,0.3892435446027601,No,Normal Risk,Continue regular engagement
1685-VAYJF,11,45.2,492.0,DSL,Month-to-month,No,0,0.5081554927269002,Yes,Normal Risk,Continue regular engagement
8874-EJNSR,39,25.2,987.95,No,Two year,No,0,0.008090829101429841,No,Normal Risk,Continue regular engagement
6917-YACBP,59,89.75,5496.9,Fiber optic,Month-to-month,No,3,0.3152033162304753,No,Normal Risk,Continue regular engagement
5049-MUBWG,26,75.0,1908.35,DSL,One year,No,4,0.14911027658196668,No,Normal Risk,Continue regular engagement
4223-WOZCM,2,49.95,107.1,DSL,Month-to-month,No,1,0.4766563810166708,No,Normal Risk,Continue regular engagement
0769-MURVM,72,65.7,4575.35,DSL,Two year,No,6,0.013577303238990372,No,Normal Risk,Continue regular engagement
9253-VIFJQ,65,67.05,4309.55,DSL,One year,No,3,0.016667030584609437,No,Normal Risk,Continue regular engagement
7030-FZTFM,72,110.9,7922.75,Fiber optic,Two year,No,5,0.048219547324245327,No,Normal Risk,Continue regular engagement
9741-YLNTD,6,87.95,522.35,Fiber optic,Month-to-month,No,2,0.8057818292844859,Yes,High Risk,Offer contract upgrade discount
5917-RYRMG,32,19.8,587.7,No,One year,No,0,0.02500254435571148,No,Normal Risk,Continue regular engagement
5120-ZBLAI,50,75.7,3876.2,DSL,One year,No,3,0.28442745165322153,No,Normal Risk,Continue regular engagement
1194-BHJYC,61,62.15,3778.85,DSL,Two year,No,5,0.01862944319951199,No,Normal Risk,Continue regular engagement
3663-MITLP,15,101.25,1457.25,Fiber optic,Month-to-month,Yes,4,0.7342622899913827,Yes,High Risk,Offer contract upgrade discount
0906-QVPMS,72,115.15,8349.45,Fiber optic,Two year,No,6,0.1139873269834194,No,Normal Risk,Continue regular engagement
9025-ZRPVR,9,18.95,185.6,No,Month-to-month,Yes,0,0.30443367523817694,No,Normal Risk,Continue regular engagement
1905-OEILC,1,19.5,19.5,No,Month-to-month,No,0,0.43194194653285567,No,Normal Risk,Continue regular engagement
7858-GTZSP,12,86.55,1066.9,Fiber optic,Month-to-month,No,1,0.897550990038162,Yes,High Risk,Offer contract upgrade discount
3285-UCQVC,37,28.6,973.55,DSL,Month-to-month,Yes,1,0.15752095992921755,No,Normal Risk,Continue regular engagement
6248-BSHKG,61,20.4,1226.45,No,One year,No,0,0.005568925540762042,No,Normal Risk,Continue regular engagement
4685-TFLLS,18,19.8,342.3,No,One year,No,0,0.05453018224569973,No,Normal Risk,Continue regular engagement
3470-BTGQO,21,45.65,985.05,DSL,Month-to-month,No,0,0.2182896144629277,No,Normal Risk,Continue regular engagement
1209-VFFOC,68,56.4,3948.45,DSL,Two year,No,5,0.004314920808047112,No,Normal Risk,Continue regular engagement
8224-DWCKX,12,73.3,828.05,Fiber optic,Month-to-month,No,0,0.6350532336543907,Yes,Normal Risk,Continue regular engagement
5482-PLVPE,2,24.35,41.85,DSL,Month-to-month,Yes,0,0.7577800005605275,Yes,High Risk,Offer contract upgrade discount
4553-DVPZG,62,101.35,6164.7,Fiber optic,Month-to-month,No,3,0.723622056528124,Yes,High Risk,Offer contract upgrade discount
4902-OHLSK,29,98.65,2862.75,Fiber optic,Month-to-month,Yes,3,0.6289391241240312,Yes,Normal Risk,Continue regular engagement
6917-IAYHD,1,33.6,33.6,DSL,Month-to-month,No,2,0.2704725705080011,No,Normal Risk,Continue regular engagement
0495-ZBNGW,5,79.9,343.95,Fiber optic,Month-to-month,Yes,1,0.7779331905999748,Yes,High Risk,Offer contract upgrade discount
8620-RJPZN,1,20.7,20.7,No,Month-to-month,No,0,0.5600730623088926,Yes,Normal Risk,Continue regular engagement
7572-KPVKK,62,104.05,6590.5,Fiber optic,Two year,No,4,0.13504085924477366,No,Normal Risk,Continue regular engagement
2642-MAWLJ,36,20.25,717.95,No,Two year,No,0,0.025137352051621816,No,Normal Risk,Continue regular engagement
2357-COQEK,28,103.3,2890.65,Fiber optic,Month-to-month,Yes,4,0.5891782294594359,Yes,Normal Risk,Continue regular engagement
7103-ZGVNT,69,73.7,4885.85,DSL,One year,No,4,0.007578046379442001,No,Normal Risk,Continue regular engagement
3737-GCSPV,11,96.2,1222.05,Fiber optic,Month-to-month,Yes,3,0.4940210639288136,No,Normal Risk,Continue regular engagement
2027-WKXMW,63,108.75,6871.7,Fiber optic,Month-to-month,No,5,0.4772669742200259,No,Normal Risk,Continue regular engagement
7137-NAXML,23,20.15,405.6,No,One year,No,0,0.09960766892659356,No,Normal Risk,Continue regular engagement
2428-ZMCTB,10,19.75,208.25,No,Month-to-month,No,0,0.2643172928892375,No,Normal Risk,Continue regular engagement
2961-VNFKL,71,25.95,1801.9,No,Two year,No,0,0.005583418814451187,No,Normal Risk,Continue regular engagement
1768-HNVGJ,45,70.05,3062.45,DSL,Month-to-month,No,3,0.15994930546779676,No,Normal Risk,Continue regular engagement
6963-KQYQB,70,24.05,1764.75,No,Two year,No,0,0.0030109965499065423,No,Normal Risk,Continue regular engagement
5934-RMPOV,22,84.75,1816.75,Fiber optic,Month-to-month,No,1,0.6577217168928489,Yes,Normal Risk,Continue regular engagement
1207-BLKSA,52,23.05,1255.1,No,Two year,No,0,0.005388779371893779,No,Normal Risk,Continue regular engagement
4088-YLDSU,55,104.15,5743.05,Fiber optic,One year,Yes,4,0.27304198012999736,No,Normal Risk,Continue regular engagement
8316-BBQAY,65,59.95,3921.1,DSL,Two year,No,5,0.0186390933688809,No,Normal Risk,Continue regular engagement
1166-PQLGG,72,19.55,1463.45,No,Two year,No,0,0.005846091710923491,No,Normal Risk,Continue regular engagement
3146-JTQHR,10,19.6,189.45,No,One year,No,0,0.20798012100656643,No,Normal Risk,Continue regular engagement
4291-YZODP,7,20.05,96.8,No,One year,No,0,0.1102036312395281,No,Normal Risk,Continue regular engagement
4395-PZMSN,5,85.55,408.5,Fiber optic,Month-to-month,No,2,0.7766849359750443,Yes,High Risk,Offer contract upgrade discount
6427-FEFIG,24,78.6,1846.65,DSL,Two year,No,4,0.026045877207091797,No,Normal Risk,Continue regular engagement
0017-IUDMW,72,116.8,8456.75,Fiber optic,Two year,No,6,0.042955593122697026,No,Normal Risk,Continue regular engagement
8706-HRADD,21,43.55,1011.5,DSL,Month-to-month,No,3,0.1555887666237992,No,Normal Risk,Continue regular engagement
9955-QOPOY,69,60.8,4263.4,DSL,One year,No,5,0.02785745915512888,No,Normal Risk,Continue regular engagement
4385-ZKVNW,44,54.9,2549.1,DSL,Month-to-month,No,2,0.10690758787547924,No,Normal Risk,Continue regular engagement
5446-DKWYW,61,65.2,3965.05,DSL,One year,No,2,0.05722620253965437,No,Normal Risk,Continue regular engagement
2034-CGRHZ,24,102.95,2496.7,Fiber optic,Month-to-month,Yes,4,0.4083378737470423,No,Normal Risk,Continue regular engagement
5797-APWZC,1,90.6,90.6,Fiber optic,Month-to-month,Yes,2,0.9115733799359084,Yes,High Risk,Offer contract upgrade discount
3683-QKIUE,6,50.8,288.05,DSL,Month-to-month,Yes,1,0.7021724264349511,Yes,High Risk,Offer contract upgrade discount
4228-ZGYUW,4,90.05,368.1,Fiber optic,Month-to-month,Yes,2,0.8128805383035047,Yes,High Risk,Offer contract upgrade discount
9031-ZVQPT,72,108.2,7840.6,Fiber optic,Two year,No,5,0.12139273300515888,No,Normal Risk,Continue regular engagement
2990-IAJSV,72,92.0,6632.75,DSL,Two year,No,6,0.040785511531214035,No,Normal Risk,Continue regular engagement
8107-KNCIM,14,75.1,1013.35,Fiber optic,Month-to-month,No,0,0.5921791462404616,Yes,Normal Risk,Continue regular engagement
9027-YFHQJ,7,25.05,152.95,No,Month-to-month,No,0,0.5295292879146535,Yes,Normal Risk,Continue regular engagement
5176-LDKUH,48,75.15,3772.65,Fiber optic,One year,No,1,0.333904343643937,No,Normal Risk,Continue regular engagement
4644-OBGFZ,55,19.5,1026.35,No,One year,No,0,0.006406325576234864,No,Normal Risk,Continue regular engagement
7926-IJOOU,1,19.3,19.3,No,Month-to-month,No,0,0.3315710313726168,No,Normal Risk,Continue regular engagement
6480-YAGIY,45,112.2,5031.85,Fiber optic,One year,No,6,0.11005710144380534,No,Normal Risk,Continue regular engagement
4029-HPFVY,3,70.3,220.4,Fiber optic,Month-to-month,No,0,0.7906348069312379,Yes,High Risk,Offer contract upgrade discount
7602-DBTOU,71,19.6,1416.5,No,Two year,No,0,0.004836515644186187,No,Normal Risk,Continue regular engagement
5345-BMKWB,8,20.25,158.35,No,Month-to-month,No,0,0.26644362521927356,No,Normal Risk,Continue regular engagement
3519-ZKXGG,3,75.85,256.6,Fiber optic,Month-to-month,Yes,0,0.857295670084226,Yes,High Risk,Offer contract upgrade discount
5457-COLHT,69,80.65,5542.55,DSL,Two year,No,5,0.016456962982986822,No,Normal Risk,Continue regular engagement
6416-TVAIH,1,68.5,68.5,Fiber optic,Month-to-month,Yes,0,0.6937318162355524,Yes,Normal Risk,Continue regular engagement
5451-YHYPW,72,115.75,8443.7,Fiber optic,Two year,No,6,0.054369768644171375,No,Normal Risk,Continue regular engagement
5108-ADXWO,11,73.5,791.75,Fiber optic,Month-to-month,Yes,1,0.6752508120574955,Yes,Normal Risk,Continue regular engagement
7998-WNZEM,71,80.6,5708.2,DSL,Two year,No,5,0.023589364630483743,No,Normal Risk,Continue regular engagement
3066-RRJIO,1,69.95,69.95,Fiber optic,Month-to-month,Yes,0,0.8324507062133615,Yes,High Risk,Offer contract upgrade discount
4664-NJCMS,33,59.55,2016.3,DSL,Two year,No,5,0.07480160922906574,No,Normal Risk,Continue regular engagement
0307-BCOPK,16,19.05,326.65,No,One year,No,0,0.0739462859240485,No,Normal Risk,Continue regular engagement
7629-WFGLW,56,95.65,5471.75,Fiber optic,One year,No,4,0.07073913204043658,No,Normal Risk,Continue regular engagement
2542-HYGIQ,1,19.95,19.95,No,Month-to-month,No,0,0.4041742368702294,No,Normal Risk,Continue regular engagement
6715-OFDBP,5,70.05,346.4,DSL,Month-to-month,Yes,3,0.7193342776003517,Yes,High Risk,Offer contract upgrade discount
5016-LIPDW,57,19.4,1061.6,No,One year,No,0,0.005863360063226515,No,Normal Risk,Continue regular engagement
6481-LXPWL,56,36.1,1971.5,DSL,One year,No,2,0.016810264169353693,No,Normal Risk,Continue regular engagement
1567-DSCIC,8,94.0,773.65,Fiber optic,Month-to-month,Yes,3,0.7404817235737877,Yes,High Risk,Offer contract upgrade discount
2150-UWTFY,22,61.15,1422.05,DSL,Month-to-month,Yes,3,0.07374432627914389,No,Normal Risk,Continue regular engagement
6124-ACRHJ,1,19.75,19.75,No,Month-to-month,No,0,0.43648136368493107,No,Normal Risk,Continue regular engagement
9362-MWODR,40,64.1,2460.35,DSL,Month-to-month,No,3,0.06613204359416863,No,Normal Risk,Continue regular engagement
9975-GPKZU,46,19.75,856.5,No,Two year,No,0,0.0047476213552724205,No,Normal Risk,Continue regular engagement
9625-RZFUK,63,19.7,1275.85,No,Two year,No,0,0.002877129973950107,No,Normal Risk,Continue regular engagement
5153-LXKDT,68,110.2,7467.5,Fiber optic,Two year,No,5,0.07962607621225815,No,Normal Risk,Continue regular engagement
5161-UBZXI,69,106.35,7261.75,Fiber optic,Two year,No,5,0.031144863286051396,No,Normal Risk,Continue regular engagement
1020-JPQOW,56,90.55,5116.6,Fiber optic,Month-to-month,No,3,0.32740180218673587,No,Normal Risk,Continue regular engagement
7919-ZODZZ,10,65.9,660.05,DSL,One year,No,3,0.1567908198651373,No,Normal Risk,Continue regular engagement
0565-JUPYD,63,104.5,6590.8,Fiber optic,One year,No,5,0.06088222973971735,No,Normal Risk,Continue regular engagement
6867-ACCZI,24,52.5,1208.15,DSL,Two year,No,5,0.009906998634402477,No,Normal Risk,Continue regular engagement
5939-XAIXZ,19,56.1,1033.9,DSL,Month-to-month,No,1,0.37638188583240406,No,Normal Risk,Continue regular engagement
9054-FOWNV,22,88.75,1885.15,Fiber optic,Month-to-month,No,2,0.4447255031797109,No,Normal Risk,Continue regular engagement
2683-BPJSO,29,84.45,2467.1,Fiber optic,Month-to-month,Yes,2,0.36200739909368534,No,Normal Risk,Continue regular engagement
2157-MXBJS,13,75.3,989.45,DSL,One year,Yes,3,0.18270362752130817,No,Normal Risk,Continue regular engagement
8207-VVMYB,70,26.0,2006.95,No,Two year,No,0,0.016528565192418302,No,Normal Risk,Continue regular engagement
9732-EQMWY,49,99.4,5025.0,Fiber optic,Month-to-month,No,4,0.626667890121645,Yes,Normal Risk,Continue regular engagement
9360-AHGNL,43,109.55,4830.25,Fiber optic,One year,Yes,5,0.1296471829072575,No,Normal Risk,Continue regular engagement
1087-UDSIH,3,19.6,59.75,No,Month-to-month,Yes,0,0.4313338920152851,No,Normal Risk,Continue regular engagement
5269-NRGDP,42,73.15,3088.25,DSL,One year,No,4,0.05078441903219429,No,Normal Risk,Continue regular engagement
6195-MELTI,57,54.65,3134.7,DSL,One year,No,2,0.02903432475676063,No,Normal Risk,Continue regular engagement
5485-WUYWF,2,66.4,94.55,DSL,Month-to-month,Yes,3,0.5548107656790789,Yes,Normal Risk,Continue regular engagement
2121-JAFOM,72,115.55,8312.4,Fiber optic,Two year,No,6,0.06518926068662534,No,Normal Risk,Continue regular engagement
8818-DOPVL,46,104.45,4863.85,Fiber optic,Month-to-month,No,4,0.6514053762272289,Yes,Normal Risk,Continue regular engagement
2632-UCGVD,66,100.05,6871.9,Fiber optic,Month-to-month,Yes,3,0.36789901326891683,No,Normal Risk,Continue regular engagement
5445-PZWGX,62,102.0,6529.25,Fiber optic,One year,Yes,4,0.1625045096081127,No,Normal Risk,Continue regular engagement
1227-UDMZR,72,91.15,6637.9,DSL,Two year,No,6,0.04178889095105222,No,Normal Risk,Continue regular engagement
5198-HQAEN,35,89.7,3165.6,Fiber optic,One year,No,3,0.12816728817518025,No,Normal Risk,Continue regular engagement
9170-CCKOU,17,90.2,1454.15,Fiber optic,Month-to-month,Yes,3,0.19705215765271678,No,Normal Risk,Continue regular engagement
2167-FQSTQ,72,92.4,6786.1,DSL,Two year,No,6,0.033307698342597176,No,Normal Risk,Continue regular engagement
2819-GWENI,28,19.9,543.0,No,One year,No,0,0.025357926293426404,No,Normal Risk,Continue regular engagement
1043-YCUTE,56,25.15,1327.15,No,Two year,Yes,0,0.006840185379467948,No,Normal Risk,Continue regular engagement
3814-MLAXC,31,79.85,2404.15,Fiber optic,Month-to-month,Yes,1,0.44370240670292616,No,Normal Risk,Continue regular engagement
3572-UUHRS,45,18.85,867.3,No,One year,No,0,0.046451564345122875,No,Normal Risk,Continue regular engagement
2692-PFYTJ,1,25.75,25.75,No,Month-to-month,No,0,0.46431497526853166,No,Normal Risk,Continue regular engagement
1226-UDFZR,2,49.6,114.7,DSL,Month-to-month,Yes,1,0.5799819106978611,Yes,Normal Risk,Continue regular engagement
5955-EPOAZ,6,20.95,109.5,No,Month-to-month,No,0,0.42529321587947344,No,Normal Risk,Continue regular engagement
6821-JPCDC,48,97.05,4692.95,Fiber optic,One year,No,4,0.33655045909021386,No,Normal Risk,Continue regular engagement
8815-LMFLX,25,25.4,546.85,No,Month-to-month,No,0,0.13315004554378007,No,Normal Risk,Continue regular engagement
9135-HSWOC,64,19.7,1274.05,No,Two year,No,0,0.006609017490441747,No,Normal Risk,Continue regular engagement
8582-KRHPJ,50,35.0,1782.4,DSL,Month-to-month,No,2,0.08234219911195066,No,Normal Risk,Continue regular engagement
5811-IWXYM,52,101.25,5301.1,Fiber optic,One year,No,3,0.45139162881118694,No,Normal Risk,Continue regular engagement
7044-YAACC,4,70.2,280.35,Fiber optic,Month-to-month,No,0,0.7710776618000248,Yes,High Risk,Offer contract upgrade discount
8189-XRIKE,32,90.95,2897.95,Fiber optic,Month-to-month,No,2,0.7813222300667251,Yes,High Risk,Offer contract upgrade discount
1506-YJTYT,45,73.85,3371.0,DSL,Two year,No,4,0.005909098412521111,No,Normal Risk,Continue regular engagement
4123-DVHPH,9,88.05,801.3,Fiber optic,Month-to-month,No,2,0.6675705715115893,Yes,Normal Risk,Continue regular engagement
6425-YQLLO,66,105.95,6975.25,Fiber optic,One year,Yes,4,0.19057116973476873,No,Normal Risk,Continue regular engagement
5442-UTCVD,3,91.85,257.05,Fiber optic,Month-to-month,Yes,2,0.7503078553123727,Yes,High Risk,Offer contract upgrade discount
2228-BZDEE,54,20.1,1079.45,No,Two year,No,0,0.012604005862739638,No,Normal Risk,Continue regular engagement
7734-DBOAI,1,40.1,40.1,DSL,Month-to-month,Yes,2,0.5316633509933447,Yes,Normal Risk,Continue regular engagement
2789-CZANW,64,110.3,6997.3,Fiber optic,Two year,No,5,0.0946357566241259,No,Normal Risk,Continue regular engagement
2091-RFFBA,31,73.9,2217.15,Fiber optic,Month-to-month,Yes,0,0.6490074488269355,Yes,Normal Risk,Continue regular engagement
2114-MGINA,14,89.8,1129.1,Fiber optic,Month-to-month,Yes,2,0.7495709900140338,Yes,High Risk,Offer contract upgrade discount
7596-LDUXP,12,85.15,979.05,Fiber optic,One year,No,2,0.4257179504083554,No,Normal Risk,Continue regular engagement
3740-RLMVT,67,60.95,4119.4,DSL,One year,No,3,0.019269268266772624,No,Normal Risk,Continue regular engagement
4489-SNOJF,35,72.25,2568.55,DSL,Month-to-month,Yes,4,0.07251847929063437,No,Normal Risk,Continue regular engagement
2192-OZITF,45,73.55,3349.1,DSL,Two year,No,3,0.04461308345311673,No,Normal Risk,Continue regular engagement
5651-CPDND,10,46.0,492.1,DSL,Month-to-month,No,0,0.5712404868197946,Yes,Normal Risk,Continue regular engagement
2186-QZEYA,29,58.55,1718.95,DSL,Month-to-month,No,2,0.2511981128321812,No,Normal Risk,Continue regular engagement
1131-ALZWV,24,24.6,605.25,No,One year,No,0,0.12157097739123032,No,Normal Risk,Continue regular engagement
7729-XBTWX,66,19.75,1344.5,No,Two year,No,0,0.0027572730215970564,No,Normal Risk,Continue regular engagement
9134-WYRVP,51,86.35,4267.15,Fiber optic,One year,No,2,0.19583319113907072,No,Normal Risk,Continue regular engagement
3284-SVCRO,45,25.5,1121.05,No,Two year,No,0,0.015289860790333724,No,Normal Risk,Continue regular engagement
9732-OUYRN,49,19.0,918.7,No,One year,No,0,0.015862272491802613,No,Normal Risk,Continue regular engagement
0559-CKHUS,29,19.55,521.8,No,Two year,No,0,0.026440227605679854,No,Normal Risk,Continue regular engagement
2931-SVLTV,40,110.1,4469.1,Fiber optic,Month-to-month,No,5,0.14706855127809237,No,Normal Risk,Continue regular engagement
6899-PPEEA,37,96.55,3580.3,Fiber optic,Month-to-month,Yes,2,0.8006218773559696,Yes,High Risk,Offer contract upgrade discount
7504-UWHNB,25,69.75,1729.35,Fiber optic,Month-to-month,No,0,0.6741777347600111,Yes,Normal Risk,Continue regular engagement
2582-FFFZR,22,50.6,1073.3,DSL,Month-to-month,No,3,0.6105292945599409,Yes,Normal Risk,Continue regular engagement
8908-NMQTX,72,65.6,4566.5,DSL,Two year,No,6,0.02529319388233997,No,Normal Risk,Continue regular engagement
2187-LZGPL,7,40.1,293.3,DSL,Month-to-month,Yes,2,0.6381567540321167,Yes,Normal Risk,Continue regular engagement
1431-AIDJQ,33,82.1,2603.1,DSL,Two year,No,5,0.019091916233447925,No,Normal Risk,Continue regular engagement
6288-LBEAR,23,79.1,1783.75,Fiber optic,Month-to-month,No,2,0.36823724608969577,No,Normal Risk,Continue regular engagement
4597-NUCQV,24,101.25,2440.15,Fiber optic,Month-to-month,Yes,3,0.6667562592130567,Yes,Normal Risk,Continue regular engagement
9019-QVLZD,1,79.55,79.55,Fiber optic,Month-to-month,Yes,1,0.8880029227086987,Yes,High Risk,Offer contract upgrade discount
8413-YNHNV,69,90.65,6322.1,DSL,Two year,No,6,0.017074218045163042,No,Normal Risk,Continue regular engagement
5808-TOTXO,3,20.55,57.4,No,One year,No,0,0.12419108841067432,No,Normal Risk,Continue regular engagement
4369-NYSCF,56,75.75,4284.65,DSL,One year,No,4,0.1437830118997721,No,Normal Risk,Continue regular engagement
6333-YDVLT,65,110.0,7138.65,Fiber optic,One year,No,5,0.13064641800778523,No,Normal Risk,Continue regular engagement
5324-KTGCG,71,20.85,1539.75,No,One year,No,0,0.011123005263570723,No,Normal Risk,Continue regular engagement
5599-HVLTW,14,80.35,1058.1,Fiber optic,Month-to-month,No,1,0.7389398470220324,Yes,High Risk,Offer contract upgrade discount
7394-LWLYN,2,70.15,123.8,Fiber optic,Month-to-month,No,0,0.8827031300650489,Yes,High Risk,Offer contract upgrade discount
3707-LRWZD,32,84.05,2781.85,Fiber optic,One year,Yes,1,0.5314461551462175,Yes,Normal Risk,Continue regular engagement
6873-UDNLD,40,67.45,2731.0,DSL,Month-to-month,No,3,0.2661128453132892,No,Normal Risk,Continue regular engagement
2700-LUEVA,1,20.75,20.75,No,Month-to-month,No,0,0.35573652033300046,No,Normal Risk,Continue regular engagement
1455-ESIQH,1,89.1,89.1,Fiber optic,Month-to-month,Yes,2,0.8836126075110191,Yes,High Risk,Offer contract upgrade discount
0958-YHXGP,7,69.9,497.3,Fiber optic,Month-to-month,No,0,0.8152264363145235,Yes,High Risk,Offer contract upgrade discount
1101-SSWAG,15,51.1,711.15,DSL,Month-to-month,No,0,0.5011620810652395,Yes,Normal Risk,Continue regular engagement
2979-SXESE,17,94.4,1607.2,Fiber optic,Month-to-month,Yes,3,0.3566514766610789,No,Normal Risk,Continue regular engagement
4013-TLDHQ,19,78.25,1490.95,Fiber optic,Month-to-month,Yes,2,0.5088761163814007,Yes,Normal Risk,Continue regular engagement
5743-KHMNA,71,25.55,1898.1,No,Two year,No,0,0.013427915663339432,No,Normal Risk,Continue regular engagement
4194-FJARJ,54,60.0,3273.95,DSL,Two year,No,2,0.018087953173719775,No,Normal Risk,Continue regular engagement
5325-UWTWJ,31,90.55,2929.75,Fiber optic,Month-to-month,No,3,0.16222670434460376,No,Normal Risk,Continue regular engagement
3969-GYXEL,11,76.4,838.7,Fiber optic,Month-to-month,No,1,0.761195131832448,Yes,High Risk,Offer contract upgrade discount
9208-OLGAQ,18,84.95,1443.65,Fiber optic,Month-to-month,No,2,0.6903517899703043,Yes,Normal Risk,Continue regular engagement
3244-CQPHU,72,110.1,7746.7,Fiber optic,Two year,No,5,0.15386116572510852,No,Normal Risk,Continue regular engagement
2674-MLXMN,71,99.65,6951.15,Fiber optic,Month-to-month,No,3,0.4952511574542174,No,Normal Risk,Continue regular engagement
9708-HPXWZ,5,45.4,214.75,DSL,Month-to-month,No,3,0.3768521549737233,No,Normal Risk,Continue regular engagement
6992-TKNYO,38,69.0,2669.45,DSL,One year,No,3,0.04761952813486043,No,Normal Risk,Continue regular engagement
4468-YDOVK,5,48.65,235.2,DSL,Month-to-month,No,1,0.46763293774860365,No,Normal Risk,Continue regular engagement
3754-DXMRT,2,44.15,92.65,DSL,Month-to-month,Yes,0,0.6477338839045979,Yes,Normal Risk,Continue regular engagement
5792-JALQC,52,59.85,3103.25,DSL,Two year,No,2,0.04757728852914511,No,Normal Risk,Continue regular engagement
7130-VTEWQ,8,75.75,606.25,Fiber optic,Month-to-month,Yes,0,0.8422927045463983,Yes,High Risk,Offer contract upgrade discount
2200-DSAAL,68,80.65,5330.2,DSL,Two year,No,4,0.09677607788762478,No,Normal Risk,Continue regular engagement
4302-ZYFEL,69,20.55,1403.1,No,One year,No,0,0.0038185063414117658,No,Normal Risk,Continue regular engagement
9351-LZYGF,42,66.4,2727.8,DSL,Month-to-month,No,3,0.06171540934892234,No,Normal Risk,Continue regular engagement
4366-CTOUZ,50,100.2,5038.45,Fiber optic,Two year,No,4,0.17960287986760112,No,Normal Risk,Continue regular engagement
6121-VZNQB,1,19.1,19.1,No,Month-to-month,Yes,0,0.44186629214150047,No,Normal Risk,Continue regular engagement
7903-CMPEY,1,80.3,80.3,Fiber optic,Month-to-month,Yes,1,0.6255458735074941,Yes,Normal Risk,Continue regular engagement
1518-OMDIK,33,44.55,1462.6,DSL,Month-to-month,No,0,0.20911542446207518,No,Normal Risk,Continue regular engagement
6671-NGWON,7,20.35,150.6,No,Month-to-month,No,0,0.39020122407369756,No,Normal Risk,Continue regular engagement
0595-ITUDF,64,91.8,5960.5,Fiber optic,Month-to-month,No,3,0.17920167276068658,No,Normal Risk,Continue regular engagement
6996-KNSML,1,74.9,74.9,Fiber optic,Month-to-month,Yes,1,0.8529008839588924,Yes,High Risk,Offer contract upgrade discount
1955-IBMMB,59,20.2,1192.3,No,Two year,No,0,0.01928596943651611,No,Normal Risk,Continue regular engagement
0096-BXERS,6,50.35,314.55,DSL,Month-to-month,No,0,0.683193279827318,Yes,Normal Risk,Continue regular engagement
3806-YAZOV,3,18.8,56.0,No,Month-to-month,No,0,0.399718216195768,No,Normal Risk,Continue regular engagement
7998-ZLXWN,15,20.45,330.8,No,Month-to-month,No,0,0.14627625795041604,No,Normal Risk,Continue regular engagement
6253-WRFHY,13,64.75,877.35,DSL,One year,No,2,0.19088906827334673,No,Normal Risk,Continue regular engagement
9133-AYJZG,23,98.7,2249.1,Fiber optic,Month-to-month,No,3,0.6055029626760049,Yes,Normal Risk,Continue regular engagement
2675-OTVVJ,31,89.45,2807.65,Fiber optic,Month-to-month,No,2,0.4275236565927029,No,Normal Risk,Continue regular engagement
8680-CGLTP,29,58.75,1696.2,DSL,One year,No,3,0.042067855916353654,No,Normal Risk,Continue regular engagement
8430-TWCBX,49,20.7,1032.05,No,One year,No,0,0.01876210290651076,No,Normal Risk,Continue regular engagement
5018-GWURO,56,85.6,4902.8,Fiber optic,Month-to-month,No,1,0.7616758630969578,Yes,High Risk,Offer contract upgrade discount
6741-QRLUP,63,80.3,4995.35,DSL,Two year,No,5,0.013702100281815,No,Normal Risk,Continue regular engagement
4737-HOBAX,63,79.8,5034.05,DSL,Two year,No,4,0.027131949472855202,No,Normal Risk,Continue regular engagement
0537-QYZZN,24,79.85,1857.75,Fiber optic,Month-to-month,No,1,0.24732094005814903,No,Normal Risk,Continue regular engagement
3340-QBBFM,36,54.1,1992.85,DSL,One year,No,2,0.027263490768691164,No,Normal Risk,Continue regular engagement
1704-NRWYE,9,80.85,751.65,Fiber optic,Month-to-month,Yes,1,0.8656557983255558,Yes,High Risk,Offer contract upgrade discount
2592-SEIFQ,3,24.75,66.95,DSL,Month-to-month,Yes,0,0.7554695988403356,Yes,High Risk,Offer contract upgrade discount
8200-KLNYW,21,80.9,1714.95,DSL,One year,No,5,0.06137486173449043,No,Normal Risk,Continue regular engagement
3372-CDXFJ,13,24.5,343.6,No,One year,No,0,0.06490336644791148,No,Normal Risk,Continue regular engagement
4781-ZXYGU,1,20.15,20.15,No,Month-to-month,No,0,0.39013245601157837,No,Normal Risk,Continue regular engagement
7632-YUTXB,25,20.05,520.1,No,One year,No,0,0.029221873162773675,No,Normal Risk,Continue regular engagement
2718-YSKCS,71,19.6,1387.45,No,Two year,No,0,0.004916480856316005,No,Normal Risk,Continue regular engagement
9896-UYMIE,66,114.3,7383.7,Fiber optic,One year,No,6,0.20402001912093673,No,Normal Risk,Continue regular engagement
0853-NWIFK,45,100.3,4483.95,Fiber optic,One year,No,4,0.354578029882177,No,Normal Risk,Continue regular engagement
8212-CRQXP,22,80.0,1706.45,Fiber optic,Month-to-month,No,1,0.5946588795605479,Yes,Normal Risk,Continue regular engagement
6980-CDGFC,67,20.85,1327.4,No,One year,No,0,0.025109464072773542,No,Normal Risk,Continue regular engagement
7691-XVTZH,68,89.95,5974.3,Fiber optic,Two year,No,2,0.3011296666323326,No,Normal Risk,Continue regular engagement
2520-SGTTA,0,20.0,,No,Two year,No,0,0.07042654637525479,No,Normal Risk,Continue regular engagement
7481-ATQQS,49,90.85,4515.85,Fiber optic,Month-to-month,Yes,2,0.5400254485261398,Yes,Normal Risk,Continue regular engagement
2277-VWCNI,4,48.75,179.85,DSL,Month-to-month,No,0,0.563144469457097,Yes,Normal Risk,Continue regular engagement
1088-CNNKB,63,80.0,5040.2,DSL,One year,No,5,0.013013991000519223,No,Normal Risk,Continue regular engagement
8642-GVWRF,2,79.7,165.0,Fiber optic,Month-to-month,Yes,2,0.7977555708959546,Yes,High Risk,Offer contract upgrade discount
1930-BZLHI,21,20.35,422.7,No,One year,No,0,0.05581589157097623,No,Normal Risk,Continue regular engagement
3400-ESFUW,55,57.55,3046.4,DSL,Two year,Yes,3,0.00687105472073582,No,Normal Risk,Continue regular engagement
5868-YTYKS,1,20.25,20.25,No,Month-to-month,No,0,0.26805966418079386,No,Normal Risk,Continue regular engagement
3525-DVKFN,17,19.4,358.05,No,Two year,No,0,0.04424342345492469,No,Normal Risk,Continue regular engagement
1482-OXZSY,30,100.4,2936.25,Fiber optic,Month-to-month,No,3,0.7361733834833305,Yes,High Risk,Offer contract upgrade discount
0377-JBKKT,22,57.95,1271.8,DSL,Month-to-month,No,3,0.03155002977444829,No,Normal Risk,Continue regular engagement
5778-BVOFB,9,59.5,530.05,DSL,Month-to-month,No,2,0.7010199142801413,Yes,High Risk,Offer contract upgrade discount
3373-YZZYM,1,19.2,19.2,No,Month-to-month,No,0,0.19764079830672499,No,Normal Risk,Continue regular engagement
2057-ZBLPD,21,86.5,1808.7,Fiber optic,Month-to-month,Yes,1,0.7628550854404493,Yes,High Risk,Offer contract upgrade discount
0228-MAUWC,19,59.55,1144.6,DSL,Month-to-month,No,2,0.23952477312633805,No,Normal Risk,Continue regular engagement
5502-RLUYV,69,103.95,7446.9,Fiber optic,Month-to-month,Yes,4,0.48765291977603614,No,Normal Risk,Continue regular engagement
0023-HGHWL,1,25.1,25.1,DSL,Month-to-month,Yes,0,0.739210943521744,Yes,High Risk,Offer contract upgrade discount
7663-YJHSN,72,103.95,7556.9,Fiber optic,Two year,No,5,0.09065332011251491,No,Normal Risk,Continue regular engagement
4915-BFSXL,70,68.95,4858.7,DSL,Two year,No,3,0.007494175997844526,No,Normal Risk,Continue regular engagement
3086-RUCRN,66,103.1,6595.0,Fiber optic,Month-to-month,No,5,0.3469175028831759,No,Normal Risk,Continue regular engagement
5215-LNLDJ,7,24.7,149.05,DSL,Month-to-month,No,0,0.6130845576657619,Yes,Normal Risk,Continue regular engagement
7576-JMYWV,46,110.2,4972.1,Fiber optic,Month-to-month,No,5,0.22154802522439684,No,Normal Risk,Continue regular engagement
9039-RBEEE,39,48.95,1880.85,DSL,Month-to-month,Yes,4,0.06884994826335315,No,Normal Risk,Continue regular engagement
0257-KXZGU,32,62.45,2045.55,DSL,Month-to-month,No,2,0.2691781839338859,No,Normal Risk,Continue regular engagement
1307-ATKGB,24,89.55,2187.15,Fiber optic,Month-to-month,No,3,0.5875077470222448,Yes,Normal Risk,Continue regular engagement
8417-FMLZI,6,83.55,477.55,Fiber optic,Month-to-month,Yes,2,0.48151900751900095,No,Normal Risk,Continue regular engagement
3714-XPXBW,37,78.9,2976.95,DSL,Month-to-month,No,5,0.0794601166909839,No,Normal Risk,Continue regular engagement
1850-AKQEP,8,20.35,178.7,No,Month-to-month,No,0,0.2076743974097116,No,Normal Risk,Continue regular engagement
2824-DXNKN,72,71.45,5025.85,DSL,Two year,No,3,0.031243652483931347,No,Normal Risk,Continue regular engagement
5227-JSCFE,71,46.35,3353.4,DSL,Two year,No,4,0.00273732802548399,No,Normal Risk,Continue regular engagement
0848-ZGQIJ,16,94.65,1461.15,Fiber optic,Month-to-month,No,3,0.7792540648366362,Yes,High Risk,Offer contract upgrade discount
3621-CHYVB,57,49.9,2782.4,DSL,Month-to-month,No,4,0.1353060528518268,No,Normal Risk,Continue regular engagement
8042-RNLKO,66,25.45,1699.15,No,One year,No,0,0.026362639432309362,No,Normal Risk,Continue regular engagement
1792-UXAFY,17,89.15,1496.9,Fiber optic,Month-to-month,Yes,3,0.584269753625384,Yes,Normal Risk,Continue regular engagement
5372-FBKBN,21,20.75,452.2,No,Month-to-month,No,0,0.10197978771858678,No,Normal Risk,Continue regular engagement
0420-TXVSG,66,66.1,4428.45,DSL,Two year,No,3,0.00982502461210467,No,Normal Risk,Continue regular engagement
6217-TOWGS,17,75.4,1322.55,DSL,Month-to-month,No,3,0.5942789824061153,Yes,Normal Risk,Continue regular engagement
0515-YPMCW,1,70.45,70.45,Fiber optic,Month-to-month,Yes,0,0.6865751778223768,Yes,Normal Risk,Continue regular engagement
0378-XSZPU,58,60.3,3563.8,DSL,One year,Yes,3,0.015695275871528854,No,Normal Risk,Continue regular engagement
1045-LTCYT,8,21.05,139.75,No,Month-to-month,No,0,0.19233570282162382,No,Normal Risk,Continue regular engagement
1544-JJMYL,27,69.35,1927.3,DSL,One year,No,4,0.03758627847683248,No,Normal Risk,Continue regular engagement
4636-JGAAI,34,88.85,3000.25,Fiber optic,Month-to-month,No,2,0.44707956509015095,No,Normal Risk,Continue regular engagement
6874-SGLHU,30,97.0,3021.3,Fiber optic,One year,No,3,0.6259704122680084,Yes,Normal Risk,Continue regular engagement
5951-AOFIH,33,66.4,2245.4,DSL,Month-to-month,No,3,0.2332175470371397,No,Normal Risk,Continue regular engagement
4729-XKASR,1,24.75,24.75,DSL,Month-to-month,Yes,0,0.6493067636761819,Yes,Normal Risk,Continue regular engagement
3059-NGMXB,14,69.2,944.65,DSL,Month-to-month,No,3,0.08867566606522183,No,Normal Risk,Continue regular engagement
8652-YHIYU,16,79.5,1264.2,Fiber optic,One year,No,1,0.14978606272034525,No,Normal Risk,Continue regular engagement
5278-PNYOX,49,100.65,4917.75,Fiber optic,Two year,No,4,0.1754852784161257,No,Normal Risk,Continue regular engagement
5449-FIBXJ,19,103.3,2012.7,Fiber optic,Month-to-month,Yes,4,0.34942916687939973,No,Normal Risk,Continue regular engagement
3486-HOOGQ,70,79.7,5743.3,DSL,Two year,No,5,0.012782115892676983,No,Normal Risk,Continue regular engagement
5061-PBXFW,32,61.4,1864.65,DSL,Month-to-month,No,3,0.09477942500298947,No,Normal Risk,Continue regular engagement
8630-FJLIB,18,69.8,1221.65,Fiber optic,Month-to-month,No,0,0.741055286364761,Yes,High Risk,Offer contract upgrade discount
3891-NLXJB,37,40.55,1390.85,DSL,Two year,No,3,0.015969834135775393,No,Normal Risk,Continue regular engagement
4749-OJKQU,4,75.65,302.35,Fiber optic,Month-to-month,No,0,0.880578188245311,Yes,High Risk,Offer contract upgrade discount
0577-WHMEV,16,90.7,1374.9,Fiber optic,Month-to-month,No,3,0.37447543407153655,No,Normal Risk,Continue regular engagement
5453-AXEPF,17,80.5,1336.9,Fiber optic,Month-to-month,No,1,0.6479880665717531,Yes,Normal Risk,Continue regular engagement
3639-XJHKQ,19,60.6,1297.8,DSL,Month-to-month,No,3,0.1503928847799419,No,Normal Risk,Continue regular engagement
3716-LRGXK,60,101.15,6067.4,Fiber optic,Two year,No,3,0.19037437438540736,No,Normal Risk,Continue regular engagement
2263-SFSQZ,51,24.95,1222.25,No,Two year,No,0,0.005279165963834335,No,Normal Risk,Continue regular engagement
9950-MTGYX,28,20.3,487.95,No,Two year,No,0,0.010772186206512893,No,Normal Risk,Continue regular engagement
3397-AVTKU,43,60.0,2548.55,DSL,Two year,No,2,0.0907776962635651,No,Normal Risk,Continue regular engagement
4825-FUREZ,42,20.25,835.5,No,Two year,No,0,0.018707169446862883,No,Normal Risk,Continue regular engagement
9837-BMCLM,3,78.5,242.05,Fiber optic,Month-to-month,Yes,1,0.8542134072494483,Yes,High Risk,Offer contract upgrade discount
2672-OJQZP,1,44.75,44.75,DSL,Month-to-month,No,0,0.6706239340776454,Yes,Normal Risk,Continue regular engagement
0137-UDEUO,3,19.85,63.75,No,Month-to-month,Yes,0,0.41913611677187945,No,Normal Risk,Continue regular engagement
3134-DSHVC,63,98.0,6218.45,Fiber optic,Two year,No,4,0.06948703307337029,No,Normal Risk,Continue regular engagement
6161-UUUTA,3,79.9,260.9,Fiber optic,Month-to-month,Yes,1,0.8344816103965806,Yes,High Risk,Offer contract upgrade discount
7821-DPRQE,68,107.7,7320.9,Fiber optic,Month-to-month,No,5,0.27706808680207673,No,Normal Risk,Continue regular engagement
6543-XRMYR,30,99.7,2967.35,Fiber optic,Month-to-month,Yes,3,0.7139556592501347,Yes,High Risk,Offer contract upgrade discount
2001-EWBQU,60,104.7,6333.8,Fiber optic,Two year,No,4,0.31310660995103695,No,Normal Risk,Continue regular engagement
4925-LMHOK,15,58.6,939.7,DSL,Month-to-month,Yes,2,0.1446572462927903,No,Normal Risk,Continue regular engagement
1608-GMEWB,45,93.9,4200.25,Fiber optic,Month-to-month,No,2,0.7658160582881935,Yes,High Risk,Offer contract upgrade discount
6695-AMZUF,70,86.45,5950.2,DSL,Two year,No,6,0.013507018239822591,No,Normal Risk,Continue regular engagement
1455-UGQVH,10,98.5,1037.75,Fiber optic,Month-to-month,Yes,3,0.7992855592261322,Yes,High Risk,Offer contract upgrade discount
8410-BGQXN,4,19.4,93.4,No,Month-to-month,No,0,0.34066016669328675,No,Normal Risk,Continue regular engagement
8280-MQRQN,1,50.45,50.45,DSL,Month-to-month,Yes,1,0.6373981833136132,Yes,Normal Risk,Continue regular engagement
1619-YWUBB,68,24.95,1614.9,No,Two year,No,0,0.00555481866036768,No,Normal Risk,Continue regular engagement
7611-YKYTC,22,75.0,1573.95,Fiber optic,Month-to-month,No,1,0.3754413165679589,No,Normal Risk,Continue regular engagement
2037-SGXHH,38,94.65,3624.3,Fiber optic,Month-to-month,Yes,3,0.3768947031040168,No,Normal Risk,Continue regular engagement
3178-FESZO,1,100.25,100.25,Fiber optic,Month-to-month,Yes,3,0.7934905946011529,Yes,High Risk,Offer contract upgrade discount
0365-GXEZS,18,78.2,1468.75,Fiber optic,Month-to-month,No,2,0.3790133237741649,No,Normal Risk,Continue regular engagement
0082-OQIQY,29,94.2,2607.6,Fiber optic,Month-to-month,No,3,0.6373741938661636,Yes,Normal Risk,Continue regular engagement
6087-MVHJH,16,88.45,1422.1,Fiber optic,Month-to-month,Yes,2,0.7322933547833003,Yes,High Risk,Offer contract upgrade discount
4603-JANFB,1,69.85,69.85,Fiber optic,Month-to-month,Yes,0,0.8528911997498273,Yes,High Risk,Offer contract upgrade discount
3018-TFTSU,12,81.7,858.6,Fiber optic,Month-to-month,Yes,2,0.7297465496376317,Yes,High Risk,Offer contract upgrade discount
3606-SBKRY,31,50.05,1523.4,DSL,One year,No,3,0.27520182471288834,No,Normal Risk,Continue regular engagement
4806-KEXQR,4,79.9,324.3,Fiber optic,Month-to-month,Yes,1,0.8699979303209664,Yes,High Risk,Offer contract upgrade discount
0667-NSRGI,48,69.55,3435.6,DSL,One year,No,3,0.06642144779399657,No,Normal Risk,Continue regular engagement
7083-YNSKY,15,25.4,399.6,No,Month-to-month,Yes,0,0.1893416212386988,No,Normal Risk,Continue regular engagement
6893-ODYYE,50,90.1,4549.45,Fiber optic,One year,No,4,0.050837617140248426,No,Normal Risk,Continue regular engagement
8242-JSVBO,7,44.65,322.5,DSL,Month-to-month,No,0,0.758999303288796,Yes,High Risk,Offer contract upgrade discount
2479-BRAMR,41,83.75,3273.55,Fiber optic,Month-to-month,Yes,2,0.3579591302340107,No,Normal Risk,Continue regular engagement
9541-ZPSEA,68,80.35,5375.15,Fiber optic,Two year,No,2,0.02223544531588405,No,Normal Risk,Continue regular engagement
2665-NPTGL,26,98.1,2510.7,Fiber optic,Month-to-month,No,3,0.750183878931995,Yes,High Risk,Offer contract upgrade discount
1139-WUOAH,57,53.35,3090.05,DSL,Two year,No,4,0.027645652546929647,No,Normal Risk,Continue regular engagement
4693-VWVBO,3,19.55,61.05,No,Month-to-month,No,0,0.5192985401080139,Yes,Normal Risk,Continue regular engagement
7434-SHXLS,1,20.9,20.9,No,Month-to-month,Yes,0,0.457488554999325,No,Normal Risk,Continue regular engagement
6937-GCDGQ,19,48.95,955.6,DSL,One year,No,1,0.081122723318123,No,Normal Risk,Continue regular engagement
0988-JRWWP,3,54.2,140.4,DSL,Month-to-month,No,1,0.7766076163252396,Yes,High Risk,Offer contract upgrade discount
5075-JSDKI,59,24.45,1493.1,No,Two year,No,0,0.016494046598732152,No,Normal Risk,Continue regular engagement
7908-QCBCA,1,69.4,69.4,Fiber optic,Month-to-month,Yes,0,0.7880717867957221,Yes,High Risk,Offer contract upgrade discount
8644-XYTSV,42,40.15,1626.05,DSL,Month-to-month,No,2,0.2788148928883391,No,Normal Risk,Continue regular engagement
6711-FLDFB,7,74.9,541.15,Fiber optic,Month-to-month,Yes,0,0.8693717506814214,Yes,High Risk,Offer contract upgrade discount
3873-WOSBC,67,25.6,1784.9,No,Two year,No,0,0.00468937292020938,No,Normal Risk,Continue regular engagement
7465-ZZRVX,1,70.35,70.35,Fiber optic,Month-to-month,No,0,0.8574677079385218,Yes,High Risk,Offer contract upgrade discount
7975-JMZNT,66,91.7,6075.9,DSL,Two year,No,6,0.033366038318167306,No,Normal Risk,Continue regular engagement
7251-XFOIL,61,89.2,5500.6,Fiber optic,Month-to-month,No,2,0.5498356274850997,Yes,Normal Risk,Continue regular engagement
4116-IQRFR,4,24.1,73.1,No,One year,No,0,0.061867803329567345,No,Normal Risk,Continue regular engagement
3714-JTVOV,42,74.15,3229.4,Fiber optic,Month-to-month,Yes,1,0.2662998696513671,No,Normal Risk,Continue regular engagement
8259-DZLIZ,64,53.85,3399.85,DSL,One year,No,1,0.05124412451045614,No,Normal Risk,Continue regular engagement
0442-ZXKVS,54,115.6,6431.05,Fiber optic,One year,No,6,0.21077076585998492,No,Normal Risk,Continue regular engagement
7853-WNZSY,1,19.75,19.75,No,Month-to-month,No,0,0.3548190904318232,No,Normal Risk,Continue regular engagement
3120-FAZKD,54,24.05,1230.9,No,Two year,No,0,0.009649414464059841,No,Normal Risk,Continue regular engagement
8606-OEGQZ,18,25.3,454.65,No,Two year,No,0,0.02215473530426266,No,Normal Risk,Continue regular engagement
0225-ZORZP,3,84.3,235.05,Fiber optic,Month-to-month,No,2,0.7975939610933295,Yes,High Risk,Offer contract upgrade discount
4702-IOQDC,1,70.1,70.1,Fiber optic,Month-to-month,Yes,0,0.8850229549018692,Yes,High Risk,Offer contract upgrade discount
9489-JMTTN,72,89.75,6595.9,DSL,Two year,No,6,0.007578262509459225,No,Normal Risk,Continue regular engagement
0575-CUQOV,60,97.95,5867.0,Fiber optic,One year,No,4,0.2245692389623488,No,Normal Risk,Continue regular engagement
0967-BMLBD,11,20.0,196.35,No,One year,No,0,0.08141357418413431,No,Normal Risk,Continue regular engagement
6178-KFNHS,12,78.3,909.25,Fiber optic,Month-to-month,Yes,1,0.588436337222253,Yes,Normal Risk,Continue regular engagement
2830-LEWOA,61,103.9,6449.15,Fiber optic,One year,No,5,0.0672970574433459,No,Normal Risk,Continue regular engagement
5006-MXVRN,39,20.7,762.45,No,Two year,No,0,0.020382301413709357,No,Normal Risk,Continue regular engagement
1264-BYWMS,55,96.8,5283.95,Fiber optic,Month-to-month,Yes,2,0.7737974601760813,Yes,High Risk,Offer contract upgrade discount
9658-WYUFB,17,94.4,1617.5,Fiber optic,Month-to-month,Yes,3,0.5417271938982804,Yes,Normal Risk,Continue regular engagement
8327-WKMIE,37,20.15,785.75,No,One year,No,0,0.02828367086992321,No,Normal Risk,Continue regular engagement
6917-FIJHC,72,26.0,1776.0,No,Two year,No,0,0.0061218568779878016,No,Normal Risk,Continue regular engagement
5329-KRDTM,72,77.35,5396.25,DSL,Two year,No,4,0.010490062285764457,No,Normal Risk,Continue regular engagement
7797-EJMDP,8,66.05,574.5,DSL,Month-to-month,No,3,0.5667535931703783,Yes,Normal Risk,Continue regular engagement
3530-VWVGU,22,19.9,400.3,No,Month-to-month,No,0,0.07202266985748171,No,Normal Risk,Continue regular engagement
2013-SGDXK,1,84.3,84.3,Fiber optic,Month-to-month,Yes,2,0.8356974358889019,Yes,High Risk,Offer contract upgrade discount
6368-NWMCE,38,68.15,2656.3,DSL,Month-to-month,No,3,0.1545999297313117,No,Normal Risk,Continue regular engagement
3633-CDBUW,17,80.85,1445.95,DSL,One year,No,5,0.07465948647227072,No,Normal Risk,Continue regular engagement
0707-HOVVN,70,75.5,5212.65,DSL,Two year,No,4,0.04247435898543512,No,Normal Risk,Continue regular engagement
8580-QVLOC,72,92.45,6440.25,DSL,Two year,Yes,6,0.006691147519583672,No,Normal Risk,Continue regular engagement
3956-MGXOG,28,80.6,2244.95,Fiber optic,Month-to-month,No,1,0.7973794198577641,Yes,High Risk,Offer contract upgrade discount
9274-UARKJ,15,83.2,1130.0,Fiber optic,Month-to-month,No,2,0.7571212357751252,Yes,High Risk,Offer contract upgrade discount
4077-HWUYD,72,87.55,6463.15,DSL,Two year,No,6,0.013077517998212223,No,Normal Risk,Continue regular engagement
2012-NWRPA,11,99.55,1131.2,Fiber optic,Month-to-month,Yes,3,0.8104486856248562,Yes,High Risk,Offer contract upgrade discount
8808-ELEHO,8,81.25,585.95,Fiber optic,Month-to-month,Yes,1,0.7628542095468556,Yes,High Risk,Offer contract upgrade discount
0103-CSITQ,57,109.4,6252.7,Fiber optic,One year,No,5,0.3485098076008034,No,Normal Risk,Continue regular engagement
3506-LCJDC,1,19.95,19.95,No,Month-to-month,Yes,0,0.37018035761691154,No,Normal Risk,Continue regular engagement
8671-KKKOS,46,45.55,2062.15,DSL,Month-to-month,No,3,0.1741573571459718,No,Normal Risk,Continue regular engagement
7305-ZWMAJ,30,20.7,587.1,No,One year,No,0,0.02960465327835962,No,Normal Risk,Continue regular engagement
9518-XXBXE,10,75.3,720.45,Fiber optic,Month-to-month,No,1,0.575330898207909,Yes,Normal Risk,Continue regular engagement
3934-HXCFZ,23,99.25,2186.4,Fiber optic,Month-to-month,Yes,4,0.33489093791923696,No,Normal Risk,Continue regular engagement
6578-KRMAW,32,93.4,2979.3,Fiber optic,Month-to-month,No,4,0.2764906135446013,No,Normal Risk,Continue regular engagement
4860-IJUDE,13,73.75,956.65,Fiber optic,Month-to-month,No,1,0.3845478007416994,No,Normal Risk,Continue regular engagement
7666-WKRON,39,80.45,3201.55,Fiber optic,Two year,Yes,2,0.1900804231330401,No,Normal Risk,Continue regular engagement
9688-YGXVR,44,88.15,3973.2,Fiber optic,Month-to-month,No,3,0.45125225323365886,No,Normal Risk,Continue regular engagement
0423-UDIJQ,9,49.2,447.9,DSL,Month-to-month,No,1,0.32099474646986553,No,Normal Risk,Continue regular engagement
1945-XISKS,67,19.65,1335.2,No,Two year,No,0,0.0056868726421277485,No,Normal Risk,Continue regular engagement
4910-AQFFX,9,79.35,661.25,Fiber optic,Month-to-month,Yes,1,0.6941349252024179,Yes,Normal Risk,Continue regular engagement
2154-KVJFF,15,79.75,1111.85,Fiber optic,Month-to-month,Yes,1,0.6651920250807599,Yes,Normal Risk,Continue regular engagement
5360-LJCNJ,71,105.15,7555.0,Fiber optic,Two year,No,4,0.35938899777602795,No,Normal Risk,Continue regular engagement
2607-FBDFF,1,49.0,49.0,DSL,Month-to-month,No,1,0.3946386838924052,No,Normal Risk,Continue regular engagement
9647-ERGBE,30,100.05,3046.15,Fiber optic,Month-to-month,Yes,3,0.6341352713957754,Yes,Normal Risk,Continue regular engagement
3428-XZMAZ,1,69.35,69.35,Fiber optic,Month-to-month,Yes,0,0.8481937616177134,Yes,High Risk,Offer contract upgrade discount
1100-DDVRV,17,49.8,836.35,DSL,Month-to-month,No,3,0.3629070833654689,No,Normal Risk,Continue regular engagement
0378-TOVMS,3,85.8,272.2,Fiber optic,Month-to-month,Yes,2,0.8199452557969771,Yes,High Risk,Offer contract upgrade discount
4355-HBJHH,67,79.7,5293.4,DSL,Two year,Yes,4,0.024456859402837705,No,Normal Risk,Continue regular engagement
6728-WYQBC,1,20.95,20.95,No,Month-to-month,No,0,0.5944815444214607,Yes,Normal Risk,Continue regular engagement
9058-CBREO,1,50.55,50.55,DSL,Month-to-month,Yes,0,0.6172623130437068,Yes,Normal Risk,Continue regular engagement
9029-FEGVJ,32,79.3,2570.0,Fiber optic,Month-to-month,No,1,0.4310947761883111,No,Normal Risk,Continue regular engagement
7216-KAOID,41,19.5,798.2,No,One year,No,0,0.025333380520585022,No,Normal Risk,Continue regular engagement
0318-QUUOB,1,80.55,80.55,Fiber optic,Month-to-month,Yes,1,0.8455701044574694,Yes,High Risk,Offer contract upgrade discount
6145-NNPNO,1,44.15,44.15,DSL,Month-to-month,No,0,0.8147070928105861,Yes,High Risk,Offer contract upgrade discount
5520-FVEWJ,12,84.5,916.9,Fiber optic,Month-to-month,Yes,2,0.5596936068285787,Yes,Normal Risk,Continue regular engagement
5339-TJFEK,62,105.5,6487.2,Fiber optic,Month-to-month,No,4,0.3272788774244387,No,Normal Risk,Continue regular engagement
5572-ZDXHY,22,84.3,1855.65,Fiber optic,Month-to-month,Yes,2,0.6001184192119657,Yes,Normal Risk,Continue regular engagement
2074-GUHPQ,17,92.7,1556.85,Fiber optic,Month-to-month,No,3,0.2457759347113592,No,Normal Risk,Continue regular engagement
4625-XMOYM,72,26.25,1988.05,No,Two year,No,0,0.008473907712482099,No,Normal Risk,Continue regular engagement
5827-MWCZK,56,96.95,5432.2,Fiber optic,Month-to-month,No,3,0.19112873505901398,No,Normal Risk,Continue regular engagement
1385-TQOZW,9,20.45,147.55,No,Month-to-month,No,0,0.3511693053948866,No,Normal Risk,Continue regular engagement
5914-XRFQB,72,115.8,8424.9,Fiber optic,Two year,No,6,0.12983528235083444,No,Normal Risk,Continue regular engagement
4329-YPDDQ,20,108.2,2203.7,Fiber optic,Month-to-month,No,6,0.39304849455634217,No,Normal Risk,Continue regular engagement
4804-NCPET,19,20.2,387.4,No,Two year,No,0,0.01472841892790118,No,Normal Risk,Continue regular engagement
3750-CKVKH,2,67.75,116.65,Fiber optic,Month-to-month,Yes,0,0.8283571056382327,Yes,High Risk,Offer contract upgrade discount
5944-UGLLK,53,54.9,3045.75,DSL,One year,No,4,0.060849827620186675,No,Normal Risk,Continue regular engagement
8063-GBATB,27,85.25,2287.25,Fiber optic,Month-to-month,Yes,1,0.7530953614835183,Yes,High Risk,Offer contract upgrade discount
7787-BNTZM,6,20.15,130.5,No,Month-to-month,No,0,0.5319551003886764,Yes,Normal Risk,Continue regular engagement
2252-ISRNH,9,90.35,767.9,Fiber optic,One year,No,2,0.4200391646413192,No,Normal Risk,Continue regular engagement
9415-TPKRV,8,55.75,446.8,DSL,Month-to-month,No,1,0.43461499363830525,No,Normal Risk,Continue regular engagement
5322-TEUJK,71,114.6,8100.25,Fiber optic,Two year,No,6,0.0779920528305362,No,Normal Risk,Continue regular engagement
4547-KQRTM,10,80.05,830.7,Fiber optic,Month-to-month,Yes,1,0.8629076580908287,Yes,High Risk,Offer contract upgrade discount
4877-EVATK,1,20.0,20.0,No,Month-to-month,Yes,0,0.3770893628732111,No,Normal Risk,Continue regular engagement
1866-DIOQZ,71,66.8,4689.15,DSL,One year,No,6,0.04814630403811248,No,Normal Risk,Continue regular engagement
8375-KVTHK,68,100.3,6754.35,Fiber optic,One year,No,4,0.22564980629430678,No,Normal Risk,Continue regular engagement
2697-NQBPF,34,105.35,3540.65,Fiber optic,Month-to-month,No,4,0.5806158688355461,Yes,Normal Risk,Continue regular engagement
3709-OIJEA,26,85.2,2184.6,Fiber optic,One year,No,3,0.19589242203546842,No,Normal Risk,Continue regular engagement
7639-SUPCW,22,48.8,1054.6,DSL,Month-to-month,Yes,1,0.19918007694026194,No,Normal Risk,Continue regular engagement
1386-ZIKUV,7,18.95,130.55,No,Month-to-month,No,0,0.3202703231657447,No,Normal Risk,Continue regular engagement
0599-XNYDO,20,69.8,1540.35,Fiber optic,Month-to-month,No,0,0.7725690973007482,Yes,High Risk,Offer contract upgrade discount
6377-WHAOX,60,106.15,6411.25,Fiber optic,Month-to-month,No,4,0.6717573416850726,Yes,Normal Risk,Continue regular engagement
6855-VLGOS,72,20.55,1432.55,No,Two year,No,0,0.0032443315818811097,No,Normal Risk,Continue regular engagement
8999-XXGNS,72,105.75,7629.85,Fiber optic,One year,No,4,0.2246960987407651,No,Normal Risk,Continue regular engagement
8746-OQQRW,4,25.25,101.9,No,Month-to-month,No,0,0.34800920372903105,No,Normal Risk,Continue regular engagement
3181-MIZBN,16,19.75,313.4,No,Month-to-month,No,0,0.10410801204739127,No,Normal Risk,Continue regular engagement
0471-ARVMX,62,104.85,6312.9,Fiber optic,One year,No,4,0.25080610377129764,No,Normal Risk,Continue regular engagement
7766-CLTIC,10,60.95,629.55,DSL,Month-to-month,No,2,0.5452488935942441,Yes,Normal Risk,Continue regular engagement
5650-YLIBA,31,81.15,2640.55,Fiber optic,Month-to-month,No,1,0.6271198859141329,Yes,Normal Risk,Continue regular engagement
0825-CPPQH,71,19.1,1372.45,No,Two year,No,0,0.003955332569702742,No,Normal Risk,Continue regular engagement
9084-OAYKL,58,20.8,1212.25,No,Two year,No,0,0.008899300999217869,No,Normal Risk,Continue regular engagement
6122-LJADA,70,90.15,6237.05,DSL,Two year,No,6,0.006121906351211896,No,Normal Risk,Continue regular engagement
2400-XIWIO,71,90.1,6310.9,DSL,Two year,No,6,0.022945582434074657,No,Normal Risk,Continue regular engagement
7524-VRLPL,69,74.1,5031.0,DSL,Two year,No,4,0.008110305751232273,No,Normal Risk,Continue regular engagement
1069-XAIEM,1,85.05,85.05,Fiber optic,Month-to-month,Yes,1,0.8732364912241669,Yes,High Risk,Offer contract upgrade discount
7569-NMZYQ,72,118.75,8672.45,Fiber optic,Two year,No,6,0.12882722803678257,No,Normal Risk,Continue regular engagement
5201-USSQZ,26,85.9,2196.45,Fiber optic,Month-to-month,No,2,0.47557552884518467,No,Normal Risk,Continue regular engagement
2105-PHWON,33,95.0,3008.15,Fiber optic,Month-to-month,No,3,0.3999942813868362,No,Normal Risk,Continue regular engagement
1494-EJZDW,10,20.15,220.8,No,Two year,No,0,0.04927121630506689,No,Normal Risk,Continue regular engagement
4884-TVUQF,57,101.3,5779.6,Fiber optic,Two year,No,4,0.06277776094853159,No,Normal Risk,Continue regular engagement
8003-EWNDZ,10,21.2,222.65,No,Month-to-month,No,0,0.4994353644529837,No,Normal Risk,Continue regular engagement
1897-RCFUM,39,24.2,914.6,No,One year,No,0,0.01726559464092635,No,Normal Risk,Continue regular engagement
9256-JTBNZ,11,20.3,246.3,No,Month-to-month,No,0,0.5524985599197089,Yes,Normal Risk,Continue regular engagement
4658-HCOHW,21,102.8,2110.15,Fiber optic,Month-to-month,Yes,5,0.3155810481665251,No,Normal Risk,Continue regular engagement
2211-RMNHO,68,85.3,5560.0,DSL,Two year,No,5,0.03351148278235125,No,Normal Risk,Continue regular engagement
2432-TFSMK,18,89.6,1633.0,Fiber optic,One year,No,2,0.30767131915196944,No,Normal Risk,Continue regular engagement
3440-JPSCL,6,99.95,547.65,Fiber optic,Month-to-month,Yes,4,0.7170168019035278,Yes,High Risk,Offer contract upgrade discount
4929-ROART,18,56.25,969.85,DSL,Month-to-month,No,1,0.21850892054910734,No,Normal Risk,Continue regular engagement
1834-ABKHQ,52,50.95,2610.65,DSL,One year,No,1,0.08970636610478802,No,Normal Risk,Continue regular engagement
1741-WTPON,56,115.85,6567.9,Fiber optic,Two year,No,6,0.03365537824702366,No,Normal Risk,Continue regular engagement
3932-IJWDZ,45,103.65,4747.85,Fiber optic,Month-to-month,No,4,0.6693659680536002,Yes,Normal Risk,Continue regular engagement
1240-HCBOH,67,26.1,1759.55,No,Two year,No,0,0.0099529615974392,No,Normal Risk,Continue regular engagement
3594-KADLU,3,35.1,101.1,DSL,Month-to-month,No,2,0.28503480566340345,No,Normal Risk,Continue regular engagement
8065-BVEPF,65,99.1,6496.15,Fiber optic,Month-to-month,No,4,0.6233909260932904,Yes,Normal Risk,Continue regular engagement
3796-ENZGF,63,67.25,4234.15,DSL,Two year,No,3,0.014253494841641255,No,Normal Risk,Continue regular engagement
1734-ZMNTZ,11,25.0,300.7,No,Two year,No,0,0.046532569219469244,No,Normal Risk,Continue regular engagement
2853-CWQFQ,1,59.55,59.55,DSL,Month-to-month,No,2,0.35986961744399243,No,Normal Risk,Continue regular engagement
0813-TAXXS,55,77.8,4323.35,DSL,Two year,No,3,0.2126775788774511,No,Normal Risk,Continue regular engagement
2519-TWKFS,25,55.1,1466.1,DSL,One year,No,1,0.04471541009682891,No,Normal Risk,Continue regular engagement
2889-FPWRM,72,117.8,8684.8,Fiber optic,One year,Yes,6,0.24702099276538145,No,Normal Risk,Continue regular engagement
0626-QXNGV,72,24.15,1776.45,No,Two year,No,0,0.0046188375741423905,No,Normal Risk,Continue regular engagement
6723-CEGQI,65,45.25,2933.95,DSL,Two year,No,3,0.012318922939939778,No,Normal Risk,Continue regular engagement
6987-XQSJT,54,79.5,4370.25,Fiber optic,Month-to-month,Yes,1,0.4996446850090246,No,Normal Risk,Continue regular engagement
4732-RRJZC,7,20.25,144.35,No,Month-to-month,No,0,0.17345349256537934,No,Normal Risk,Continue regular engagement
9499-XPZXM,72,64.75,4804.75,DSL,Two year,No,3,0.0164033231878795,No,Normal Risk,Continue regular engagement
4338-EYCER,21,54.6,1125.2,DSL,Month-to-month,No,1,0.49902469690750484,No,Normal Risk,Continue regular engagement
3007-FDPEA,2,20.7,39.85,No,Month-to-month,No,0,0.658953225704505,Yes,Normal Risk,Continue regular engagement
6350-XFYGW,4,94.75,422.4,Fiber optic,Month-to-month,No,3,0.8226378683286325,Yes,High Risk,Offer contract upgrade discount
4290-BSXUX,3,79.65,251.75,Fiber optic,Month-to-month,Yes,1,0.7599387445968275,Yes,High Risk,Offer contract upgrade discount
8513-OLYGY,72,115.8,8332.15,Fiber optic,Two year,No,6,0.04872888964552619,No,Normal Risk,Continue regular engagement
0311-QYWSS,6,49.45,314.6,DSL,Month-to-month,No,1,0.5784558320472328,Yes,Normal Risk,Continue regular engagement
8705-DWKTI,52,83.8,4331.4,Fiber optic,Month-to-month,No,2,0.4552001988244812,No,Normal Risk,Continue regular engagement
8755-IWJHN,69,95.35,6382.0,Fiber optic,Month-to-month,No,3,0.484749453584932,No,Normal Risk,Continue regular engagement
0325-XBFAC,8,94.7,740.3,Fiber optic,Month-to-month,Yes,3,0.8491730786753615,Yes,High Risk,Offer contract upgrade discount
4480-QQRHC,8,74.05,600.15,Fiber optic,Month-to-month,No,1,0.8453087451986554,Yes,High Risk,Offer contract upgrade discount
0929-PECLO,63,89.6,5538.8,Fiber optic,Month-to-month,No,2,0.6839816582161548,Yes,Normal Risk,Continue regular engagement
3680-CTHUH,60,116.6,7049.5,Fiber optic,One year,No,6,0.1190816569244231,No,Normal Risk,Continue regular engagement
1202-KKGFU,12,54.2,690.5,DSL,Month-to-month,No,2,0.39116628582267327,No,Normal Risk,Continue regular engagement
6112-KTHFQ,13,19.3,279.3,No,Month-to-month,No,0,0.21298542818786056,No,Normal Risk,Continue regular engagement
1852-XEMDW,22,65.05,1427.55,DSL,Month-to-month,No,3,0.1123026521234481,No,Normal Risk,Continue regular engagement
2462-XIIJB,5,92.5,452.7,Fiber optic,Month-to-month,Yes,2,0.8516185649620865,Yes,High Risk,Offer contract upgrade discount
4760-XOHVN,1,19.45,19.45,No,Month-to-month,Yes,0,0.24644120220711843,No,Normal Risk,Continue regular engagement
1820-DJFPH,72,24.05,1709.15,No,Two year,No,0,0.006452137003812574,No,Normal Risk,Continue regular engagement
9426-SXNHE,2,18.75,53.15,No,Month-to-month,No,0,0.6108234466393548,Yes,Normal Risk,Continue regular engagement
9068-FHQHD,40,20.15,777.35,No,Two year,No,0,0.021179732203711474,No,Normal Risk,Continue regular engagement
1269-FOYWN,44,20.0,860.85,No,One year,No,0,0.02338721773910442,No,Normal Risk,Continue regular engagement
9470-YFUYI,71,71.0,5012.1,DSL,One year,No,4,0.02606740249489617,No,Normal Risk,Continue regular engagement
7817-BOQPW,2,75.55,166.3,Fiber optic,Month-to-month,Yes,0,0.8840668764683299,Yes,High Risk,Offer contract upgrade discount
7402-EYFXX,26,93.6,2404.1,Fiber optic,Month-to-month,No,2,0.7232034692961662,Yes,High Risk,Offer contract upgrade discount
1853-UDXBW,1,70.0,70.0,Fiber optic,Month-to-month,Yes,0,0.7167689419054678,Yes,High Risk,Offer contract upgrade discount
9895-VFOXH,1,24.4,24.4,DSL,Month-to-month,No,0,0.7348405476092147,Yes,High Risk,Offer contract upgrade discount
5458-CQJTA,65,74.8,4820.15,DSL,Two year,Yes,4,0.022845736455908656,No,Normal Risk,Continue regular engagement
1230-QAJDW,3,65.25,209.9,DSL,Month-to-month,No,2,0.4883096644844986,No,Normal Risk,Continue regular engagement
5701-ZIKJE,13,50.55,610.75,DSL,Month-to-month,No,1,0.2568043031621125,No,Normal Risk,Continue regular engagement
5219-YIPTK,33,104.4,3409.6,Fiber optic,Month-to-month,Yes,4,0.661227363316873,Yes,Normal Risk,Continue regular engagement
5032-MIYKT,1,70.7,70.7,Fiber optic,Month-to-month,No,0,0.8400405076688758,Yes,High Risk,Offer contract upgrade discount
7396-VJUZB,4,45.25,155.35,DSL,Month-to-month,No,0,0.3878145323750865,No,Normal Risk,Continue regular engagement
9717-QEBGU,2,70.3,144.0,Fiber optic,Month-to-month,No,0,0.8547732946549894,Yes,High Risk,Offer contract upgrade discount
5172-RKOCB,72,108.95,7875.0,Fiber optic,Two year,No,5,0.04963808146134505,No,Normal Risk,Continue regular engagement
6509-TSGWN,37,26.45,911.6,No,Month-to-month,No,0,0.054996840829346784,No,Normal Risk,Continue regular engagement
3540-RZJYU,15,86.2,1270.2,Fiber optic,Month-to-month,Yes,2,0.6561081594788123,Yes,Normal Risk,Continue regular engagement
3178-CIFOT,23,19.65,478.1,No,One year,No,0,0.0554197726971816,No,Normal Risk,Continue regular engagement
2091-MJTFX,30,51.2,1561.5,DSL,Month-to-month,Yes,3,0.19237602089747316,No,Normal Risk,Continue regular engagement
4530-NDRKU,42,19.05,761.85,No,One year,No,0,0.02191422783439599,No,Normal Risk,Continue regular engagement
5985-TBABQ,32,74.75,2282.95,DSL,One year,No,3,0.1411238804149913,No,Normal Risk,Continue regular engagement
9800-ONTFE,22,75.8,1615.1,Fiber optic,Month-to-month,No,0,0.6470944763143842,Yes,Normal Risk,Continue regular engagement
6743-HHQPF,42,25.1,1097.15,DSL,Month-to-month,No,0,0.17834090139442427,No,Normal Risk,Continue regular engagement
8455-HIRAQ,8,44.45,369.3,DSL,Month-to-month,No,0,0.6187487042801771,Yes,Normal Risk,Continue regular engagement
6616-AALSR,65,104.3,6725.3,Fiber optic,Two year,No,4,0.07231235248325865,No,Normal Risk,Continue regular engagement
0883-EIBTI,2,19.5,31.55,No,Month-to-month,Yes,0,0.421390299649858,No,Normal Risk,Continue regular engagement
9415-ZNBSX,70,89.0,6293.2,DSL,Two year,No,6,0.01936107226767549,No,Normal Risk,Continue regular engagement
4018-KJYUY,22,20.15,432.5,No,Month-to-month,No,0,0.06369207278751801,No,Normal Risk,Continue regular engagement
0722-TROQR,4,74.9,321.75,Fiber optic,Month-to-month,Yes,0,0.8441969192106563,Yes,High Risk,Offer contract upgrade discount
7571-YXDAD,2,74.9,147.15,Fiber optic,Month-to-month,Yes,0,0.7911637992963851,Yes,High Risk,Offer contract upgrade discount
3884-UEBXB,67,36.15,2434.45,DSL,Two year,No,2,0.014028739931005913,No,Normal Risk,Continue regular engagement
8780-RSYYU,25,19.2,532.1,No,Month-to-month,No,0,0.14296760171500839,No,Normal Risk,Continue regular engagement
5537-UXXVS,20,19.25,375.25,No,Month-to-month,No,0,0.2473610416419666,No,Normal Risk,Continue regular engagement
1791-PQHBB,2,61.2,125.95,DSL,Month-to-month,No,2,0.39568526481875005,No,Normal Risk,Continue regular engagement
8701-DGLVH,51,20.45,1042.65,No,Two year,No,0,0.011305147251535934,No,Normal Risk,Continue regular engagement
8741-LQOBK,46,35.05,1620.25,DSL,Month-to-month,No,2,0.10797079094163646,No,Normal Risk,Continue regular engagement
3393-FMZPV,25,100.25,2387.75,Fiber optic,Month-to-month,Yes,3,0.772307805393256,Yes,High Risk,Offer contract upgrade discount
8082-GHXOP,13,44.0,659.35,DSL,Month-to-month,No,0,0.2414618471564982,No,Normal Risk,Continue regular engagement
6402-ZFPPI,25,102.8,2660.2,Fiber optic,Month-to-month,Yes,4,0.43186511836938435,No,Normal Risk,Continue regular engagement
0980-FEXWF,26,50.35,1285.8,DSL,One year,No,1,0.05741285711934226,No,Normal Risk,Continue regular engagement
7486-KSRVI,43,100.0,4211.55,Fiber optic,One year,Yes,3,0.3915307645192078,No,Normal Risk,Continue regular engagement
3011-WQKSZ,19,20.0,377.55,No,Month-to-month,No,0,0.12641019215848068,No,Normal Risk,Continue regular engagement
8443-WVPSS,10,99.85,990.9,Fiber optic,Month-to-month,Yes,4,0.660491461856838,Yes,Normal Risk,Continue regular engagement
3006-XIMLN,2,94.2,193.8,Fiber optic,Month-to-month,Yes,2,0.886649951853866,Yes,High Risk,Offer contract upgrade discount
8218-FFJDS,72,86.4,6058.95,DSL,Two year,No,5,0.044030428785773935,No,Normal Risk,Continue regular engagement
1986-PHGZF,18,58.4,964.9,DSL,Month-to-month,No,2,0.09519977673905962,No,Normal Risk,Continue regular engagement
9965-YOKZB,9,83.85,790.15,Fiber optic,Month-to-month,Yes,1,0.8142787548626256,Yes,High Risk,Offer contract upgrade discount
0504-HHAPI,27,88.3,2467.75,Fiber optic,Month-to-month,Yes,2,0.532529851092583,Yes,Normal Risk,Continue regular engagement
9360-OMDZZ,24,94.1,2322.85,Fiber optic,Month-to-month,No,2,0.764293925804159,Yes,High Risk,Offer contract upgrade discount
6305-YLBMM,69,104.05,7262.0,Fiber optic,One year,Yes,5,0.3097300569761054,No,Normal Risk,Continue regular engagement
0345-XMMUG,46,108.9,4854.3,Fiber optic,Two year,No,5,0.09996828372484728,No,Normal Risk,Continue regular engagement
8024-XNAFQ,72,107.4,7748.75,Fiber optic,Two year,No,5,0.12548810865008625,No,Normal Risk,Continue regular engagement
3647-GMGDH,22,94.7,1914.9,Fiber optic,Month-to-month,Yes,3,0.5227103425348089,Yes,Normal Risk,Continue regular engagement
2988-GBIVW,70,90.85,6470.1,Fiber optic,Month-to-month,No,2,0.45030997600103795,No,Normal Risk,Continue regular engagement
2832-SCUCO,2,19.9,57.4,No,Month-to-month,No,0,0.5373046373604514,Yes,Normal Risk,Continue regular engagement
7036-ZZKBD,31,66.4,2019.8,DSL,Month-to-month,No,3,0.16307691001946442,No,Normal Risk,Continue regular engagement
3791-LGQCY,56,100.65,5688.05,Fiber optic,Month-to-month,Yes,3,0.7563658174940985,Yes,High Risk,Offer contract upgrade discount
0265-PSUAE,16,100.7,1522.7,Fiber optic,Month-to-month,No,4,0.5302577986363689,Yes,Normal Risk,Continue regular engagement
0463-TXOAK,52,25.6,1334.5,No,Two year,No,0,0.005699167347375166,No,Normal Risk,Continue regular engagement
0594-UFTUL,13,19.85,252.0,No,Month-to-month,No,0,0.08450564984175558,No,Normal Risk,Continue regular engagement
9509-MPYOD,35,20.75,700.45,No,One year,No,0,0.046583534853136835,No,Normal Risk,Continue regular engagement
9128-CPXKI,59,95.8,5655.45,Fiber optic,Two year,No,3,0.38449475434975766,No,Normal Risk,Continue regular engagement
0129-KPTWJ,72,94.65,6747.35,Fiber optic,Month-to-month,No,3,0.5894494036977236,Yes,Normal Risk,Continue regular engagement
8166-ZZTFS,66,80.55,5265.1,DSL,Two year,Yes,4,0.09164878351272128,No,Normal Risk,Continue regular engagement
5855-EIBDE,49,106.65,5174.35,Fiber optic,Two year,No,5,0.04953638340236352,No,Normal Risk,Continue regular engagement
5365-LLFYV,2,45.85,105.6,DSL,Month-to-month,No,0,0.698125897427896,Yes,Normal Risk,Continue regular engagement
5956-YHHRX,21,104.35,2271.85,Fiber optic,Month-to-month,No,4,0.5888502897679364,Yes,Normal Risk,Continue regular engagement
6008-NAIXK,54,55.45,2966.95,DSL,One year,No,4,0.10458586403339956,No,Normal Risk,Continue regular engagement
2956-GGUCQ,24,78.85,1772.25,Fiber optic,Month-to-month,Yes,1,0.3474836989306063,No,Normal Risk,Continue regular engagement
1928-BXYIV,1,61.15,61.15,DSL,Month-to-month,No,2,0.446000919270444,No,Normal Risk,Continue regular engagement
5760-FXFVO,6,78.95,494.95,Fiber optic,Month-to-month,No,2,0.6124300156204646,Yes,Normal Risk,Continue regular engagement
6595-COKXZ,1,44.45,44.45,DSL,Month-to-month,Yes,0,0.6810802524629063,Yes,Normal Risk,Continue regular engagement
0961-ZWLVI,49,109.2,5290.45,Fiber optic,One year,No,5,0.09284505706473833,No,Normal Risk,Continue regular engagement
5181-OABFK,56,61.3,3346.8,DSL,Two year,No,3,0.007778238511018011,No,Normal Risk,Continue regular engagement
4007-NHVHI,56,96.85,5219.65,Fiber optic,Month-to-month,No,3,0.4654784432664833,No,Normal Risk,Continue regular engagement
7816-VGHTO,6,40.55,217.5,DSL,Two year,No,3,0.05666300294845723,No,Normal Risk,Continue regular engagement
5871-DGTXZ,32,19.8,607.7,No,One year,No,0,0.03743183929350251,No,Normal Risk,Continue regular engagement
7550-WIQVA,50,108.25,5431.4,Fiber optic,One year,No,5,0.11762214206754357,No,Normal Risk,Continue regular engagement
7544-ZVIKX,58,105.05,6004.85,Fiber optic,One year,No,4,0.23965536029704285,No,Normal Risk,Continue regular engagement
0016-QLJIS,65,90.45,5957.9,DSL,Two year,No,6,0.010684179801115279,No,Normal Risk,Continue regular engagement
7508-DQAKK,64,86.4,5442.05,DSL,Two year,No,6,0.013464608285196702,No,Normal Risk,Continue regular engagement
5176-OLSKT,66,66.9,4370.25,DSL,Two year,No,3,0.03164532932904257,No,Normal Risk,Continue regular engagement
9356-AXGMP,38,110.7,4428.6,Fiber optic,One year,No,5,0.21090615773444898,No,Normal Risk,Continue regular engagement
3556-BVQGL,20,20.0,416.45,No,One year,No,0,0.057721808748975055,No,Normal Risk,Continue regular engagement
0362-ZBZWJ,36,84.9,3067.2,Fiber optic,Month-to-month,Yes,1,0.7249155203859926,Yes,High Risk,Offer contract upgrade discount
8979-CAMGB,64,102.1,6688.1,Fiber optic,One year,No,4,0.22077870676740416,No,Normal Risk,Continue regular engagement
4211-MMAZN,1,20.25,20.25,No,Month-to-month,Yes,0,0.3814394000167325,No,Normal Risk,Continue regular engagement
7581-EBBOU,60,70.15,4224.7,DSL,One year,No,4,0.039437889597995976,No,Normal Risk,Continue regular engagement
4274-OWWYO,1,74.35,74.35,Fiber optic,Month-to-month,Yes,1,0.7849984623165677,Yes,High Risk,Offer contract upgrade discount
5073-RZGBK,50,80.05,4042.2,DSL,One year,No,5,0.03231975240253195,No,Normal Risk,Continue regular engagement
1541-ETJZO,1,62.05,62.05,DSL,Month-to-month,Yes,2,0.41219365100337507,No,Normal Risk,Continue regular engagement
2192-CKRLV,72,49.2,3580.95,DSL,Two year,No,4,0.01819547467374412,No,Normal Risk,Continue regular engagement
3154-HMWUU,60,20.5,1198.8,No,Two year,No,0,0.014754566602630125,No,Normal Risk,Continue regular engagement
6119-SPUDB,46,38.25,1755.35,DSL,Two year,No,3,0.011122602451533658,No,Normal Risk,Continue regular engagement
6522-OIQSX,69,54.95,3772.5,DSL,Two year,No,4,0.01794805904896625,No,Normal Risk,Continue regular engagement
7813-ZGGAW,31,96.6,2877.95,Fiber optic,Month-to-month,No,3,0.597653990103922,Yes,Normal Risk,Continue regular engagement
8748-HFWBO,19,19.9,357.7,No,One year,No,0,0.02408970668934944,No,Normal Risk,Continue regular engagement
1052-QJIBV,71,19.9,1397.3,No,Two year,No,0,0.002350404580712734,No,Normal Risk,Continue regular engagement
1319-YLZJG,12,84.6,959.9,Fiber optic,Month-to-month,No,3,0.4714714840595996,No,Normal Risk,Continue regular engagement
4106-HADHQ,39,80.0,3182.95,DSL,One year,Yes,5,0.019415063347217966,No,Normal Risk,Continue regular engagement
0723-FDLAY,44,85.25,3704.15,DSL,One year,No,5,0.14384038691761272,No,Normal Risk,Continue regular engagement
3050-RLLXC,56,81.25,4620.4,DSL,Two year,No,5,0.006847915914939119,No,Normal Risk,Continue regular engagement
9298-WGMRW,72,115.5,8312.75,Fiber optic,Two year,No,6,0.15382320312013947,No,Normal Risk,Continue regular engagement
2369-UAPKZ,5,104.1,541.9,Fiber optic,Month-to-month,Yes,4,0.6878934095089969,Yes,Normal Risk,Continue regular engagement
3088-LHEFH,11,79.0,929.3,Fiber optic,Month-to-month,No,1,0.8090073077351424,Yes,High Risk,Offer contract upgrade discount
2778-OCLGR,24,39.1,971.3,DSL,Month-to-month,Yes,2,0.29751767819398955,No,Normal Risk,Continue regular engagement
6583-KQJLK,15,94.65,1285.05,Fiber optic,Month-to-month,No,3,0.6432897553526123,Yes,Normal Risk,Continue regular engagement
8544-JNBOX,72,20.8,1521.2,No,Two year,No,0,0.005540748852617557,No,Normal Risk,Continue regular engagement
6681-ZSEXG,56,59.5,3389.25,DSL,Two year,No,2,0.017938266944546682,No,Normal Risk,Continue regular engagement
6139-ZZRBQ,64,20.05,1198.05,No,Two year,No,0,0.011675472017896727,No,Normal Risk,Continue regular engagement
6116-RFVHN,34,100.45,3414.65,Fiber optic,Month-to-month,No,3,0.7553719714691995,Yes,High Risk,Offer contract upgrade discount
0637-KVDLV,2,76.5,162.45,Fiber optic,Month-to-month,Yes,0,0.8623381878567062,Yes,High Risk,Offer contract upgrade discount
8884-FEEWR,35,20.6,754.0,No,One year,No,0,0.078792506393182,No,Normal Risk,Continue regular engagement
3125-RAHBV,22,20.3,467.15,No,One year,No,0,0.043969520634806455,No,Normal Risk,Continue regular engagement
6633-MPWBS,5,49.2,216.9,DSL,Month-to-month,Yes,1,0.5266725174131938,Yes,Normal Risk,Continue regular engagement
0373-AIVNJ,9,39.55,373.0,DSL,One year,No,3,0.12770852016389667,No,Normal Risk,Continue regular engagement
8785-EPNCG,11,23.15,245.2,No,Month-to-month,Yes,0,0.23011121113263028,No,Normal Risk,Continue regular engagement
1682-VCOIO,23,20.45,481.1,No,One year,No,0,0.04911611992489838,No,Normal Risk,Continue regular engagement
5729-KLZAR,4,80.85,302.75,Fiber optic,Month-to-month,Yes,1,0.7886871433205103,Yes,High Risk,Offer contract upgrade discount
2072-ZVJJX,68,25.25,1728.2,No,Two year,No,0,0.011065541514610717,No,Normal Risk,Continue regular engagement
8849-AYPTR,33,91.25,2964.05,Fiber optic,Month-to-month,No,2,0.7351643608431278,Yes,High Risk,Offer contract upgrade discount
9518-IMLHK,31,72.45,2156.25,DSL,Month-to-month,No,5,0.1335006872600798,No,Normal Risk,Continue regular engagement
1582-RAFML,1,60.1,60.1,DSL,Month-to-month,Yes,2,0.34165318998219046,No,Normal Risk,Continue regular engagement
3646-ITDGM,56,19.7,1051.9,No,Two year,No,0,0.024520697115895655,No,Normal Risk,Continue regular engagement
8740-CRYFY,1,78.95,78.95,Fiber optic,Month-to-month,Yes,1,0.8618947937964967,Yes,High Risk,Offer contract upgrade discount
3569-VLDHH,66,75.1,5013.0,DSL,One year,No,5,0.011720839330140703,No,Normal Risk,Continue regular engagement
8224-KDLKN,72,25.0,1738.9,No,Two year,No,0,0.005017236417712749,No,Normal Risk,Continue regular engagement
7594-LZNWR,34,69.15,2275.1,Fiber optic,Month-to-month,No,0,0.41020059690271177,No,Normal Risk,Continue regular engagement
4001-TSBTV,58,91.55,5511.65,Fiber optic,Month-to-month,No,3,0.43511155873438495,No,Normal Risk,Continue regular engagement
2962-XPMCQ,2,45.15,98.5,DSL,Month-to-month,Yes,0,0.7202728050338347,Yes,High Risk,Offer contract upgrade discount
8727-XDPUD,37,35.8,1316.9,DSL,Two year,No,1,0.08511019772821792,No,Normal Risk,Continue regular engagement
1043-UXOVO,71,113.15,7993.3,Fiber optic,Two year,No,6,0.06467475298622562,No,Normal Risk,Continue regular engagement
1064-FBXNK,1,19.85,19.85,No,One year,No,0,0.07530577660188917,No,Normal Risk,Continue regular engagement
3996-ZNWYK,71,19.8,1388.45,No,Two year,No,0,0.0013755299394644653,No,Normal Risk,Continue regular engagement
2878-DHMIN,35,19.9,666.0,No,One year,No,0,0.02245497369615067,No,Normal Risk,Continue regular engagement
7762-ONLJY,6,19.7,94.45,No,One year,No,0,0.08977128329929923,No,Normal Risk,Continue regular engagement
1678-FYZOW,3,79.4,244.65,Fiber optic,Month-to-month,Yes,1,0.8909215421188152,Yes,High Risk,Offer contract upgrade discount
5795-BKOYE,69,59.1,4134.7,DSL,One year,No,3,0.021395066350441864,No,Normal Risk,Continue regular engagement
8627-EHGIP,44,53.95,2375.4,DSL,One year,Yes,4,0.10131348768119473,No,Normal Risk,Continue regular engagement
7402-PWYJJ,53,91.15,4862.5,Fiber optic,One year,No,2,0.333306973175654,No,Normal Risk,Continue regular engagement
5480-TBGPH,24,99.3,2431.35,Fiber optic,Month-to-month,Yes,4,0.502998504263215,Yes,Normal Risk,Continue regular engagement
0018-NYROU,5,68.95,351.5,Fiber optic,Month-to-month,No,0,0.8360468943320449,Yes,High Risk,Offer contract upgrade discount
7501-VTYLJ,2,51.55,106.2,DSL,Month-to-month,No,1,0.450596108711869,No,Normal Risk,Continue regular engagement
7608-RGIRO,62,24.4,1413.0,No,Two year,No,0,0.004148064826506823,No,Normal Risk,Continue regular engagement
0480-BIXDE,19,96.8,1743.05,Fiber optic,Month-to-month,No,3,0.7611169162854226,Yes,High Risk,Offer contract upgrade discount
5895-QSXOD,9,70.05,657.5,Fiber optic,Month-to-month,No,0,0.7557161176900667,Yes,High Risk,Offer contract upgrade discount
9814-AOUDH,53,19.5,1050.5,No,Two year,No,0,0.008315871185673172,No,Normal Risk,Continue regular engagement
6175-IRFIT,5,78.75,426.35,Fiber optic,Month-to-month,No,1,0.7880318595425861,Yes,High Risk,Offer contract upgrade discount
8760-ZRHKE,71,69.2,4982.5,DSL,One year,No,3,0.019672165116325916,No,Normal Risk,Continue regular engagement
1622-HSHSF,1,19.55,19.55,No,Month-to-month,No,0,0.45008398526498833,No,Normal Risk,Continue regular engagement
8854-CCVSQ,18,80.65,1451.9,Fiber optic,Month-to-month,Yes,1,0.6180656782949729,Yes,Normal Risk,Continue regular engagement
6749-UTDVX,72,103.65,7634.8,Fiber optic,Two year,No,4,0.24836403947519461,No,Normal Risk,Continue regular engagement
5542-DHSXL,4,54.7,235.05,DSL,Month-to-month,No,2,0.3154935698019546,No,Normal Risk,Continue regular engagement
9102-OXKFY,59,54.15,3116.15,DSL,Two year,No,1,0.02643054821274124,No,Normal Risk,Continue regular engagement
0511-JTEOY,1,71.1,71.1,Fiber optic,Month-to-month,Yes,0,0.834545123130879,Yes,High Risk,Offer contract upgrade discount
5216-WASFJ,31,84.85,2633.4,Fiber optic,Month-to-month,No,1,0.6867038920442702,Yes,Normal Risk,Continue regular engagement
7808-DVWEP,3,20.0,49.65,No,Month-to-month,No,0,0.49479478573801683,No,Normal Risk,Continue regular engagement
7067-KSAZT,65,106.25,6979.8,Fiber optic,One year,Yes,4,0.36477969300478813,No,Normal Risk,Continue regular engagement
2284-VFLKH,49,99.25,4920.8,Fiber optic,One year,No,4,0.17401596747509854,No,Normal Risk,Continue regular engagement
0366-NQSHS,2,19.35,46.35,No,Month-to-month,No,0,0.3573126763116938,No,Normal Risk,Continue regular engagement
6532-YLWSI,53,20.8,1021.8,No,One year,Yes,0,0.03976566638951796,No,Normal Risk,Continue regular engagement
3807-BPOMJ,55,94.75,5276.1,Fiber optic,One year,No,3,0.34967188154261103,No,Normal Risk,Continue regular engagement
3892-NXAZG,72,114.05,8289.2,Fiber optic,Two year,No,6,0.025615815005079746,No,Normal Risk,Continue regular engagement
4948-WBBKL,36,74.9,2659.45,Fiber optic,Month-to-month,No,0,0.7339381782021759,Yes,High Risk,Offer contract upgrade discount
4182-BGSIQ,10,19.8,196.75,No,Month-to-month,No,0,0.3616576868165911,No,Normal Risk,Continue regular engagement
9300-AGZNL,1,94.0,94.0,Fiber optic,Month-to-month,Yes,2,0.8490937283695682,Yes,High Risk,Offer contract upgrade discount
0988-AADSA,72,80.85,5824.75,DSL,Two year,No,5,0.013644838420950933,No,Normal Risk,Continue regular engagement
9972-NKTFD,28,54.65,1517.5,DSL,Month-to-month,No,2,0.31964788030814983,No,Normal Risk,Continue regular engagement
3717-LNXKW,38,91.7,3479.05,Fiber optic,Month-to-month,No,2,0.6124212050749727,Yes,Normal Risk,Continue regular engagement
5734-EJKXG,61,118.6,7365.7,Fiber optic,One year,No,6,0.2818947550846048,No,Normal Risk,Continue regular engagement
2207-RYYRL,52,24.55,1331.05,No,Two year,No,0,0.004763622513856488,No,Normal Risk,Continue regular engagement
6729-FZWSY,67,19.45,1195.95,No,One year,No,0,0.009515509775631073,No,Normal Risk,Continue regular engagement
9695-IDRZR,34,116.15,3946.9,Fiber optic,Two year,No,6,0.05198134276703981,No,Normal Risk,Continue regular engagement
8144-DGHXP,54,80.6,4299.95,DSL,Two year,No,5,0.04731179797754813,No,Normal Risk,Continue regular engagement
7814-LEEVE,1,20.3,20.3,No,Month-to-month,No,0,0.6035375068722142,Yes,Normal Risk,Continue regular engagement
1112-CUNAO,15,89.85,1424.95,Fiber optic,Month-to-month,Yes,2,0.6616614404426048,Yes,Normal Risk,Continue regular engagement
5175-AOBHI,4,46.0,193.6,DSL,Month-to-month,Yes,0,0.6876188846178876,Yes,Normal Risk,Continue regular engagement
5174-RNGBH,9,66.25,620.55,DSL,Month-to-month,Yes,3,0.4269771422458938,No,Normal Risk,Continue regular engagement
8631-WUXGY,46,99.8,4391.25,Fiber optic,Month-to-month,No,4,0.5406344076407547,Yes,Normal Risk,Continue regular engagement
7270-BDIOA,22,90.0,1993.8,Fiber optic,Month-to-month,Yes,2,0.6493915614988994,Yes,Normal Risk,Continue regular engagement
9565-JSNFM,38,70.45,2597.6,Fiber optic,One year,Yes,0,0.48898108557697034,No,Normal Risk,Continue regular engagement
5906-DVAPM,55,75.0,4213.9,DSL,One year,No,4,0.0132653259918237,No,Normal Risk,Continue regular engagement
6654-QGBZZ,1,19.9,19.9,No,Month-to-month,No,0,0.4392101818603537,No,Normal Risk,Continue regular engagement
8348-JLBUG,64,80.3,5017.7,Fiber optic,One year,No,2,0.053445256486237526,No,Normal Risk,Continue regular engagement
0607-DAAHE,53,19.75,1052.35,No,Two year,Yes,0,0.012231828765912103,No,Normal Risk,Continue regular engagement
5641-DMBFJ,58,84.3,4916.4,DSL,Two year,No,5,0.037213530176048636,No,Normal Risk,Continue regular engagement
9200-NLNPD,56,54.05,2959.8,DSL,One year,No,4,0.10016221066066959,No,Normal Risk,Continue regular engagement
2664-XJZNO,72,104.9,7559.55,Fiber optic,Two year,No,5,0.031964842952682725,No,Normal Risk,Continue regular engagement
9732-KPKBW,1,53.95,53.95,DSL,Month-to-month,Yes,2,0.3719677066063782,No,Normal Risk,Continue regular engagement
3339-EAQNV,72,97.25,7133.1,Fiber optic,One year,No,3,0.15561429868784443,No,Normal Risk,Continue regular engagement
0921-OHLVP,22,83.05,1799.3,Fiber optic,Month-to-month,No,1,0.6850840948611977,Yes,Normal Risk,Continue regular engagement
3389-YGYAI,8,105.5,829.55,Fiber optic,Month-to-month,Yes,4,0.7967817522633888,Yes,High Risk,Offer contract upgrade discount
9560-ARGQJ,16,81.0,1312.15,Fiber optic,Month-to-month,Yes,1,0.6937075968950391,Yes,Normal Risk,Continue regular engagement
8350-NYMVI,39,41.1,1597.05,DSL,Month-to-month,No,3,0.2548200101730996,No,Normal Risk,Continue regular engagement
1600-DILPE,12,45.0,524.35,DSL,Month-to-month,No,0,0.782366896476499,Yes,High Risk,Offer contract upgrade discount
0536-ESJEP,54,74.55,4191.45,DSL,Two year,No,4,0.06512720213047514,No,Normal Risk,Continue regular engagement
4654-GGUII,18,40.2,711.95,DSL,One year,No,3,0.05450326559486404,No,Normal Risk,Continue regular engagement
6478-HRRCZ,32,70.5,2201.75,DSL,One year,No,4,0.0292806876666128,No,Normal Risk,Continue regular engagement
8510-BBWMU,41,19.75,806.95,No,One year,No,0,0.036707436804896215,No,Normal Risk,Continue regular engagement
6857-TKDJV,67,24.65,1620.45,No,Two year,No,0,0.005920169228672717,No,Normal Risk,Continue regular engagement
2360-RDGRO,65,104.25,6812.95,Fiber optic,Month-to-month,No,4,0.48083026450396954,No,Normal Risk,Continue regular engagement
0584-BJQGZ,25,78.35,1837.9,DSL,Month-to-month,No,5,0.1956963394981856,No,Normal Risk,Continue regular engagement
5134-IKDAY,1,69.8,69.8,Fiber optic,Month-to-month,Yes,0,0.7647053781604966,Yes,High Risk,Offer contract upgrade discount
1360-XFJMR,67,109.7,7344.45,Fiber optic,One year,No,5,0.1675091618374142,No,Normal Risk,Continue regular engagement
3070-DVEYC,7,73.75,545.15,Fiber optic,Month-to-month,Yes,0,0.6878543725957101,Yes,Normal Risk,Continue regular engagement
5730-RIITO,43,33.45,1500.25,DSL,Month-to-month,No,2,0.0797074564480518,No,Normal Risk,Continue regular engagement
9058-MJLZC,24,94.6,2283.15,Fiber optic,Month-to-month,No,3,0.6807172129226109,Yes,Normal Risk,Continue regular engagement
5707-ORNDZ,9,54.55,494.05,DSL,Month-to-month,Yes,1,0.40692882619372467,No,Normal Risk,Continue regular engagement
0902-XKXPN,69,20.2,1376.5,No,Two year,No,0,0.005249079102616215,No,Normal Risk,Continue regular engagement
5177-RVZNU,37,20.3,755.4,No,One year,No,0,0.05203559131685691,No,Normal Risk,Continue regular engagement
0056-EPFBG,20,39.4,825.4,DSL,Two year,No,3,0.010015974096614881,No,Normal Risk,Continue regular engagement
8993-IZEUX,7,69.15,488.65,Fiber optic,Month-to-month,No,0,0.8704657612583342,Yes,High Risk,Offer contract upgrade discount
8696-JKZNU,37,76.25,2841.55,Fiber optic,Month-to-month,Yes,0,0.6796364647402627,Yes,Normal Risk,Continue regular engagement
5380-AFSSK,5,93.9,486.85,Fiber optic,Month-to-month,Yes,2,0.8564644334311312,Yes,High Risk,Offer contract upgrade discount
8190-ZTQFB,41,51.35,2075.1,DSL,One year,No,3,0.24422846270817075,No,Normal Risk,Continue regular engagement
0931-MHTEM,54,100.05,5299.65,Fiber optic,One year,No,4,0.21527827802756144,No,Normal Risk,Continue regular engagement
2055-PDADH,3,70.4,204.7,Fiber optic,Month-to-month,Yes,0,0.8532778963584661,Yes,High Risk,Offer contract upgrade discount
7515-LODFU,69,20.3,1356.3,No,Two year,No,0,0.0035838855566849084,No,Normal Risk,Continue regular engagement
0440-UEDAI,53,94.45,5042.75,Fiber optic,One year,No,4,0.14995040271693574,No,Normal Risk,Continue regular engagement
1337-BOZWO,18,46.4,812.4,DSL,One year,No,3,0.05896713373851999,No,Normal Risk,Continue regular engagement
0868-VJRDR,64,104.05,6605.55,Fiber optic,Two year,No,5,0.04560114872234597,No,Normal Risk,Continue regular engagement
8714-EUHJO,31,91.15,2995.45,Fiber optic,Month-to-month,Yes,2,0.566916557015368,Yes,Normal Risk,Continue regular engagement
6344-SFJVH,20,24.9,505.95,DSL,Month-to-month,No,0,0.3950864543798501,No,Normal Risk,Continue regular engagement
3950-VPYJB,57,59.6,3509.4,DSL,One year,No,3,0.006626339339819716,No,Normal Risk,Continue regular engagement
8041-TMEID,63,108.5,6991.9,Fiber optic,Two year,No,5,0.05526375068824449,No,Normal Risk,Continue regular engagement
7321-ZNSLA,13,40.55,590.35,DSL,Two year,No,3,0.012774979042428759,No,Normal Risk,Continue regular engagement
6941-KXRRV,48,58.95,2789.7,DSL,One year,No,2,0.13638367861356618,No,Normal Risk,Continue regular engagement
3721-CNEYS,2,70.95,137.95,Fiber optic,Month-to-month,Yes,0,0.8892215192063532,Yes,High Risk,Offer contract upgrade discount
8727-JQFHV,57,20.75,1123.15,No,Two year,No,0,0.003893175104441642,No,Normal Risk,Continue regular engagement
9475-NNDGC,71,113.15,7953.25,Fiber optic,One year,No,5,0.3546464415251633,No,Normal Risk,Continue regular engagement
1355-KUSBG,7,48.8,349.8,DSL,Month-to-month,No,0,0.5074633148996697,Yes,Normal Risk,Continue regular engagement
3688-FTHLT,16,63.05,1067.05,DSL,Month-to-month,No,1,0.7429814763271351,Yes,High Risk,Offer contract upgrade discount
0899-LIIBW,34,100.85,3527.3,Fiber optic,Month-to-month,No,3,0.7042517818881405,Yes,High Risk,Offer contract upgrade discount
2568-OIADY,37,99.5,3762.0,Fiber optic,Month-to-month,Yes,3,0.7415828873120444,Yes,High Risk,Offer contract upgrade discount
1384-RCUXW,16,80.55,1248.9,Fiber optic,Month-to-month,No,1,0.5152821595796712,Yes,Normal Risk,Continue regular engagement
5825-XJOCM,48,64.4,3035.35,DSL,One year,No,3,0.036188041968656146,No,Normal Risk,Continue regular engagement
6848-YLDFR,58,75.2,4300.8,DSL,One year,No,4,0.023756593304670132,No,Normal Risk,Continue regular engagement
8125-QPFJD,72,84.9,6065.3,DSL,Two year,No,5,0.04614917905077733,No,Normal Risk,Continue regular engagement
2320-YKQBO,7,19.3,144.95,No,Month-to-month,No,0,0.3714654909075632,No,Normal Risk,Continue regular engagement
1193-RTSLK,38,83.9,3233.6,Fiber optic,Month-to-month,Yes,3,0.2638171257085751,No,Normal Risk,Continue regular engagement
2302-ANTDP,48,117.45,5438.9,Fiber optic,Month-to-month,Yes,6,0.3212837682011114,No,Normal Risk,Continue regular engagement
5923-GXUOC,10,104.4,1081.45,Fiber optic,Month-to-month,Yes,5,0.6416127273399985,Yes,Normal Risk,Continue regular engagement
4973-RLZVI,30,74.65,2308.6,DSL,One year,No,5,0.033150448609625315,No,Normal Risk,Continue regular engagement
7869-ZYDST,31,59.05,1882.8,DSL,Month-to-month,No,1,0.2693103802713753,No,Normal Risk,Continue regular engagement
4501-UYKBC,46,69.1,3255.35,DSL,One year,No,3,0.05666864027440869,No,Normal Risk,Continue regular engagement
1215-EXRMO,50,20.55,1067.65,No,Two year,No,0,0.009426622454066877,No,Normal Risk,Continue regular engagement
2305-MRGLV,28,76.55,2065.4,Fiber optic,Month-to-month,No,1,0.5785430598337709,Yes,Normal Risk,Continue regular engagement
8404-VIOMB,66,62.5,4136.4,DSL,Two year,No,6,0.029296500262995528,No,Normal Risk,Continue regular engagement
5233-GEEAX,8,29.4,221.9,DSL,Month-to-month,Yes,1,0.6138202472577824,Yes,Normal Risk,Continue regular engagement
2359-KLTEK,41,94.9,3848.0,Fiber optic,Month-to-month,No,3,0.6805541204622536,Yes,Normal Risk,Continue regular engagement
5304-EFJLP,72,111.65,8022.85,Fiber optic,Two year,No,5,0.17868970855757338,No,Normal Risk,Continue regular engagement
2673-ZALNP,7,19.9,173.15,No,One year,No,0,0.18575556848175057,No,Normal Risk,Continue regular engagement
9184-GALIL,38,20.45,781.25,No,Month-to-month,No,0,0.048115827351301335,No,Normal Risk,Continue regular engagement
4393-RYCRE,44,106.05,4510.8,Fiber optic,One year,No,5,0.2649314180220068,No,Normal Risk,Continue regular engagement
9746-MDMBK,47,113.45,5317.8,Fiber optic,One year,No,6,0.1008390557068758,No,Normal Risk,Continue regular engagement
3162-ZJZFU,53,92.55,4779.45,Fiber optic,Month-to-month,No,3,0.2867348237370862,No,Normal Risk,Continue regular engagement
8404-GFGCZ,4,65.6,250.1,DSL,Month-to-month,No,2,0.6123971438573046,Yes,Normal Risk,Continue regular engagement
8875-AKBYH,20,84.35,1745.2,Fiber optic,Month-to-month,No,1,0.6706809133846023,Yes,Normal Risk,Continue regular engagement
4432-ADRLB,2,44.65,74.9,DSL,Month-to-month,Yes,0,0.5993853954085703,Yes,Normal Risk,Continue regular engagement
0533-UCAAU,57,71.1,4140.1,DSL,One year,No,3,0.04115635874606838,No,Normal Risk,Continue regular engagement
1394-SUIUH,44,85.15,3670.5,Fiber optic,Month-to-month,No,3,0.20038676201616024,No,Normal Risk,Continue regular engagement
3521-MNKLV,24,49.7,1167.8,DSL,Month-to-month,No,1,0.26399951352684137,No,Normal Risk,Continue regular engagement
2533-TIBIX,15,30.2,469.65,DSL,Month-to-month,No,1,0.27085690854684935,No,Normal Risk,Continue regular engagement
8993-PHFWD,3,25.25,58.9,DSL,Month-to-month,Yes,0,0.8063456977216648,Yes,High Risk,Offer contract upgrade discount
1565-RHDJD,4,84.05,333.55,Fiber optic,Month-to-month,Yes,2,0.7153544214239155,Yes,High Risk,Offer contract upgrade discount
7137-RYLPP,37,85.7,3171.15,Fiber optic,Month-to-month,Yes,1,0.6147169401809164,Yes,Normal Risk,Continue regular engagement
3765-JXVKY,1,74.7,74.7,Fiber optic,Month-to-month,Yes,1,0.8300313131206403,Yes,High Risk,Offer contract upgrade discount
5092-STPKP,24,56.35,1381.2,DSL,Month-to-month,No,2,0.1288924198776129,No,Normal Risk,Continue regular engagement
7330-WZLNC,5,90.8,455.5,Fiber optic,Month-to-month,Yes,2,0.8496124059739354,Yes,High Risk,Offer contract upgrade discount
0114-PEGZZ,33,107.55,3645.5,Fiber optic,Month-to-month,No,4,0.7640489871640129,Yes,High Risk,Offer contract upgrade discount
3359-DSRKA,58,19.85,1158.85,No,Two year,No,0,0.004920082574487743,No,Normal Risk,Continue regular engagement
8639-NHQEI,72,95.9,6954.15,Fiber optic,Two year,No,3,0.11368540299850752,No,Normal Risk,Continue regular engagement
7161-DFHUF,71,23.85,1672.1,No,Two year,No,0,0.004909122111253348,No,Normal Risk,Continue regular engagement
3957-LXOLK,28,106.15,3152.5,Fiber optic,Month-to-month,Yes,4,0.7153786742682177,Yes,High Risk,Offer contract upgrade discount
3720-DBRWL,51,83.85,4307.1,DSL,Two year,No,6,0.011774350665885487,No,Normal Risk,Continue regular engagement
6635-MYYYZ,30,85.35,2530.4,DSL,One year,Yes,6,0.1101467820527838,No,Normal Risk,Continue regular engagement
8565-WUXZU,72,84.8,6141.65,Fiber optic,Two year,No,3,0.015738999451825227,No,Normal Risk,Continue regular engagement
5281-BUZGT,36,90.85,3186.7,Fiber optic,Month-to-month,Yes,2,0.5108311111659674,Yes,Normal Risk,Continue regular engagement
4994-OBRSZ,14,76.1,1054.8,DSL,Two year,No,5,0.028314248396219016,No,Normal Risk,Continue regular engagement
0562-FGDCR,72,74.55,5430.65,DSL,Two year,No,4,0.005916313875684331,No,Normal Risk,Continue regular engagement
2436-QBZFP,22,39.2,849.9,DSL,Month-to-month,No,2,0.2706126978365934,No,Normal Risk,Continue regular engagement
3420-YJLQT,2,79.55,151.75,Fiber optic,Month-to-month,No,1,0.8107246938709971,Yes,High Risk,Offer contract upgrade discount
6040-CGACY,15,19.6,299.4,No,Month-to-month,No,0,0.1911169933795725,No,Normal Risk,Continue regular engagement
6582-PLFUU,51,19.55,1086.75,No,Two year,No,0,0.004042200196871795,No,Normal Risk,Continue regular engagement
8242-PDSGJ,70,39.15,2692.75,DSL,Two year,No,3,0.003986172460942839,No,Normal Risk,Continue regular engagement
0264-CNITK,71,20.1,1389.6,No,Two year,No,0,0.0061963946346028104,No,Normal Risk,Continue regular engagement
0089-IIQKO,39,99.95,3767.4,Fiber optic,Month-to-month,No,3,0.3602851058174964,No,Normal Risk,Continue regular engagement
7839-NUIAA,61,59.8,3641.5,DSL,Month-to-month,No,2,0.05758592483857778,No,Normal Risk,Continue regular engagement
6075-QMNRR,52,49.75,2535.55,DSL,Month-to-month,No,1,0.2580610768559266,No,Normal Risk,Continue regular engagement
5378-IKEEG,1,35.75,35.75,DSL,Month-to-month,Yes,1,0.8526932791344018,Yes,High Risk,Offer contract upgrade discount
5966-EMAZU,64,108.5,6880.85,Fiber optic,One year,No,5,0.10307302542413845,No,Normal Risk,Continue regular engagement
0440-EKDCF,62,60.15,3753.2,DSL,Two year,No,3,0.009326758272196521,No,Normal Risk,Continue regular engagement
4774-HHGGS,30,19.05,637.55,No,Two year,No,0,0.01836394480550317,No,Normal Risk,Continue regular engagement
2718-GAXQD,4,46.0,181.6,DSL,Month-to-month,Yes,0,0.5100091167836969,Yes,Normal Risk,Continue regular engagement
2055-BFOCC,63,84.0,5329.55,DSL,One year,No,6,0.034066256985874635,No,Normal Risk,Continue regular engagement
8180-AKMJV,1,44.55,44.55,DSL,Month-to-month,No,0,0.6499232990869803,Yes,Normal Risk,Continue regular engagement
4298-OYIFC,15,103.45,1539.8,Fiber optic,Month-to-month,No,4,0.5127352369731886,Yes,Normal Risk,Continue regular engagement
5566-SOEZD,27,80.65,2209.75,Fiber optic,One year,No,2,0.06750068918666548,No,Normal Risk,Continue regular engagement
9842-EFSYY,4,57.2,223.75,DSL,Month-to-month,No,5,0.3002354088712939,No,Normal Risk,Continue regular engagement
2272-WUSPA,72,110.75,7751.7,Fiber optic,Two year,No,5,0.16408778061423826,No,Normal Risk,Continue regular engagement
4584-LBNMK,45,24.7,1174.35,No,One year,No,0,0.012869025118853102,No,Normal Risk,Continue regular engagement
3898-GUYTS,45,97.05,4385.05,Fiber optic,Month-to-month,No,4,0.2652936874497814,No,Normal Risk,Continue regular engagement
0930-EHUZA,36,76.35,2606.35,DSL,One year,No,5,0.03923192359959395,No,Normal Risk,Continue regular engagement
6413-XKKPU,17,89.4,1539.45,Fiber optic,Month-to-month,Yes,3,0.3145303756860064,No,Normal Risk,Continue regular engagement
9975-SKRNR,1,18.9,18.9,No,Month-to-month,No,0,0.3581913776982365,No,Normal Risk,Continue regular engagement
3703-KBKZP,16,74.45,1261.35,Fiber optic,Month-to-month,No,0,0.7243621641458737,Yes,High Risk,Offer contract upgrade discount
1449-XQEMT,3,19.8,58.15,No,Month-to-month,Yes,0,0.3711465279250735,No,Normal Risk,Continue regular engagement
2626-URJFX,4,50.9,225.6,DSL,Month-to-month,Yes,0,0.520724139743416,Yes,Normal Risk,Continue regular engagement
4973-MGTON,71,84.4,5969.3,DSL,Two year,No,6,0.011985369691343197,No,Normal Risk,Continue regular engagement
3682-YEUWS,10,24.4,253.9,No,Month-to-month,No,0,0.15617273872411927,No,Normal Risk,Continue regular engagement
1223-UNPKS,20,20.05,400.0,No,Two year,No,0,0.013965822400894971,No,Normal Risk,Continue regular engagement
2612-RRIDN,4,81.0,340.85,Fiber optic,Month-to-month,Yes,1,0.874767264884289,Yes,High Risk,Offer contract upgrade discount
4735-ASGMA,26,98.35,2515.3,Fiber optic,Month-to-month,Yes,3,0.7265739522697837,Yes,High Risk,Offer contract upgrade discount
3446-QDSZF,4,55.5,227.35,DSL,Month-to-month,No,1,0.6647901594975231,Yes,Normal Risk,Continue regular engagement
3669-LVWZB,5,51.0,305.95,DSL,Month-to-month,Yes,3,0.6798958238745277,Yes,Normal Risk,Continue regular engagement
6892-EZDTG,4,91.65,365.4,Fiber optic,Month-to-month,Yes,2,0.8258477616670593,Yes,High Risk,Offer contract upgrade discount
5117-IFGPS,29,84.3,2357.75,Fiber optic,Month-to-month,No,1,0.6139205628654515,Yes,Normal Risk,Continue regular engagement
7379-FNIUJ,2,100.2,198.5,Fiber optic,Month-to-month,No,4,0.7044408544374475,Yes,High Risk,Offer contract upgrade discount
1627-AFWVJ,29,19.4,554.25,No,Two year,No,0,0.03153043683327716,No,Normal Risk,Continue regular engagement
9725-SCPZG,1,90.85,90.85,Fiber optic,Month-to-month,Yes,2,0.8271392420608746,Yes,High Risk,Offer contract upgrade discount
5884-GCYMI,1,69.4,69.4,Fiber optic,Month-to-month,Yes,0,0.7733975604132537,Yes,High Risk,Offer contract upgrade discount
3217-FZDMN,8,94.45,742.95,Fiber optic,Month-to-month,Yes,3,0.7578254765412045,Yes,High Risk,Offer contract upgrade discount
4486-EFAEB,13,20.4,251.65,No,Month-to-month,No,0,0.25433853607935203,No,Normal Risk,Continue regular engagement
0060-FUALY,59,94.75,5597.65,Fiber optic,Month-to-month,No,3,0.42149026947035,No,Normal Risk,Continue regular engagement
7853-GVUDZ,1,20.15,20.15,No,Month-to-month,Yes,0,0.24168379984225094,No,Normal Risk,Continue regular engagement
7480-QNVZJ,50,95.7,4816.7,Fiber optic,Month-to-month,Yes,2,0.7189167051369107,Yes,High Risk,Offer contract upgrade discount
6954-OOYZZ,18,44.35,768.05,DSL,Month-to-month,No,0,0.47775470035756107,No,Normal Risk,Continue regular engagement
7088-FBAWU,17,74.55,1215.8,DSL,Month-to-month,No,4,0.12965414027357572,No,Normal Risk,Continue regular engagement
8313-AFGBW,47,73.6,3522.65,DSL,Two year,No,4,0.06548092684174518,No,Normal Risk,Continue regular engagement
3943-KDREE,26,74.95,1834.95,Fiber optic,Month-to-month,Yes,0,0.8062130840640379,Yes,High Risk,Offer contract upgrade discount
9239-ZBZZV,6,47.95,305.1,DSL,Month-to-month,Yes,3,0.790722955308627,Yes,High Risk,Offer contract upgrade discount
3097-IDVPU,19,50.1,910.45,DSL,Month-to-month,No,0,0.15707385619313619,No,Normal Risk,Continue regular engagement
4398-HSCJH,3,63.6,155.65,DSL,Month-to-month,Yes,2,0.6228413032996004,Yes,Normal Risk,Continue regular engagement
2197-OMWGI,68,53.0,3656.25,DSL,Two year,No,4,0.021222027977712433,No,Normal Risk,Continue regular engagement
2303-PJYHN,2,19.85,52.0,No,Month-to-month,No,0,0.5700516766911617,Yes,Normal Risk,Continue regular engagement
9795-VOWON,7,24.35,150.85,DSL,One year,No,0,0.36097587111428425,No,Normal Risk,Continue regular engagement
1237-WIYYZ,18,19.55,389.25,No,Month-to-month,No,0,0.18479263051738917,No,Normal Risk,Continue regular engagement
1987-AUELQ,71,25.05,1873.7,No,Two year,No,0,0.00501971492776681,No,Normal Risk,Continue regular engagement
7852-LECYP,13,93.8,1261.0,Fiber optic,Month-to-month,No,3,0.2308917524442841,No,Normal Risk,Continue regular engagement
4430-UZIPO,3,36.85,108.7,DSL,Month-to-month,Yes,2,0.4605568045449134,No,Normal Risk,Continue regular engagement
4822-LPTYJ,72,103.75,7346.2,Fiber optic,Two year,No,4,0.25380704075416977,No,Normal Risk,Continue regular engagement
8165-CBKXO,66,56.75,3708.4,DSL,Two year,No,4,0.017693582876779385,No,Normal Risk,Continue regular engagement
6527-PZFPV,24,20.8,469.65,No,One year,No,0,0.019690986152347534,No,Normal Risk,Continue regular engagement
4855-SNKMY,1,44.1,44.1,DSL,Month-to-month,Yes,0,0.7612545590884546,Yes,High Risk,Offer contract upgrade discount
9593-CVZKR,56,24.45,1385.85,No,Two year,No,0,0.005572373176848782,No,Normal Risk,Continue regular engagement
8595-SIZNC,22,25.6,548.8,No,One year,No,0,0.08779131763056479,No,Normal Risk,Continue regular engagement
8008-HAWED,14,50.75,712.75,DSL,Month-to-month,Yes,3,0.6067751194592822,Yes,Normal Risk,Continue regular engagement
7124-UGSUR,61,104.4,6405.0,Fiber optic,One year,Yes,4,0.21325340405793494,No,Normal Risk,Continue regular engagement
1862-SKORY,40,39.3,1637.4,DSL,Month-to-month,Yes,2,0.2719325405284582,No,Normal Risk,Continue regular engagement
5236-XMZJY,42,59.65,2536.55,DSL,Month-to-month,No,3,0.2057303626090305,No,Normal Risk,Continue regular engagement
4827-DPADN,72,83.3,6042.7,DSL,Two year,No,5,0.02305971534515796,No,Normal Risk,Continue regular engagement
2694-CIUMO,12,79.55,958.25,Fiber optic,Month-to-month,No,1,0.6344275032990507,Yes,Normal Risk,Continue regular engagement
5846-ABOBJ,71,24.45,1730.65,No,Two year,No,0,0.009061227941941207,No,Normal Risk,Continue regular engagement
1439-LCGVL,26,19.2,459.6,No,One year,No,0,0.04533787678198477,No,Normal Risk,Continue regular engagement
0909-SDHNU,7,29.8,201.95,DSL,Month-to-month,No,1,0.378309700153201,No,Normal Risk,Continue regular engagement
4647-XXZAM,6,45.5,285.2,DSL,Month-to-month,No,0,0.44604822511895864,No,Normal Risk,Continue regular engagement
1502-XFCVR,58,106.45,6145.85,Fiber optic,One year,Yes,5,0.3237816159878713,No,Normal Risk,Continue regular engagement
7740-KKCXF,51,30.05,1529.45,DSL,Month-to-month,No,1,0.09832985417453846,No,Normal Risk,Continue regular engagement
5360-XGYAZ,72,65.65,4664.5,DSL,Two year,No,6,0.011563059039966144,No,Normal Risk,Continue regular engagement
9692-TUSXH,18,96.05,1740.7,Fiber optic,Month-to-month,Yes,3,0.7175102552717469,Yes,High Risk,Offer contract upgrade discount
7912-SYRQT,7,75.1,552.95,Fiber optic,Month-to-month,Yes,0,0.9090776150615701,Yes,High Risk,Offer contract upgrade discount
3557-HTYWR,47,74.05,3496.3,DSL,Two year,No,4,0.02065762123225368,No,Normal Risk,Continue regular engagement
4816-JBHOV,2,44.7,93.7,DSL,Month-to-month,Yes,0,0.656998380187446,Yes,Normal Risk,Continue regular engagement
8920-NAVAY,62,110.75,7053.35,Fiber optic,One year,No,5,0.3276124209002964,No,Normal Risk,Continue regular engagement
1699-TLDLZ,16,19.7,301.55,No,Two year,No,0,0.020519265263823642,No,Normal Risk,Continue regular engagement
5600-PDUJF,6,49.5,312.7,DSL,Month-to-month,No,1,0.38828733002371946,No,Normal Risk,Continue regular engagement
8292-TYSPY,19,55.0,1046.5,DSL,Month-to-month,Yes,2,0.16345055363491945,No,Normal Risk,Continue regular engagement
0567-XRHCU,69,43.95,2960.1,DSL,Two year,No,3,0.007756226315289008,No,Normal Risk,Continue regular engagement
1867-BDVFH,11,74.35,834.2,Fiber optic,Month-to-month,Yes,0,0.6629710809194446,Yes,Normal Risk,Continue regular engagement
2067-QYTCF,64,111.15,6953.4,Fiber optic,Month-to-month,No,5,0.5176124437342536,Yes,Normal Risk,Continue regular engagement
2359-QWQUL,39,104.7,4134.85,Fiber optic,One year,Yes,5,0.13755790972297285,No,Normal Risk,Continue regular engagement
9103-TCIHJ,15,55.7,899.8,DSL,Month-to-month,Yes,1,0.2964478994332874,No,Normal Risk,Continue regular engagement
7407-SUJIZ,25,20.6,541.5,No,Month-to-month,No,0,0.13336089012322494,No,Normal Risk,Continue regular engagement
9150-KPBJQ,6,19.65,116.85,No,Two year,No,0,0.10395435532944833,No,Normal Risk,Continue regular engagement
0052-DCKON,66,115.8,7942.15,Fiber optic,One year,No,6,0.20684731559438183,No,Normal Risk,Continue regular engagement
3654-ARMGP,61,88.65,5321.25,DSL,Two year,No,5,0.04753036064918956,No,Normal Risk,Continue regular engagement
9699-UBQFS,43,94.5,4156.8,Fiber optic,Month-to-month,No,3,0.39868715444076996,No,Normal Risk,Continue regular engagement
9367-TCUYN,12,20.1,223.6,No,Month-to-month,No,0,0.33729707033835,No,Normal Risk,Continue regular engagement
1261-FWTTE,23,34.65,768.45,DSL,Month-to-month,No,1,0.5509424280649083,Yes,Normal Risk,Continue regular engagement
3528-HFRIQ,71,52.3,3765.05,DSL,Month-to-month,No,4,0.15108219604491538,No,Normal Risk,Continue regular engagement
0708-SJDIS,34,65.0,2157.5,DSL,Month-to-month,No,2,0.2606406420058203,No,Normal Risk,Continue regular engagement
4140-WJAWW,5,19.85,108.05,No,Month-to-month,Yes,0,0.36543634112346335,No,Normal Risk,Continue regular engagement
2073-QBVBI,41,35.45,1391.65,DSL,One year,No,2,0.04309959145822232,No,Normal Risk,Continue regular engagement
6928-ONTRW,72,19.7,1379.8,No,Two year,No,0,0.0021922887385790084,No,Normal Risk,Continue regular engagement
3320-VEOYC,14,95.6,1273.3,Fiber optic,Month-to-month,No,2,0.7466912413924203,Yes,High Risk,Offer contract upgrade discount
5231-FIQPA,41,19.85,810.45,No,Two year,No,0,0.022004939463889574,No,Normal Risk,Continue regular engagement
6617-WLBQC,23,81.85,1810.85,Fiber optic,One year,No,1,0.11278873276157457,No,Normal Risk,Continue regular engagement
2599-CIPQE,71,109.3,7782.85,Fiber optic,Two year,No,6,0.02158950545554409,No,Normal Risk,Continue regular engagement
6653-CBBOM,1,70.3,70.3,Fiber optic,Month-to-month,Yes,0,0.8865186081056015,Yes,High Risk,Offer contract upgrade discount
8774-GSBUN,72,25.4,1797.1,No,Two year,No,0,0.004234863204271015,No,Normal Risk,Continue regular engagement
7326-RIGQZ,6,69.8,377.85,Fiber optic,Month-to-month,No,0,0.6896195784741637,Yes,Normal Risk,Continue regular engagement
1401-FTHFQ,23,20.0,445.3,No,One year,No,0,0.019296344131556755,No,Normal Risk,Continue regular engagement
3247-ZVOUO,10,85.55,851.75,Fiber optic,Month-to-month,Yes,1,0.7791860231931528,Yes,High Risk,Offer contract upgrade discount
0254-FNMCI,72,109.9,7624.2,Fiber optic,Two year,No,6,0.10594713733987983,No,Normal Risk,Continue regular engagement
1848-LBZHY,7,50.3,355.1,DSL,Month-to-month,No,1,0.6190989640002278,Yes,Normal Risk,Continue regular engagement
6101-IMRMM,6,94.5,575.45,Fiber optic,Month-to-month,Yes,3,0.6581740396162302,Yes,Normal Risk,Continue regular engagement
8118-TJAFG,9,101.5,906.85,Fiber optic,Month-to-month,No,4,0.5522602940760545,Yes,Normal Risk,Continue regular engagement
5429-LWCMV,12,89.15,1057.55,Fiber optic,Month-to-month,No,2,0.8267280763434186,Yes,High Risk,Offer contract upgrade discount
7298-IZWLY,1,19.4,19.4,No,Month-to-month,No,0,0.4473414998244428,No,Normal Risk,Continue regular engagement
9758-MFWGD,48,29.9,1388.75,DSL,One year,No,1,0.05507662338289798,No,Normal Risk,Continue regular engagement
3955-JBZZM,20,78.8,1641.3,Fiber optic,Month-to-month,No,1,0.7012146579185606,Yes,High Risk,Offer contract upgrade discount
1268-ASBGA,16,85.35,1375.15,Fiber optic,Month-to-month,Yes,1,0.5777274318782615,Yes,Normal Risk,Continue regular engagement
8943-URTMR,2,79.65,152.7,Fiber optic,Month-to-month,Yes,1,0.8458816377971938,Yes,High Risk,Offer contract upgrade discount
4815-TUMEQ,10,19.3,185.2,No,One year,No,0,0.16921626838635054,No,Normal Risk,Continue regular engagement
4713-LZDRV,2,79.6,195.05,Fiber optic,Month-to-month,Yes,1,0.8728826252511668,Yes,High Risk,Offer contract upgrade discount
9909-IDLEK,20,96.8,1826.7,Fiber optic,Month-to-month,No,3,0.22234809407267206,No,Normal Risk,Continue regular engagement
4092-OFQZS,20,20.65,417.5,No,One year,No,0,0.04396877296228587,No,Normal Risk,Continue regular engagement
1561-BWHIN,19,19.8,344.5,No,One year,No,0,0.0237930694252935,No,Normal Risk,Continue regular engagement
4325-NFSKC,19,90.6,1660.0,Fiber optic,Month-to-month,Yes,2,0.5195852354352509,Yes,Normal Risk,Continue regular engagement
9927-DSWDF,22,104.6,2180.55,Fiber optic,Month-to-month,No,5,0.3093721461984604,No,Normal Risk,Continue regular engagement
9500-LTVBP,35,80.05,2835.9,Fiber optic,Month-to-month,No,1,0.4258924097659738,No,Normal Risk,Continue regular engagement
7252-NTGSS,1,45.15,45.15,DSL,Month-to-month,No,0,0.6771210741239473,Yes,Normal Risk,Continue regular engagement
8149-AIQCG,39,73.15,2730.85,Fiber optic,Month-to-month,No,0,0.45144534518565416,No,Normal Risk,Continue regular engagement
1360-JYXKQ,54,99.1,5437.1,Fiber optic,One year,No,4,0.2647754229397661,No,Normal Risk,Continue regular engagement
2955-PSXOE,1,20.2,20.2,No,Month-to-month,Yes,0,0.6596959477100297,Yes,Normal Risk,Continue regular engagement
7762-URZQH,66,106.05,6981.35,Fiber optic,Two year,Yes,4,0.11492252149752226,No,Normal Risk,Continue regular engagement
0899-WZRSD,56,105.35,5794.45,Fiber optic,Month-to-month,No,4,0.3644437339271091,No,Normal Risk,Continue regular engagement
3255-GRXMG,18,45.65,747.2,DSL,Month-to-month,No,0,0.21325272094171405,No,Normal Risk,Continue regular engagement
4828-FAZPK,16,79.95,1267.95,Fiber optic,Month-to-month,No,1,0.3323033850039102,No,Normal Risk,Continue regular engagement
6094-ZIVKX,68,54.45,3674.95,DSL,One year,No,2,0.02596346369169367,No,Normal Risk,Continue regular engagement
6925-BAYGL,53,25.1,1275.6,No,Two year,No,0,0.0072147473636791516,No,Normal Risk,Continue regular engagement
3262-EIDHV,72,84.7,5893.9,DSL,Two year,No,5,0.00870399358646416,No,Normal Risk,Continue regular engagement
7354-OIJLX,9,75.85,724.65,Fiber optic,Month-to-month,No,0,0.8427134795502331,Yes,High Risk,Offer contract upgrade discount
1376-HHBDV,30,48.8,1536.75,DSL,Month-to-month,No,1,0.21616630141117008,No,Normal Risk,Continue regular engagement
6907-NZZIJ,36,99.15,3615.6,Fiber optic,Month-to-month,Yes,3,0.7520232235309466,Yes,High Risk,Offer contract upgrade discount
6133-OZILE,18,35.2,607.3,DSL,Month-to-month,No,2,0.36204347355413374,No,Normal Risk,Continue regular engagement
4135-FRWKJ,55,76.25,4154.55,DSL,One year,No,4,0.02101846066405494,No,Normal Risk,Continue regular engagement
2911-UREFD,39,55.9,2184.35,DSL,Month-to-month,Yes,4,0.3084445943738163,No,Normal Risk,Continue regular engagement
3744-ZRRDZ,21,82.35,1852.85,Fiber optic,Month-to-month,Yes,1,0.651258497219586,Yes,Normal Risk,Continue regular engagement
5673-TIYIB,2,40.4,77.15,DSL,Month-to-month,Yes,3,0.3435624589922,No,Normal Risk,Continue regular engagement
6551-ZCOTS,33,24.9,847.8,No,One year,No,0,0.06909774284799552,No,Normal Risk,Continue regular engagement
7191-ADRGF,44,54.3,2390.45,DSL,Two year,No,4,0.10053421200669986,No,Normal Risk,Continue regular engagement
5018-LXQQG,30,66.3,1923.5,DSL,Month-to-month,No,3,0.17714801867220564,No,Normal Risk,Continue regular engagement
6892-BOGQE,71,20.9,1493.2,No,Two year,No,0,0.013177613584757135,No,Normal Risk,Continue regular engagement
1602-IJQQE,4,75.35,338.1,Fiber optic,Month-to-month,Yes,0,0.8721865832946373,Yes,High Risk,Offer contract upgrade discount
4628-WQCQQ,35,85.15,3030.6,Fiber optic,One year,Yes,2,0.29739279852700023,No,Normal Risk,Continue regular engagement
1746-TGTWV,1,75.35,75.35,Fiber optic,Month-to-month,No,1,0.6531049675910621,Yes,Normal Risk,Continue regular engagement
5995-SNNEW,23,104.45,2184.85,Fiber optic,Month-to-month,No,4,0.4965533824246831,No,Normal Risk,Continue regular engagement
8050-WYBND,22,49.45,1031.4,DSL,One year,No,3,0.1389008687020602,No,Normal Risk,Continue regular engagement
2821-WARNZ,49,19.45,921.3,No,One year,No,0,0.011709918760423283,No,Normal Risk,Continue regular engagement
4879-GZLFH,42,92.15,3875.4,Fiber optic,Month-to-month,No,3,0.5323858286071143,Yes,Normal Risk,Continue regular engagement
1644-IRKSF,33,93.8,3124.5,Fiber optic,One year,Yes,3,0.3479065877407864,No,Normal Risk,Continue regular engagement
8314-HTWVE,7,19.85,144.15,No,Two year,No,0,0.05371116244361434,No,Normal Risk,Continue regular engagement
9402-ROUMJ,67,100.25,6689.0,Fiber optic,One year,No,4,0.1295980528883848,No,Normal Risk,Continue regular engagement
2507-QZPQS,15,95.7,1451.1,Fiber optic,Month-to-month,No,3,0.5166429682766973,Yes,Normal Risk,Continue regular engagement
7159-NOKYQ,67,93.15,6368.2,Fiber optic,Two year,No,3,0.14160586358960534,No,Normal Risk,Continue regular engagement
5707-ZMDJP,53,69.7,3729.6,DSL,Two year,No,4,0.006361573944624297,No,Normal Risk,Continue regular engagement
8779-YIQQA,21,19.8,350.1,No,One year,No,0,0.021709814236418698,No,Normal Risk,Continue regular engagement
7136-IHZJA,40,71.35,2847.2,DSL,Month-to-month,No,4,0.056778585537569655,No,Normal Risk,Continue regular engagement
8966-OIQHG,22,20.75,452.35,No,One year,No,0,0.0650303486785727,No,Normal Risk,Continue regular engagement
7074-STDCN,39,40.6,1494.5,DSL,Month-to-month,No,2,0.298388281970086,No,Normal Risk,Continue regular engagement
3705-PSNGL,45,20.4,930.45,No,One year,Yes,0,0.03916923046903061,No,Normal Risk,Continue regular engagement
8739-QOTTN,2,20.35,41.85,No,Month-to-month,No,0,0.37765280882409197,No,Normal Risk,Continue regular engagement
1399-OUPJN,57,19.75,1272.05,No,Two year,No,0,0.011220986571345114,No,Normal Risk,Continue regular engagement
0277-BKSQP,8,54.4,475.1,DSL,Month-to-month,No,1,0.5127793722532247,Yes,Normal Risk,Continue regular engagement
6502-HCJTI,7,94.7,673.1,Fiber optic,Month-to-month,Yes,3,0.4013521713733542,No,Normal Risk,Continue regular engagement
2606-RMDHZ,6,30.5,208.7,DSL,Month-to-month,Yes,1,0.5410960144956521,Yes,Normal Risk,Continue regular engagement
5774-XZTQC,7,20.45,150.75,No,Month-to-month,No,0,0.21770162456199038,No,Normal Risk,Continue regular engagement
2676-SSLTO,49,66.15,3199.0,DSL,Two year,No,2,0.10151028781754691,No,Normal Risk,Continue regular engagement
6266-QHOJZ,65,89.85,5844.65,Fiber optic,One year,No,3,0.1125531205909758,No,Normal Risk,Continue regular engagement
7269-JISCY,55,45.05,2462.6,DSL,One year,No,0,0.17557484155159941,No,Normal Risk,Continue regular engagement
0363-SVHYR,71,86.85,6263.8,DSL,Two year,No,6,0.011231442330768806,No,Normal Risk,Continue regular engagement
8547-NSBBO,35,96.75,3403.4,Fiber optic,Month-to-month,No,4,0.19342409512721326,No,Normal Risk,Continue regular engagement
8258-GSTJK,3,77.0,237.75,Fiber optic,Month-to-month,Yes,0,0.8310688002855876,Yes,High Risk,Offer contract upgrade discount
6861-OKBCE,11,20.1,221.35,No,Month-to-month,Yes,0,0.20316313569212283,No,Normal Risk,Continue regular engagement
9940-RHLFB,1,75.3,75.3,Fiber optic,Month-to-month,Yes,1,0.8477672494603792,Yes,High Risk,Offer contract upgrade discount
6591-QGOYB,17,106.65,1672.1,Fiber optic,Month-to-month,No,5,0.3854945932332911,No,Normal Risk,Continue regular engagement
9070-BCKQP,72,110.15,7881.2,Fiber optic,Two year,No,5,0.08020844182565952,No,Normal Risk,Continue regular engagement
6421-SZVEM,28,82.85,2320.8,Fiber optic,One year,No,2,0.26900628378351216,No,Normal Risk,Continue regular engagement
1328-EUZHC,18,20.1,370.5,No,Two year,No,0,0.03511364433420788,No,Normal Risk,Continue regular engagement
2995-UPRYS,40,99.2,4062.2,Fiber optic,One year,Yes,4,0.16391772521253067,No,Normal Risk,Continue regular engagement
8878-RYUKI,52,59.45,3043.7,DSL,Month-to-month,No,2,0.35174064147092887,No,Normal Risk,Continue regular engagement
9633-DENPU,47,58.6,2723.4,DSL,Month-to-month,No,2,0.34826822240376104,No,Normal Risk,Continue regular engagement
7811-JIVPF,23,49.7,1081.25,DSL,Month-to-month,No,1,0.2759386330862117,No,Normal Risk,Continue regular engagement
7113-HIPFI,66,65.85,4097.05,DSL,Two year,No,4,0.0026816915038255507,No,Normal Risk,Continue regular engagement
8541-QVFKM,8,73.5,632.2,Fiber optic,Month-to-month,No,0,0.855863664271966,Yes,High Risk,Offer contract upgrade discount
6686-YPGHK,47,85.5,4042.3,Fiber optic,Month-to-month,Yes,2,0.3583088789300251,No,Normal Risk,Continue regular engagement
1383-EZRWL,7,20.05,164.85,No,Month-to-month,Yes,0,0.3863337515085704,No,Normal Risk,Continue regular engagement
9258-CNWAC,71,113.65,8166.8,Fiber optic,Two year,No,6,0.03004669119932021,No,Normal Risk,Continue regular engagement
5371-VYLSX,50,83.4,4113.7,Fiber optic,Month-to-month,No,2,0.32467520292359153,No,Normal Risk,Continue regular engagement
6374-AFWOX,46,65.65,3047.15,DSL,Two year,No,4,0.008105248085053057,No,Normal Risk,Continue regular engagement
4759-TRPLW,1,70.4,70.4,Fiber optic,Month-to-month,Yes,0,0.8491826705332474,Yes,High Risk,Offer contract upgrade discount
5317-FLPJF,66,61.35,4193.4,DSL,Two year,No,5,0.059134336549547396,No,Normal Risk,Continue regular engagement
7621-VPNET,42,85.9,3729.75,Fiber optic,Month-to-month,No,2,0.34069762591396024,No,Normal Risk,Continue regular engagement
6034-YMTOB,5,75.65,399.45,Fiber optic,Month-to-month,No,1,0.7156124029021429,Yes,High Risk,Offer contract upgrade discount
8563-IIOXK,7,49.75,331.3,DSL,One year,Yes,1,0.14001355538499216,No,Normal Risk,Continue regular engagement
4903-CNOZC,29,70.9,1964.6,DSL,One year,No,3,0.09844921696070663,No,Normal Risk,Continue regular engagement
4353-HYOJD,27,49.85,1336.15,DSL,Month-to-month,No,1,0.14838898129884728,No,Normal Risk,Continue regular engagement
8020-BWHYL,15,75.3,1147.45,Fiber optic,Month-to-month,Yes,1,0.4849424642775794,No,Normal Risk,Continue regular engagement
7267-FRMJW,25,20.1,486.05,No,Two year,No,0,0.017142277651257608,No,Normal Risk,Continue regular engagement
2982-VPSGI,11,94.0,1078.9,Fiber optic,Month-to-month,Yes,2,0.8724461383856985,Yes,High Risk,Offer contract upgrade discount
4188-FRABG,57,103.05,5925.75,Fiber optic,Month-to-month,No,5,0.19444537490880773,No,Normal Risk,Continue regular engagement
8199-ZLLSA,67,118.35,7804.15,Fiber optic,One year,Yes,6,0.2806045890381931,No,Normal Risk,Continue regular engagement
4128-ETESU,47,99.7,4747.2,Fiber optic,Month-to-month,No,3,0.6585512258933249,Yes,Normal Risk,Continue regular engagement
0620-DLSLK,13,81.9,1028.9,Fiber optic,Month-to-month,No,1,0.7459821695340911,Yes,High Risk,Offer contract upgrade discount
4625-EWPTF,8,30.45,226.45,DSL,Month-to-month,Yes,1,0.5831128656642117,Yes,Normal Risk,Continue regular engagement
5980-NOPLP,44,96.1,4364.1,Fiber optic,Month-to-month,Yes,2,0.7941377053908841,Yes,High Risk,Offer contract upgrade discount
3850-OKINF,71,66.2,4692.55,DSL,One year,No,2,0.03274390324239843,No,Normal Risk,Continue regular engagement
6892-XPFPU,24,104.25,2433.9,Fiber optic,Month-to-month,Yes,4,0.5060792306566786,Yes,Normal Risk,Continue regular engagement
8010-EZLOU,15,80.2,1217.25,Fiber optic,Month-to-month,Yes,1,0.5588441523085201,Yes,Normal Risk,Continue regular engagement
1156-ZFYDO,1,19.75,19.75,No,Month-to-month,No,0,0.5427065214506946,Yes,Normal Risk,Continue regular engagement
3295-YVUSR,2,72.6,154.3,Fiber optic,Month-to-month,No,0,0.7021022718777956,Yes,High Risk,Offer contract upgrade discount
8016-NCFVO,55,116.5,6382.55,Fiber optic,Month-to-month,No,6,0.3278917856407639,No,Normal Risk,Continue regular engagement
4119-ZYPZY,71,106.8,7623.2,Fiber optic,Two year,No,4,0.18304727645939933,No,Normal Risk,Continue regular engagement
5549-ZGHFB,50,24.95,1261.45,No,Two year,No,0,0.00524763533222407,No,Normal Risk,Continue regular engagement
7577-SWIFR,1,89.25,89.25,Fiber optic,Month-to-month,No,2,0.8847479304432109,Yes,High Risk,Offer contract upgrade discount
0303-WMMRN,5,19.25,86.05,No,Month-to-month,No,0,0.34243453805813884,No,Normal Risk,Continue regular engagement
6408-OTUBZ,66,104.55,6779.05,Fiber optic,One year,No,5,0.1818814687679351,No,Normal Risk,Continue regular engagement
5204-HMGYF,49,87.2,4345.0,DSL,One year,No,6,0.023768880793647962,No,Normal Risk,Continue regular engagement
1078-TDCRN,3,30.75,82.85,DSL,Month-to-month,No,1,0.6468789606431441,Yes,Normal Risk,Continue regular engagement
3727-OVPRY,66,25.7,1714.55,No,One year,No,0,0.004886944705982491,No,Normal Risk,Continue regular engagement
3797-FKOGQ,11,86.2,893.2,Fiber optic,Month-to-month,No,1,0.7678968735842449,Yes,High Risk,Offer contract upgrade discount
7622-NXQZR,28,30.1,810.85,DSL,Month-to-month,No,1,0.1985622223349584,No,Normal Risk,Continue regular engagement
6196-HBOBZ,65,99.35,6347.55,Fiber optic,Two year,No,4,0.08247809284791824,No,Normal Risk,Continue regular engagement
3970-XGJDU,62,19.2,1123.65,No,Two year,No,0,0.0076077001067790225,No,Normal Risk,Continue regular engagement
7017-VFULY,2,20.1,43.15,No,Month-to-month,No,0,0.573673719972352,Yes,Normal Risk,Continue regular engagement
5562-YJQGT,2,20.35,35.1,No,Month-to-month,No,0,0.4011727233190811,No,Normal Risk,Continue regular engagement
8807-OPMBM,55,25.65,1388.0,No,Two year,No,0,0.005515379970373546,No,Normal Risk,Continue regular engagement
5439-WIKXB,41,94.55,3851.45,Fiber optic,Month-to-month,No,3,0.5628440787796237,Yes,Normal Risk,Continue regular engagement
9874-QLCLH,17,104.2,1743.5,Fiber optic,Month-to-month,Yes,4,0.4258743161774828,No,Normal Risk,Continue regular engagement
8294-UIMBA,30,94.4,2638.1,Fiber optic,One year,No,3,0.5468820135605433,Yes,Normal Risk,Continue regular engagement
8109-YUOHE,17,56.1,946.95,DSL,One year,No,2,0.06610034145963142,No,Normal Risk,Continue regular engagement
5840-NVDCG,16,68.25,1114.85,DSL,Two year,No,4,0.02845807961869313,No,Normal Risk,Continue regular engagement
8092-NLTGF,72,24.75,1777.6,No,Two year,No,0,0.011515255710153806,No,Normal Risk,Continue regular engagement
5928-QLDHB,9,76.25,684.85,Fiber optic,Month-to-month,No,0,0.8444670973596281,Yes,High Risk,Offer contract upgrade discount
9840-EFJQB,1,74.35,74.35,Fiber optic,Month-to-month,No,1,0.8160895153362264,Yes,High Risk,Offer contract upgrade discount
0696-UKTOX,23,54.15,1312.45,DSL,Month-to-month,No,2,0.11677967399148886,No,Normal Risk,Continue regular engagement
4801-KFYKL,8,19.45,159.2,No,Month-to-month,No,0,0.3546133807663366,No,Normal Risk,Continue regular engagement
3472-OAOOR,19,34.95,610.2,DSL,Month-to-month,No,2,0.08428229609027642,No,Normal Risk,Continue regular engagement
6135-OZQVA,7,53.65,404.35,DSL,Month-to-month,No,1,0.5529463098271787,Yes,Normal Risk,Continue regular engagement
8062-YBDOE,1,69.65,69.65,Fiber optic,Month-to-month,Yes,0,0.8148487378362494,Yes,High Risk,Offer contract upgrade discount
2252-JHJGE,61,104.0,6363.45,Fiber optic,One year,No,4,0.2863419371811107,No,Normal Risk,Continue regular engagement
4188-PCPIG,57,70.35,4124.65,DSL,Two year,No,4,0.013035135043759204,No,Normal Risk,Continue regular engagement
6000-APYLU,9,80.8,713.1,Fiber optic,Month-to-month,Yes,1,0.8681177718223925,Yes,High Risk,Offer contract upgrade discount
7105-BENQF,15,64.85,950.75,DSL,One year,No,3,0.05236580634111624,No,Normal Risk,Continue regular engagement
7721-DVEKZ,1,19.65,19.65,No,Month-to-month,No,0,0.43466427537878477,No,Normal Risk,Continue regular engagement
3566-VVORZ,12,45.9,505.95,DSL,Month-to-month,No,0,0.7348187787465265,Yes,High Risk,Offer contract upgrade discount
9507-HSMMZ,54,20.0,1149.65,No,Two year,No,0,0.00990331958201261,No,Normal Risk,Continue regular engagement
2480-SQIOB,4,44.8,169.65,DSL,Month-to-month,No,0,0.48572918062258713,No,Normal Risk,Continue regular engagement
0947-IDHRQ,7,80.3,526.7,Fiber optic,Month-to-month,Yes,1,0.8404752384231884,Yes,High Risk,Offer contract upgrade discount
7813-TKCVO,20,20.35,393.15,No,One year,No,0,0.05487412439052945,No,Normal Risk,Continue regular engagement
0128-MKWSG,26,45.8,1147.0,DSL,Month-to-month,No,3,0.12812107547266585,No,Normal Risk,Continue regular engagement
3672-YITQD,36,84.1,3021.6,Fiber optic,Month-to-month,Yes,1,0.5942976263281968,Yes,Normal Risk,Continue regular engagement
4350-ZTLPI,53,108.95,5718.2,Fiber optic,One year,No,5,0.33559374740755843,No,Normal Risk,Continue regular engagement
9048-JVYVF,3,69.35,191.35,DSL,Month-to-month,Yes,3,0.6272587233616436,Yes,Normal Risk,Continue regular engagement
0361-HJRDX,68,64.35,4539.6,DSL,Two year,No,6,0.01301006697443675,No,Normal Risk,Continue regular engagement
5727-MYATE,72,90.8,6397.6,DSL,Two year,No,6,0.006224631228636501,No,Normal Risk,Continue regular engagement
3823-KYNQY,12,24.95,280.4,No,One year,No,0,0.10749855208663388,No,Normal Risk,Continue regular engagement
8988-ECPJR,34,79.6,2718.3,Fiber optic,Month-to-month,Yes,1,0.27502411431324464,No,Normal Risk,Continue regular engagement
7570-WELNY,68,84.7,5711.05,Fiber optic,Two year,No,2,0.11939248367275411,No,Normal Risk,Continue regular engagement
3021-VLNRJ,50,70.8,3478.15,DSL,One year,No,4,0.020455434984448347,No,Normal Risk,Continue regular engagement
3776-EKTKM,1,36.45,36.45,DSL,Month-to-month,Yes,1,0.8244470921360921,Yes,High Risk,Offer contract upgrade discount
2080-CAZNM,41,104.4,4133.95,Fiber optic,Month-to-month,No,4,0.6378722365262766,Yes,Normal Risk,Continue regular engagement
1028-FFNJK,30,101.5,2917.65,Fiber optic,Month-to-month,No,3,0.566412358512247,Yes,Normal Risk,Continue regular engagement
6907-FLBER,1,54.3,54.3,DSL,Month-to-month,No,1,0.5945218238113009,Yes,Normal Risk,Continue regular engagement
3001-UNBTL,29,103.95,2964.8,Fiber optic,Month-to-month,No,3,0.5807766234295034,Yes,Normal Risk,Continue regular engagement
5982-PSMKW,23,91.1,2198.3,DSL,Two year,No,6,0.013680113580603871,No,Normal Risk,Continue regular engagement
3507-GASNP,60,19.95,1189.9,No,Two year,No,0,0.004187931471039692,No,Normal Risk,Continue regular engagement
7096-ZNBZI,72,26.45,1914.5,No,Two year,No,0,0.005389282823251188,No,Normal Risk,Continue regular engagement
1902-XBTFB,22,89.4,2001.5,Fiber optic,Month-to-month,Yes,3,0.4323806802978005,No,Normal Risk,Continue regular engagement
1676-MQAOA,72,75.1,5336.35,DSL,Two year,No,5,0.01984370552840227,No,Normal Risk,Continue regular engagement
0786-IVLAW,66,108.1,7238.6,Fiber optic,One year,No,4,0.5510193115257928,Yes,Normal Risk,Continue regular engagement
7566-DSRLQ,72,110.15,7998.8,Fiber optic,Two year,No,5,0.18138619071784937,No,Normal Risk,Continue regular engagement
0643-OKLRP,47,80.35,3825.85,Fiber optic,Month-to-month,Yes,1,0.388639673033013,No,Normal Risk,Continue regular engagement
7245-JMTTQ,51,111.5,5703.25,Fiber optic,One year,No,5,0.3672569737168765,No,Normal Risk,Continue regular engagement
6050-IJRHS,70,106.5,7397.0,Fiber optic,One year,No,4,0.2813881287212647,No,Normal Risk,Continue regular engagement
6202-JVYEU,9,19.9,164.6,No,One year,No,0,0.2065809648667098,No,Normal Risk,Continue regular engagement
8591-TKMZH,59,111.1,6555.2,Fiber optic,Two year,No,5,0.04118344011187954,No,Normal Risk,Continue regular engagement
0734-OXWBT,3,70.7,225.65,DSL,Month-to-month,No,3,0.3884190807179581,No,Normal Risk,Continue regular engagement
4282-ACRXS,38,24.85,955.75,DSL,Month-to-month,No,0,0.2501317636284984,No,Normal Risk,Continue regular engagement
0365-TRTPY,37,91.2,3382.3,Fiber optic,Month-to-month,No,3,0.5273318528052937,Yes,Normal Risk,Continue regular engagement
7349-ALMUX,37,65.6,2313.8,DSL,Two year,No,4,0.02628313018570715,No,Normal Risk,Continue regular engagement
9381-NDKME,24,40.65,933.3,DSL,Month-to-month,Yes,2,0.2850191242920035,No,Normal Risk,Continue regular engagement
6502-KUGLL,14,59.45,780.85,DSL,Month-to-month,No,3,0.10724199121989421,No,Normal Risk,Continue regular engagement
1841-YSJGV,72,109.95,7852.4,Fiber optic,Two year,No,5,0.052763580725901024,No,Normal Risk,Continue regular engagement
2794-XIMMO,53,60.45,3184.25,DSL,One year,Yes,5,0.06460766884619305,No,Normal Risk,Continue regular engagement
8382-SHQEH,8,84.9,764.95,Fiber optic,Month-to-month,Yes,1,0.8664279588951533,Yes,High Risk,Offer contract upgrade discount
3511-BFTJW,72,38.5,2763.0,DSL,Two year,No,3,0.0023486414953156377,No,Normal Risk,Continue regular engagement
7668-XCFYV,17,92.55,1614.7,Fiber optic,Month-to-month,No,2,0.7040902040643585,Yes,High Risk,Offer contract upgrade discount
2983-ZANRP,2,73.55,145.4,Fiber optic,Month-to-month,Yes,1,0.7367993540721887,Yes,High Risk,Offer contract upgrade discount
7845-URHJN,8,20.15,156.25,No,Month-to-month,Yes,0,0.5145534539002757,Yes,Normal Risk,Continue regular engagement
3034-ZBEQN,48,34.7,1604.5,DSL,One year,Yes,2,0.04730155470475759,No,Normal Risk,Continue regular engagement
5018-HEKFO,10,24.5,270.15,No,Month-to-month,No,0,0.36168535168152216,No,Normal Risk,Continue regular engagement
2923-ARZLG,0,19.7,,No,One year,No,0,0.09435199164326852,No,Normal Risk,Continue regular engagement
3976-NLDEZ,1,20.6,20.6,No,Month-to-month,No,0,0.3875614018246435,No,Normal Risk,Continue regular engagement
2282-YGNOR,29,58.0,1734.5,DSL,One year,No,3,0.032694676868354915,No,Normal Risk,Continue regular engagement
5336-UFNZP,65,107.45,7047.5,Fiber optic,One year,No,4,0.26308088739493257,No,Normal Risk,Continue regular engagement
6854-EXGSF,8,65.5,573.15,DSL,Month-to-month,No,3,0.5145809598299499,Yes,Normal Risk,Continue regular engagement
1241-EZFMJ,61,25.45,1538.6,No,Two year,No,0,0.014503658902199614,No,Normal Risk,Continue regular engagement
9233-PSYHO,45,100.15,4459.8,Fiber optic,One year,No,3,0.5911526953564906,Yes,Normal Risk,Continue regular engagement
5376-PCKNB,72,104.45,7459.0,Fiber optic,One year,No,4,0.11938414767935791,No,Normal Risk,Continue regular engagement
8044-BGWPI,12,21.15,306.05,No,Month-to-month,No,0,0.2362770500406981,No,Normal Risk,Continue regular engagement
4060-LDNLU,7,96.2,639.7,Fiber optic,Month-to-month,No,2,0.882154253166949,Yes,High Risk,Offer contract upgrade discount
3589-PPVKW,9,44.4,348.15,DSL,Month-to-month,No,0,0.5569889290692926,Yes,Normal Risk,Continue regular engagement
8327-LZKAS,43,107.55,4533.9,Fiber optic,One year,Yes,4,0.3455760248573919,No,Normal Risk,Continue regular engagement
5887-IKKYO,58,94.35,5563.65,Fiber optic,Two year,No,3,0.10656744168855535,No,Normal Risk,Continue regular engagement
1075-BGWOH,16,98.75,1587.55,Fiber optic,Month-to-month,Yes,3,0.6121959717187793,Yes,Normal Risk,Continue regular engagement
1755-RMCXH,2,20.3,40.25,No,Month-to-month,No,0,0.20428232484225628,No,Normal Risk,Continue regular engagement
0302-JOIVN,8,101.15,842.9,Fiber optic,Month-to-month,Yes,4,0.8013400786559809,Yes,High Risk,Offer contract upgrade discount
3858-XHYJO,40,105.75,4228.55,Fiber optic,One year,No,4,0.4409864497439132,No,Normal Risk,Continue regular engagement
4299-SIMNS,9,81.15,784.45,Fiber optic,Month-to-month,No,1,0.728401287493245,Yes,High Risk,Offer contract upgrade discount
7025-IWFHT,41,89.55,3729.75,Fiber optic,One year,No,3,0.24086583945436674,No,Normal Risk,Continue regular engagement
6261-LHRTG,26,54.75,1406.9,DSL,Month-to-month,No,2,0.23396741574198043,No,Normal Risk,Continue regular engagement
7841-FCRQD,33,53.75,1857.3,DSL,One year,No,2,0.04426314728864249,No,Normal Risk,Continue regular engagement
2056-EVGZL,68,105.75,7322.5,Fiber optic,One year,No,5,0.07759114501108316,No,Normal Risk,Continue regular engagement
8777-MBMTS,65,105.85,6725.5,Fiber optic,Two year,No,5,0.08043190110504932,No,Normal Risk,Continue regular engagement
7753-USQYQ,55,64.2,3627.3,DSL,One year,No,3,0.06661382122615675,No,Normal Risk,Continue regular engagement
5366-IJEQJ,20,88.7,1761.45,Fiber optic,Month-to-month,Yes,2,0.659333949017668,Yes,Normal Risk,Continue regular engagement
7661-CPURM,19,87.7,1725.95,Fiber optic,One year,No,2,0.28537387738965997,No,Normal Risk,Continue regular engagement
6233-HXJMX,45,89.3,4192.15,Fiber optic,Month-to-month,No,2,0.5910665147370945,Yes,Normal Risk,Continue regular engagement
5902-WBLSE,70,20.15,1411.2,No,Two year,No,0,0.002707843232628894,No,Normal Risk,Continue regular engagement
1981-INRFU,2,79.75,164.5,Fiber optic,Month-to-month,Yes,1,0.8948703099867411,Yes,High Risk,Offer contract upgrade discount
4971-PUYQO,27,94.55,2724.6,Fiber optic,Month-to-month,Yes,2,0.7704869374663268,Yes,High Risk,Offer contract upgrade discount
3239-TPHPZ,12,20.05,264.55,No,Two year,No,0,0.1236834581721192,No,Normal Risk,Continue regular engagement
5115-GZDEL,72,67.2,4671.7,DSL,Two year,No,6,0.005976530385170829,No,Normal Risk,Continue regular engagement
3338-CVVEH,12,94.55,1173.55,Fiber optic,Month-to-month,No,2,0.8661973552381184,Yes,High Risk,Offer contract upgrade discount
8485-GJCDN,5,69.05,318.5,Fiber optic,Month-to-month,Yes,0,0.7657835080492554,Yes,High Risk,Offer contract upgrade discount
2615-YVMYX,71,107.5,7713.55,Fiber optic,Month-to-month,No,5,0.3063589691014398,No,Normal Risk,Continue regular engagement
2851-STERV,35,73.0,2471.25,DSL,One year,No,4,0.09942476331846432,No,Normal Risk,Continue regular engagement
4393-GEADV,70,114.75,7842.3,Fiber optic,Two year,No,6,0.02315918348855278,No,Normal Risk,Continue regular engagement
8486-AYEQH,31,76.05,2227.8,Fiber optic,Month-to-month,No,0,0.7384400425131179,Yes,High Risk,Offer contract upgrade discount
1527-SXDPN,52,96.25,4990.25,Fiber optic,Two year,Yes,3,0.1346140778129303,No,Normal Risk,Continue regular engagement
6029-WTIPC,37,101.1,3744.05,Fiber optic,Month-to-month,Yes,3,0.7084498052840901,Yes,High Risk,Offer contract upgrade discount
8634-CILSZ,69,104.7,7220.35,Fiber optic,One year,Yes,4,0.3697601168770484,No,Normal Risk,Continue regular engagement
5419-JKZNQ,30,77.9,2351.45,Fiber optic,Month-to-month,No,0,0.5001083471318474,Yes,Normal Risk,Continue regular engagement
2495-KZNFB,33,90.65,2989.6,Fiber optic,Month-to-month,No,2,0.660020983794488,Yes,Normal Risk,Continue regular engagement
1409-PHXTF,54,110.45,6077.75,Fiber optic,Two year,No,5,0.12740006288696915,No,Normal Risk,Continue regular engagement
4560-WQAQW,59,68.7,4070.95,DSL,One year,No,3,0.07938602232716045,No,Normal Risk,Continue regular engagement
9591-YVTEB,55,44.85,2479.05,DSL,Month-to-month,No,3,0.11124948376185771,No,Normal Risk,Continue regular engagement
9309-BZGNT,69,29.8,2134.3,DSL,One year,No,1,0.018613916640113855,No,Normal Risk,Continue regular engagement
4274-DRSQT,66,88.9,6000.1,Fiber optic,One year,No,2,0.4539293804946157,No,Normal Risk,Continue regular engagement
2027-DNKIV,37,58.75,2203.1,DSL,One year,No,3,0.01195884830077064,No,Normal Risk,Continue regular engagement
8075-GXIUB,9,19.85,183.15,No,One year,No,0,0.07615243073211407,No,Normal Risk,Continue regular engagement
2885-HIJDH,69,86.9,6194.1,DSL,Two year,No,5,0.02630770334407247,No,Normal Risk,Continue regular engagement
5424-RLQLC,10,59.65,638.95,DSL,Month-to-month,No,2,0.5064176710747842,Yes,Normal Risk,Continue regular engagement
6682-QJDGB,40,55.25,2139.2,DSL,Month-to-month,Yes,2,0.06290186776213419,No,Normal Risk,Continue regular engagement
6507-DTJZV,13,66.4,831.75,DSL,Month-to-month,No,2,0.3254286226162278,No,Normal Risk,Continue regular engagement
8780-IXSTS,6,90.1,521.3,Fiber optic,Month-to-month,Yes,2,0.8400678438524031,Yes,High Risk,Offer contract upgrade discount
7673-BQGKU,69,20.15,1337.5,No,Two year,No,0,0.006699774157339974,No,Normal Risk,Continue regular engagement
6723-WSNTY,66,108.1,7181.95,Fiber optic,One year,No,5,0.11924381295532066,No,Normal Risk,Continue regular engagement
9530-EHPOH,11,53.75,608.0,DSL,Month-to-month,Yes,1,0.5604953885740033,Yes,Normal Risk,Continue regular engagement
2725-IWWBA,46,56.9,2560.1,DSL,One year,No,3,0.007334876385616323,No,Normal Risk,Continue regular engagement
0345-HKJVM,6,89.3,577.6,Fiber optic,Month-to-month,Yes,2,0.8997560358643847,Yes,High Risk,Offer contract upgrade discount
1061-PNTHC,56,109.6,5953.0,Fiber optic,Month-to-month,No,5,0.19896561125493556,No,Normal Risk,Continue regular engagement
0394-YONDK,70,25.15,1790.15,No,Two year,No,0,0.0021855427665892833,No,Normal Risk,Continue regular engagement
6574-MCOEH,33,79.15,2531.4,DSL,One year,No,4,0.08735595245682594,No,Normal Risk,Continue regular engagement
7399-QHBJS,72,66.75,4760.3,DSL,Two year,No,3,0.004000511216694988,No,Normal Risk,Continue regular engagement
3049-SOLAY,3,95.2,292.85,Fiber optic,Month-to-month,Yes,2,0.8886352009779966,Yes,High Risk,Offer contract upgrade discount
0997-YTLNY,19,48.8,953.65,DSL,Month-to-month,No,1,0.14976221288367053,No,Normal Risk,Continue regular engagement
3317-HRTNN,5,45.7,198.0,DSL,Month-to-month,Yes,2,0.8139556897685294,Yes,High Risk,Offer contract upgrade discount
9479-HYNYL,71,80.7,5705.05,DSL,Two year,No,5,0.024479499423073005,No,Normal Risk,Continue regular engagement
3235-ETOOB,8,74.5,609.9,Fiber optic,Month-to-month,Yes,1,0.651777058791133,Yes,Normal Risk,Continue regular engagement
9708-KFDBY,1,20.55,20.55,No,Month-to-month,No,0,0.35235589707765436,No,Normal Risk,Continue regular engagement
8058-INTPH,1,79.65,79.65,Fiber optic,Month-to-month,Yes,1,0.895462909078948,Yes,High Risk,Offer contract upgrade discount
3642-GKTCT,61,115.1,6993.65,Fiber optic,One year,No,6,0.14558406204640836,No,Normal Risk,Continue regular engagement
0774-RMNUW,71,59.7,4122.65,DSL,Two year,No,5,0.014430826829571763,No,Normal Risk,Continue regular engagement
1334-PDUKM,68,86.45,5762.95,Fiber optic,One year,No,2,0.13275896415989044,No,Normal Risk,Continue regular engagement
0756-MPZRL,46,33.7,1537.85,DSL,One year,No,2,0.03179691762464465,No,Normal Risk,Continue regular engagement
2242-MFOTG,33,80.1,2603.3,Fiber optic,One year,No,1,0.3387215498679216,No,Normal Risk,Continue regular engagement
2927-CVULT,53,104.05,5566.4,Fiber optic,Two year,No,5,0.06076261961737998,No,Normal Risk,Continue regular engagement
2144-BFDSO,50,108.75,5431.9,Fiber optic,Month-to-month,No,5,0.4854787684665462,No,Normal Risk,Continue regular engagement
8745-PVESG,57,41.1,2258.25,DSL,One year,No,3,0.02024041643831521,No,Normal Risk,Continue regular engagement
7647-GYYKX,54,20.35,1092.35,No,Two year,No,0,0.013474647873699463,No,Normal Risk,Continue regular engagement
5647-FXOTP,60,105.9,6401.25,Fiber optic,Month-to-month,No,4,0.6065591076635618,Yes,Normal Risk,Continue regular engagement
5569-OUICF,28,101.3,2812.2,Fiber optic,Month-to-month,Yes,3,0.4991709474987909,No,Normal Risk,Continue regular engagement
8821-XNHVZ,1,80.05,80.05,Fiber optic,Month-to-month,Yes,1,0.7131248628997346,Yes,High Risk,Offer contract upgrade discount
2082-OJVTK,29,89.2,2698.35,Fiber optic,Month-to-month,Yes,2,0.49841583558520164,No,Normal Risk,Continue regular engagement
9700-ISPUP,10,65.5,616.9,DSL,Month-to-month,No,3,0.33235436361377607,No,Normal Risk,Continue regular engagement
9839-ETQOE,43,40.45,1912.85,DSL,Month-to-month,No,3,0.08137617814660135,No,Normal Risk,Continue regular engagement
6078-VESFR,13,70.45,849.1,Fiber optic,Month-to-month,No,0,0.6750740802678981,Yes,Normal Risk,Continue regular engagement
9027-TMATR,43,78.8,3460.3,DSL,Two year,No,5,0.04205603832768747,No,Normal Risk,Continue regular engagement
5940-NFXKV,19,83.65,1465.75,Fiber optic,Month-to-month,Yes,1,0.5150466569196864,Yes,Normal Risk,Continue regular engagement
1941-HOSAM,1,90.1,90.1,Fiber optic,Month-to-month,No,2,0.7791895440961515,Yes,High Risk,Offer contract upgrade discount
9110-HSGTV,69,82.45,5555.3,DSL,Two year,No,5,0.027046236403848782,No,Normal Risk,Continue regular engagement
0704-VCUMB,61,20.25,1278.8,No,Two year,No,0,0.006679809283179329,No,Normal Risk,Continue regular engagement
6171-ZTVYB,43,66.25,2907.35,DSL,Month-to-month,No,3,0.110950838807942,No,Normal Risk,Continue regular engagement
8053-WWDRO,6,19.5,146.3,No,Month-to-month,Yes,0,0.525590640359555,Yes,Normal Risk,Continue regular engagement
9564-KCLHR,1,51.25,51.25,DSL,Month-to-month,Yes,1,0.47149944227811436,No,Normal Risk,Continue regular engagement
1935-IMVBB,56,89.7,4952.95,Fiber optic,Month-to-month,No,2,0.5451686776305474,Yes,Normal Risk,Continue regular engagement
2535-PBCGC,70,64.55,4504.9,DSL,Two year,No,6,0.023851760336436163,No,Normal Risk,Continue regular engagement
2082-CEFLT,1,45.6,45.6,DSL,Month-to-month,Yes,0,0.7321370528809766,Yes,High Risk,Offer contract upgrade discount
1470-PSXNM,49,93.65,4520.15,Fiber optic,One year,No,3,0.1481520347981692,No,Normal Risk,Continue regular engagement
1213-NGCUN,6,49.65,267.35,DSL,Month-to-month,Yes,1,0.6823846955977452,Yes,Normal Risk,Continue regular engagement
2498-XLDZR,32,73.6,2316.85,DSL,Two year,No,5,0.008780546201465646,No,Normal Risk,Continue regular engagement
9866-OCCKE,72,109.75,8075.35,Fiber optic,Two year,No,5,0.07559617564802898,No,Normal Risk,Continue regular engagement
5338-YHWYT,37,61.45,2302.35,DSL,Two year,No,3,0.007873308800710216,No,Normal Risk,Continue regular engagement
7718-UPSKJ,69,106.4,7251.9,Fiber optic,One year,No,5,0.11443133972271247,No,Normal Risk,Continue regular engagement
8731-WBBMB,26,81.9,2078.55,DSL,Month-to-month,No,5,0.3847185422286005,No,Normal Risk,Continue regular engagement
1448-CYWKC,58,105.2,6225.4,Fiber optic,One year,No,4,0.18162349641493988,No,Normal Risk,Continue regular engagement
7901-IIDQV,24,54.6,1242.25,DSL,One year,No,1,0.15427614833212466,No,Normal Risk,Continue regular engagement
2690-DVRVK,5,20.55,99.45,No,One year,No,0,0.11484716777913412,No,Normal Risk,Continue regular engagement
5688-KZTSN,15,20.0,288.05,No,Month-to-month,Yes,0,0.11646328670172419,No,Normal Risk,Continue regular engagement
1270-XKUCC,30,19.7,599.25,No,Two year,No,0,0.013754150512991259,No,Normal Risk,Continue regular engagement
0334-ZFJSR,55,66.05,3462.1,DSL,One year,No,3,0.016600421657722148,No,Normal Risk,Continue regular engagement
2894-QOJRX,25,34.0,853.0,DSL,Month-to-month,Yes,1,0.6157750284018455,Yes,Normal Risk,Continue regular engagement
5747-PMBSQ,10,92.5,934.1,Fiber optic,Month-to-month,Yes,4,0.338671002961513,No,Normal Risk,Continue regular engagement
5583-EJXRD,44,54.05,2375.2,DSL,Two year,No,5,0.005240628891368333,No,Normal Risk,Continue regular engagement
4565-EVZMJ,47,58.9,2813.05,DSL,One year,No,3,0.024402692864879387,No,Normal Risk,Continue regular engagement
3143-JQEGI,13,88.35,1222.8,Fiber optic,Month-to-month,Yes,2,0.6439212901280924,Yes,Normal Risk,Continue regular engagement
6386-SZZKH,49,107.95,5293.2,Fiber optic,Two year,Yes,5,0.13434578761384397,No,Normal Risk,Continue regular engagement
3327-YBAKM,64,96.9,6314.35,Fiber optic,One year,No,4,0.12547464419513463,No,Normal Risk,Continue regular engagement
9441-QHEVC,1,19.1,19.1,No,Month-to-month,No,0,0.361596729205178,No,Normal Risk,Continue regular engagement
6705-LNMDD,20,50.0,1003.05,DSL,Month-to-month,No,1,0.20582649121390376,No,Normal Risk,Continue regular engagement
2580-ASVVY,37,45.4,1593.1,DSL,Two year,No,3,0.0425394552344247,No,Normal Risk,Continue regular engagement
3370-GQEAL,30,85.45,2509.95,Fiber optic,Month-to-month,No,1,0.529274330717866,Yes,Normal Risk,Continue regular engagement
5032-USPKF,38,84.1,3187.65,DSL,One year,No,5,0.15983447472205117,No,Normal Risk,Continue regular engagement
2982-IHMFT,1,74.45,74.45,Fiber optic,Month-to-month,Yes,0,0.7814178692007177,Yes,High Risk,Offer contract upgrade discount
3521-SYVOR,37,64.75,2345.2,DSL,Month-to-month,Yes,2,0.5633623018202378,Yes,Normal Risk,Continue regular engagement
4254-QPEDE,52,66.25,3330.1,DSL,Two year,No,6,0.015371049329562484,No,Normal Risk,Continue regular engagement
6283-GITPX,71,76.9,5522.7,DSL,Two year,No,5,0.005504485496879027,No,Normal Risk,Continue regular engagement
9526-JAWYF,26,89.8,2335.3,Fiber optic,Month-to-month,Yes,3,0.5905294817913971,Yes,Normal Risk,Continue regular engagement
0771-CHWSK,66,74.6,4798.4,DSL,Two year,No,4,0.015619401210389128,No,Normal Risk,Continue regular engagement
9788-HNGUT,72,116.95,8594.4,Fiber optic,Two year,No,6,0.06233172605326387,No,Normal Risk,Continue regular engagement
9495-REDIY,25,40.65,970.55,DSL,One year,No,2,0.06454741690324955,No,Normal Risk,Continue regular engagement
5375-XLDOF,69,114.35,7665.8,Fiber optic,Two year,No,6,0.059345089449052216,No,Normal Risk,Continue regular engagement
1172-VIYBP,53,69.7,3686.05,DSL,Two year,No,3,0.02558130221818862,No,Normal Risk,Continue regular engagement
5649-VUKMC,12,95.5,1115.15,Fiber optic,One year,Yes,3,0.6242321894642656,Yes,Normal Risk,Continue regular engagement
6559-PDZLR,26,98.65,2537.0,Fiber optic,Month-to-month,No,4,0.5910804234570021,Yes,Normal Risk,Continue regular engagement
8992-OBVDG,21,61.65,1393.6,DSL,Month-to-month,No,2,0.36922130423991467,No,Normal Risk,Continue regular engagement
4273-MBHYA,1,89.35,89.35,Fiber optic,Month-to-month,No,2,0.8480727073798321,Yes,High Risk,Offer contract upgrade discount
4724-WXVWF,48,95.4,4445.3,Fiber optic,Month-to-month,No,3,0.39557616207560187,No,Normal Risk,Continue regular engagement
5701-GUXDC,26,35.4,978.6,DSL,One year,No,2,0.06871537921140412,No,Normal Risk,Continue regular engagement
1460-UZPRJ,60,19.95,1258.15,No,Two year,No,0,0.006048519819479655,No,Normal Risk,Continue regular engagement
6082-GLJIX,18,19.25,331.35,No,Month-to-month,No,0,0.13417377295013824,No,Normal Risk,Continue regular engagement
5143-EGQFK,10,29.65,291.4,DSL,Month-to-month,Yes,1,0.5686465836494274,Yes,Normal Risk,Continue regular engagement
4919-IKATY,5,84.5,453.75,Fiber optic,Month-to-month,Yes,2,0.45333200933032014,No,Normal Risk,Continue regular engagement
2495-TTHBQ,4,20.4,84.75,No,One year,No,0,0.13541970810712362,No,Normal Risk,Continue regular engagement
0485-ZBSLN,65,24.75,1715.1,No,Two year,No,0,0.0026161926026452417,No,Normal Risk,Continue regular engagement
3810-PJUHR,70,25.35,1715.15,No,Two year,No,0,0.0024925986426078237,No,Normal Risk,Continue regular engagement
9050-QLROH,18,90.7,1597.25,Fiber optic,Month-to-month,Yes,2,0.5762704818415143,Yes,Normal Risk,Continue regular engagement
0847-HGRML,62,20.0,1250.1,No,Two year,No,0,0.008791793030911661,No,Normal Risk,Continue regular engagement
8232-CTLKO,66,59.75,3996.8,DSL,Two year,No,2,0.022505643664603548,No,Normal Risk,Continue regular engagement
9227-YBAXE,65,82.5,5215.1,DSL,Two year,No,5,0.018688585074406346,No,Normal Risk,Continue regular engagement
6168-WFVVF,3,70.3,235.5,Fiber optic,Month-to-month,Yes,0,0.8539174661633593,Yes,High Risk,Offer contract upgrade discount
9860-LISIZ,34,20.35,673.2,No,Month-to-month,No,0,0.11880341548916534,No,Normal Risk,Continue regular engagement
0112-QAWRZ,16,90.8,1442.2,Fiber optic,Month-to-month,No,2,0.6046752290697281,Yes,Normal Risk,Continue regular engagement
0877-SDMBN,54,103.95,5639.05,Fiber optic,One year,Yes,4,0.4621566611399199,No,Normal Risk,Continue regular engagement
2786-GCDPI,50,104.95,5222.35,Fiber optic,Month-to-month,No,4,0.591327730216236,Yes,Normal Risk,Continue regular engagement
4043-MKDTV,71,105.25,7291.75,Fiber optic,Two year,No,5,0.12245100566765232,No,Normal Risk,Continue regular engagement
8065-YKXKD,10,74.75,799.65,Fiber optic,Month-to-month,Yes,0,0.863538071720949,Yes,High Risk,Offer contract upgrade discount
9637-EIHEQ,1,50.8,50.8,DSL,Month-to-month,Yes,1,0.6488895379928392,Yes,Normal Risk,Continue regular engagement
9229-RQABD,18,23.75,424.5,No,One year,No,0,0.05193772184200007,No,Normal Risk,Continue regular engagement
8313-KTIHG,4,61.3,249.4,DSL,Month-to-month,No,2,0.6126474506460762,Yes,Normal Risk,Continue regular engagement
5320-BRKGK,58,75.8,4415.75,DSL,Two year,No,4,0.009815088858399493,No,Normal Risk,Continue regular engagement
6284-KMNUF,56,98.0,5270.6,Fiber optic,One year,No,3,0.3030687751237547,No,Normal Risk,Continue regular engagement
9689-PTNPG,2,80.25,144.55,Fiber optic,Month-to-month,Yes,1,0.8704808554026126,Yes,High Risk,Offer contract upgrade discount
9465-RWMXL,32,78.9,2447.95,Fiber optic,Month-to-month,Yes,1,0.5340251357888529,Yes,Normal Risk,Continue regular engagement
6229-UOLQL,56,52.0,2884.9,DSL,One year,No,4,0.011094803311530526,No,Normal Risk,Continue regular engagement
2362-IBOOY,36,84.75,3050.15,Fiber optic,Month-to-month,Yes,1,0.7213260521404253,Yes,High Risk,Offer contract upgrade discount
3137-LUPIX,4,64.4,253.0,DSL,Month-to-month,No,2,0.531241074355448,Yes,Normal Risk,Continue regular engagement
0843-WTBXE,53,85.45,4517.25,Fiber optic,Month-to-month,Yes,1,0.7413664460047752,Yes,High Risk,Offer contract upgrade discount
6143-JQKEA,10,45.8,436.2,DSL,Month-to-month,No,0,0.5429090336604704,Yes,Normal Risk,Continue regular engagement
8676-OOQEJ,4,30.5,118.4,DSL,Month-to-month,No,1,0.6184235299011491,Yes,Normal Risk,Continue regular engagement
5515-IDEJJ,1,19.9,19.9,No,Month-to-month,Yes,0,0.20597378040461833,No,Normal Risk,Continue regular engagement
9701-CDXHR,51,69.15,3649.6,Fiber optic,Month-to-month,No,0,0.45045374447431424,No,Normal Risk,Continue regular engagement
7450-NWRTR,12,99.45,1200.15,Fiber optic,Month-to-month,Yes,3,0.8037084748205185,Yes,High Risk,Offer contract upgrade discount
8124-NZVGJ,6,49.25,255.6,DSL,One year,No,3,0.3936970483399934,No,Normal Risk,Continue regular engagement
2162-FRZAA,63,39.35,2395.05,DSL,Two year,No,3,0.009202436956300008,No,Normal Risk,Continue regular engagement
5376-DEQCP,1,70.6,70.6,Fiber optic,Month-to-month,Yes,0,0.8887302651333616,Yes,High Risk,Offer contract upgrade discount
5118-MUEYH,48,105.1,5083.55,Fiber optic,Month-to-month,No,4,0.42581014945316215,No,Normal Risk,Continue regular engagement
9095-HFAFX,5,81.0,389.6,Fiber optic,Month-to-month,Yes,1,0.8328999445036581,Yes,High Risk,Offer contract upgrade discount
5627-TVBPP,35,20.1,644.5,No,One year,No,0,0.022804940146414415,No,Normal Risk,Continue regular engagement
2379-ENZGV,6,84.85,523.5,Fiber optic,Month-to-month,Yes,2,0.8037142202940679,Yes,High Risk,Offer contract upgrade discount
3936-QQFLL,2,19.75,39.3,No,Month-to-month,No,0,0.3634320837146486,No,Normal Risk,Continue regular engagement
2589-AYCRP,50,19.75,989.05,No,One year,No,0,0.05307742132892558,No,Normal Risk,Continue regular engagement
4067-HLYQI,33,70.4,2406.1,Fiber optic,Month-to-month,No,0,0.8001365325809795,Yes,High Risk,Offer contract upgrade discount
5124-EOGYE,31,20.45,638.55,No,Two year,No,0,0.024736479343517796,No,Normal Risk,Continue regular engagement
5057-RKGLH,9,20.35,191.1,No,Two year,No,0,0.05170082060096998,No,Normal Risk,Continue regular engagement
0292-WEGCH,54,86.2,4524.05,DSL,Month-to-month,No,5,0.13974822179973587,No,Normal Risk,Continue regular engagement
8910-ICHIU,46,95.65,4664.2,Fiber optic,One year,No,4,0.17166814629598134,No,Normal Risk,Continue regular engagement
4097-YODCF,34,103.8,3470.8,Fiber optic,One year,No,4,0.18535421228244606,No,Normal Risk,Continue regular engagement
9715-WZCLW,71,97.2,6910.3,Fiber optic,Two year,No,3,0.08790504925789405,No,Normal Risk,Continue regular engagement
9786-YWNHU,63,63.55,4014.2,DSL,Two year,No,4,0.0032943768039870166,No,Normal Risk,Continue regular engagement
6407-GSJNL,51,24.95,1288.0,No,Two year,No,0,0.03347998431607586,No,Normal Risk,Continue regular engagement
6005-OBZPH,26,89.15,2277.65,Fiber optic,Month-to-month,Yes,2,0.6470864302805868,Yes,Normal Risk,Continue regular engagement
4049-ZPALD,64,99.0,6375.8,Fiber optic,Two year,No,4,0.25327089002201614,No,Normal Risk,Continue regular engagement
7932-WPTDS,1,24.8,24.8,DSL,Month-to-month,Yes,0,0.737988177206864,Yes,High Risk,Offer contract upgrade discount
3733-UOCWF,61,85.55,5251.75,Fiber optic,One year,No,2,0.15309850130035005,No,Normal Risk,Continue regular engagement
6833-JMZYP,15,94.0,1505.45,Fiber optic,Month-to-month,No,3,0.6734530098217325,Yes,Normal Risk,Continue regular engagement
2722-VOJQL,64,105.65,6903.1,Fiber optic,One year,Yes,4,0.21191322637420032,No,Normal Risk,Continue regular engagement
1310-QRITU,18,50.3,913.3,DSL,Month-to-month,No,0,0.5331360475969709,Yes,Normal Risk,Continue regular engagement
8961-QDZZJ,57,95.0,5535.8,Fiber optic,One year,No,3,0.29459838757491036,No,Normal Risk,Continue regular engagement
9715-SBVSU,14,61.4,815.55,DSL,Two year,No,3,0.03865973530366392,No,Normal Risk,Continue regular engagement
8490-BXHEO,18,80.55,1411.65,Fiber optic,Month-to-month,No,1,0.4067844873959082,No,Normal Risk,Continue regular engagement
7173-TETGO,72,78.5,5602.25,Fiber optic,Two year,No,1,0.09746039328357164,No,Normal Risk,Continue regular engagement
7929-SKFGK,70,114.3,8244.3,Fiber optic,Two year,No,6,0.046471914479809175,No,Normal Risk,Continue regular engagement
2300-RQGOI,38,20.05,741.5,No,Two year,No,0,0.023355018531631713,No,Normal Risk,Continue regular engagement
3563-SVYLG,68,62.65,4375.8,DSL,Two year,No,4,0.0018615989502863944,No,Normal Risk,Continue regular engagement
5228-EXCET,13,80.85,1008.7,Fiber optic,Month-to-month,Yes,1,0.7682410328243496,Yes,High Risk,Offer contract upgrade discount
6435-VWCCY,65,92.7,5968.4,Fiber optic,Two year,No,3,0.0373878289998539,No,Normal Risk,Continue regular engagement
4998-IKFSE,30,100.45,3096.9,Fiber optic,Month-to-month,No,3,0.7973956214976704,Yes,High Risk,Offer contract upgrade discount
8630-QSGXK,51,75.2,3901.25,DSL,Two year,No,3,0.10617783318672601,No,Normal Risk,Continue regular engagement
2455-USLMV,31,84.75,2613.4,Fiber optic,Month-to-month,No,2,0.3811692306544973,No,Normal Risk,Continue regular engagement
7394-FKDNK,9,89.45,853.1,Fiber optic,Month-to-month,Yes,2,0.8725753313841852,Yes,High Risk,Offer contract upgrade discount
9488-FVZCC,72,79.5,5661.7,DSL,Two year,No,5,0.012419519907765977,No,Normal Risk,Continue regular engagement
6331-LWDTQ,10,72.15,794.25,DSL,Month-to-month,Yes,2,0.6681524965044784,Yes,Normal Risk,Continue regular engagement
5995-WWKKG,37,19.8,695.05,No,One year,No,0,0.06355134991704181,No,Normal Risk,Continue regular engagement
1597-FZREH,2,76.4,160.8,DSL,Month-to-month,Yes,4,0.6527753139781416,Yes,Normal Risk,Continue regular engagement
7879-CGSFV,55,100.9,5552.05,Fiber optic,One year,No,4,0.21513100983503694,No,Normal Risk,Continue regular engagement
9921-EZKBY,33,95.3,3275.15,Fiber optic,Month-to-month,No,3,0.5035763983005387,Yes,Normal Risk,Continue regular engagement
7432-FFVAR,46,90.95,4236.6,Fiber optic,One year,No,3,0.24309468358353076,No,Normal Risk,Continue regular engagement
7246-ZGQDF,1,54.5,54.5,DSL,Month-to-month,No,2,0.2933752933128309,No,Normal Risk,Continue regular engagement
7000-WCEVQ,20,61.6,1174.35,DSL,Month-to-month,Yes,1,0.43321208263396355,No,Normal Risk,Continue regular engagement
0727-IWKVK,9,79.9,741.7,Fiber optic,Month-to-month,Yes,2,0.6685903779365528,Yes,Normal Risk,Continue regular engagement
5959-BELXA,32,96.15,3019.25,Fiber optic,Month-to-month,Yes,2,0.6305691578199554,Yes,Normal Risk,Continue regular engagement
4456-RHSNB,19,49.6,962.9,DSL,Month-to-month,No,1,0.3460623795539635,No,Normal Risk,Continue regular engagement
3512-IZIKN,70,65.3,4759.75,DSL,Two year,Yes,3,0.008324069484414718,No,Normal Risk,Continue regular engagement
2481-SBOYW,61,25.0,1498.35,No,Two year,No,0,0.005289262255825905,No,Normal Risk,Continue regular engagement
7109-MFBYV,26,45.45,1233.15,DSL,Month-to-month,No,0,0.43350380625532087,No,Normal Risk,Continue regular engagement
1833-TCXKK,45,107.75,4882.8,Fiber optic,Month-to-month,No,4,0.7422716069862232,Yes,High Risk,Offer contract upgrade discount
1832-PEUTS,62,89.1,5411.65,Fiber optic,Two year,No,2,0.06527493581673081,No,Normal Risk,Continue regular engagement
6141-OOXUQ,1,19.65,19.65,No,Month-to-month,Yes,0,0.3710325643915825,No,Normal Risk,Continue regular engagement
8660-BUETV,3,44.75,148.05,DSL,Month-to-month,No,0,0.6585406429621795,Yes,Normal Risk,Continue regular engagement
0580-PIQHM,41,101.6,3930.55,Fiber optic,One year,No,4,0.19341090271308406,No,Normal Risk,Continue regular engagement
5696-CEIQJ,67,103.15,6895.5,Fiber optic,Two year,No,5,0.08584449481671345,No,Normal Risk,Continue regular engagement
7503-ZGUZJ,1,84.65,84.65,Fiber optic,Month-to-month,Yes,1,0.8060917049237848,Yes,High Risk,Offer contract upgrade discount
1696-HXOWK,71,95.65,6856.95,Fiber optic,One year,No,3,0.13932556631205031,No,Normal Risk,Continue regular engagement
3026-ATZYV,37,75.1,2658.8,DSL,One year,No,4,0.09211087746718495,No,Normal Risk,Continue regular engagement
4012-YCFAI,60,61.35,3766.2,DSL,Two year,No,3,0.008192789724906762,No,Normal Risk,Continue regular engagement
2506-TNFCO,1,69.55,69.55,Fiber optic,Month-to-month,Yes,0,0.8161200330268314,Yes,High Risk,Offer contract upgrade discount
9970-QBCDA,6,19.7,129.55,No,Month-to-month,No,0,0.3538446182362634,No,Normal Risk,Continue regular engagement
8718-PTMEZ,13,31.05,347.25,DSL,Month-to-month,Yes,1,0.5366710138220653,Yes,Normal Risk,Continue regular engagement
9496-IVVRP,11,51.0,581.7,DSL,Month-to-month,No,1,0.4442323100296333,No,Normal Risk,Continue regular engagement
2207-OBZNX,7,51.0,354.05,DSL,Month-to-month,Yes,1,0.4271926906936572,No,Normal Risk,Continue regular engagement
2657-VPXTA,10,88.85,929.45,Fiber optic,Month-to-month,No,2,0.7927640204825531,Yes,High Risk,Offer contract upgrade discount
6551-VLJMV,34,20.05,679.0,No,Two year,No,0,0.014371497335384995,No,Normal Risk,Continue regular engagement
1221-GHZEP,62,65.1,3846.75,DSL,Two year,No,3,0.02126505949727846,No,Normal Risk,Continue regular engagement
9289-LBQVU,64,70.15,4480.7,DSL,One year,No,3,0.033378243747649465,No,Normal Risk,Continue regular engagement
6142-VSJQO,1,44.35,44.35,DSL,Month-to-month,Yes,0,0.6738220194019916,Yes,Normal Risk,Continue regular engagement
3458-IDMFK,25,20.75,499.4,No,Two year,No,0,0.03387172450635012,No,Normal Risk,Continue regular engagement
6933-FHBZC,26,56.05,1553.2,DSL,One year,No,2,0.1311027173347361,No,Normal Risk,Continue regular engagement
0221-NAUXK,10,19.95,219.5,No,One year,No,0,0.1720461838144647,No,Normal Risk,Continue regular engagement
9770-KXGQU,53,98.6,5311.85,Fiber optic,One year,No,4,0.14750547600958208,No,Normal Risk,Continue regular engagement
6437-UKHMV,7,79.7,586.05,Fiber optic,Month-to-month,Yes,1,0.8877925641243115,Yes,High Risk,Offer contract upgrade discount
6538-POCHL,33,79.0,2576.8,Fiber optic,Month-to-month,No,2,0.36092812312343114,No,Normal Risk,Continue regular engagement
6726-NNFWD,71,89.45,6435.25,Fiber optic,Two year,No,3,0.07741916345198843,No,Normal Risk,Continue regular engagement
3002-WQZWT,29,74.2,1993.25,Fiber optic,Month-to-month,No,0,0.7115591539635009,Yes,High Risk,Offer contract upgrade discount
4277-UDIEF,24,81.0,1923.85,DSL,Month-to-month,No,4,0.17128077633274358,No,Normal Risk,Continue regular engagement
1208-NBVFH,20,49.6,939.8,DSL,Month-to-month,No,1,0.20648686704766095,No,Normal Risk,Continue regular engagement
4912-PIGUY,1,84.6,84.6,Fiber optic,Month-to-month,No,1,0.8921370699277649,Yes,High Risk,Offer contract upgrade discount
1114-CENIM,54,55.0,3092.65,DSL,Month-to-month,Yes,1,0.07956141573071047,No,Normal Risk,Continue regular engagement
6060-DRTNL,5,84.85,415.55,Fiber optic,Month-to-month,Yes,2,0.7591983119085689,Yes,High Risk,Offer contract upgrade discount
2725-TTRIQ,72,84.2,5986.55,DSL,Two year,No,5,0.024058515875538495,No,Normal Risk,Continue regular engagement
3374-TTZTK,52,106.3,5487.0,Fiber optic,Two year,No,6,0.056445004849214275,No,Normal Risk,Continue regular engagement
8990-ZXLSU,9,69.05,651.5,Fiber optic,Month-to-month,No,0,0.8513263369375305,Yes,High Risk,Offer contract upgrade discount
2275-RBYQS,1,45.4,45.4,DSL,Month-to-month,No,0,0.6961341154446645,Yes,Normal Risk,Continue regular engagement
8473-VUVJN,1,73.65,73.65,Fiber optic,Month-to-month,Yes,0,0.7984401731839281,Yes,High Risk,Offer contract upgrade discount
6289-CPNLD,33,73.9,2405.05,DSL,One year,Yes,4,0.04418608915470584,No,Normal Risk,Continue regular engagement
5536-SLHPM,55,77.75,4458.15,Fiber optic,Month-to-month,Yes,1,0.5065401490882618,Yes,Normal Risk,Continue regular engagement
4419-UJMUS,69,99.35,6856.45,Fiber optic,Two year,No,3,0.11486230167986262,No,Normal Risk,Continue regular engagement
7794-JASDG,1,50.75,50.75,DSL,Month-to-month,No,1,0.4634685828176093,No,Normal Risk,Continue regular engagement
7609-YBPXG,54,87.1,4735.2,DSL,Two year,No,5,0.06743006575524464,No,Normal Risk,Continue regular engagement
5519-TEEUH,33,20.15,682.15,No,One year,No,0,0.022747765301867045,No,Normal Risk,Continue regular engagement
7856-GANIL,45,98.7,4525.8,Fiber optic,One year,No,4,0.18144390903058014,No,Normal Risk,Continue regular engagement
0804-XBFBV,11,25.2,321.05,DSL,Month-to-month,No,0,0.6350213392177695,Yes,Normal Risk,Continue regular engagement
2676-OXPPQ,6,55.7,335.65,DSL,Month-to-month,No,2,0.527955041826334,Yes,Normal Risk,Continue regular engagement
3703-TTEPD,21,65.35,1424.4,DSL,Month-to-month,No,3,0.3572262274798498,No,Normal Risk,Continue regular engagement
2799-TSLAG,65,25.3,1748.55,No,Two year,No,0,0.010021621612810184,No,Normal Risk,Continue regular engagement
0196-VULGZ,6,84.35,474.9,Fiber optic,Month-to-month,Yes,1,0.8244904970251107,Yes,High Risk,Offer contract upgrade discount
8837-VVWLQ,8,84.95,668.4,Fiber optic,Month-to-month,Yes,2,0.779695185157553,Yes,High Risk,Offer contract upgrade discount
2696-NARTR,11,73.85,926.25,Fiber optic,Month-to-month,Yes,1,0.7062866893174102,Yes,High Risk,Offer contract upgrade discount
2208-NKVVH,43,24.25,1077.95,No,Two year,No,0,0.006468287755806876,No,Normal Risk,Continue regular engagement
7614-QVWQL,49,51.8,2541.25,DSL,One year,Yes,3,0.1299506188761285,No,Normal Risk,Continue regular engagement
1976-CFOCS,1,46.0,46.0,DSL,Month-to-month,Yes,0,0.6726385102375716,Yes,Normal Risk,Continue regular engagement
4631-OACRM,15,79.4,1156.1,Fiber optic,Month-to-month,Yes,1,0.6888215556272912,Yes,Normal Risk,Continue regular engagement
7139-JZFVG,60,60.5,3694.45,DSL,Two year,No,3,0.012971630442649519,No,Normal Risk,Continue regular engagement
4987-GQWPO,17,25.1,382.8,DSL,Month-to-month,No,0,0.35846467258957015,No,Normal Risk,Continue regular engagement
3755-JBMNH,16,71.8,1167.8,Fiber optic,Month-to-month,Yes,0,0.7079269221913944,Yes,High Risk,Offer contract upgrade discount
1757-TCATG,35,20.05,746.75,No,One year,No,0,0.03414866986930441,No,Normal Risk,Continue regular engagement
6345-ULYRW,44,88.4,3912.9,Fiber optic,One year,Yes,2,0.16458501542418627,No,Normal Risk,Continue regular engagement
4776-XSKYQ,12,30.25,368.85,DSL,One year,No,1,0.1218641129083586,No,Normal Risk,Continue regular engagement
8048-DSDFQ,1,20.2,20.2,No,Month-to-month,No,0,0.38056784474569993,No,Normal Risk,Continue regular engagement
5753-QQWPW,28,59.9,1654.7,DSL,One year,No,3,0.060380829942597,No,Normal Risk,Continue regular engagement
6010-DDPPW,70,25.15,1940.85,No,Two year,No,0,0.010877879235610125,No,Normal Risk,Continue regular engagement
1809-DMJHQ,5,46.0,221.7,DSL,Month-to-month,Yes,0,0.5228626949952954,Yes,Normal Risk,Continue regular engagement
6693-FRIRW,18,101.3,1794.65,Fiber optic,Month-to-month,No,4,0.5258763445859713,Yes,Normal Risk,Continue regular engagement
6586-MYGKD,70,76.95,5289.8,DSL,Two year,No,4,0.011898232713653048,No,Normal Risk,Continue regular engagement
3173-NVMPX,9,55.3,501.2,DSL,Month-to-month,No,1,0.3365049078167436,No,Normal Risk,Continue regular engagement
0248-PGHBZ,67,92.45,6140.85,Fiber optic,Two year,No,4,0.0789350667878462,No,Normal Risk,Continue regular engagement
0623-GDISB,1,48.45,48.45,DSL,Month-to-month,No,1,0.6819594714571553,Yes,Normal Risk,Continue regular engagement
2892-GESUL,18,19.35,309.25,No,Two year,No,0,0.018265677155882645,No,Normal Risk,Continue regular engagement
6923-EFPNL,4,51.75,201.1,DSL,Month-to-month,Yes,0,0.5821312389490508,Yes,Normal Risk,Continue regular engagement
7472-EQOAV,71,86.7,6179.35,Fiber optic,One year,No,3,0.06761074477806386,No,Normal Risk,Continue regular engagement
9574-RKJIF,30,94.4,2838.7,Fiber optic,Month-to-month,Yes,3,0.2843993171002407,No,Normal Risk,Continue regular engagement
2043-WVTQJ,1,55.7,55.7,DSL,Month-to-month,No,2,0.3235174361151632,No,Normal Risk,Continue regular engagement
8034-RYTVV,55,84.25,4589.85,Fiber optic,One year,No,2,0.13227486312062897,No,Normal Risk,Continue regular engagement
3863-QSTYI,59,64.65,3735.45,DSL,Month-to-month,No,3,0.16307840433675624,No,Normal Risk,Continue regular engagement
2619-WFQWU,1,70.15,70.15,Fiber optic,Month-to-month,Yes,0,0.834502350534693,Yes,High Risk,Offer contract upgrade discount
5044-LRQAQ,7,69.2,477.55,Fiber optic,Month-to-month,No,0,0.879744244553441,Yes,High Risk,Offer contract upgrade discount
1716-LSAMB,45,54.65,2553.7,DSL,Two year,No,2,0.01612703012089276,No,Normal Risk,Continue regular engagement
1333-PBMXB,54,24.75,1342.15,No,One year,No,0,0.023337030886530538,No,Normal Risk,Continue regular engagement
6546-OPBBH,51,23.95,1216.35,No,One year,No,0,0.008334675642361076,No,Normal Risk,Continue regular engagement
5985-BEHZK,72,105.0,7578.05,Fiber optic,One year,No,4,0.20028550301889592,No,Normal Risk,Continue regular engagement
9127-QRZMH,44,59.85,2603.95,DSL,One year,No,3,0.037006632479001565,No,Normal Risk,Continue regular engagement
5919-VCZYM,2,20.05,42.7,No,Month-to-month,No,0,0.3688693221871256,No,Normal Risk,Continue regular engagement
9644-KVCNC,66,92.15,6056.9,Fiber optic,One year,No,2,0.5582312785592785,Yes,Normal Risk,Continue regular engagement
2137-DQMEV,68,44.8,2983.65,DSL,One year,No,3,0.010102129347326372,No,Normal Risk,Continue regular engagement
8174-LNWMW,31,20.9,689.35,No,Two year,No,0,0.029219277420797718,No,Normal Risk,Continue regular engagement
9279-CJEOJ,21,95.4,2025.1,Fiber optic,Month-to-month,No,2,0.8438370305767873,Yes,High Risk,Offer contract upgrade discount
7964-VEXDG,21,80.35,1747.2,Fiber optic,Month-to-month,No,1,0.3689177367947525,No,Normal Risk,Continue regular engagement
2404-JIBFC,55,85.1,4657.95,DSL,Two year,No,5,0.03362253352837463,No,Normal Risk,Continue regular engagement
0778-NELLA,9,34.7,296.1,DSL,Month-to-month,Yes,1,0.636663140350832,Yes,Normal Risk,Continue regular engagement
8029-XYPWT,71,115.05,8016.6,Fiber optic,Two year,No,6,0.08821180244489976,No,Normal Risk,Continue regular engagement
4614-NUVZD,1,81.1,81.1,Fiber optic,Month-to-month,Yes,1,0.90885072564589,Yes,High Risk,Offer contract upgrade discount
4632-PAOYU,22,19.95,433.5,No,One year,No,0,0.021641394418230715,No,Normal Risk,Continue regular engagement
3803-KMQFW,1,20.55,20.55,No,Month-to-month,Yes,0,0.26184874249758655,No,Normal Risk,Continue regular engagement
6804-GDMOI,61,106.6,6428.4,Fiber optic,Two year,Yes,4,0.3033542065682894,No,Normal Risk,Continue regular engagement
2990-OGYTD,67,86.15,5883.85,DSL,Two year,No,5,0.07383399290118577,No,Normal Risk,Continue regular engagement
6646-JPPHA,14,78.85,1043.8,Fiber optic,Month-to-month,No,2,0.4025511469269346,No,Normal Risk,Continue regular engagement
9572-MTILT,59,106.75,6252.9,Fiber optic,Month-to-month,Yes,5,0.24731210289268302,No,Normal Risk,Continue regular engagement
7658-UYUQS,21,86.55,1857.25,Fiber optic,Month-to-month,No,2,0.6685488929815265,Yes,Normal Risk,Continue regular engagement
7880-XSOJX,4,42.4,146.4,DSL,Month-to-month,No,3,0.27715405845790797,No,Normal Risk,Continue regular engagement
9611-CTWIH,3,89.45,240.45,Fiber optic,Month-to-month,Yes,2,0.9074598110519574,Yes,High Risk,Offer contract upgrade discount
4589-IUAJB,70,24.25,1724.15,No,Two year,No,0,0.009340914572834565,No,Normal Risk,Continue regular engagement
0329-GTIAJ,3,97.9,315.3,Fiber optic,Month-to-month,Yes,4,0.7500352565718917,Yes,High Risk,Offer contract upgrade discount
8746-BFOAJ,21,20.5,429.55,No,One year,No,0,0.08858883779131359,No,Normal Risk,Continue regular engagement
8457-XIGKN,20,19.6,356.15,No,Month-to-month,No,0,0.11895801928469389,No,Normal Risk,Continue regular engagement
6072-NUQCB,22,20.25,488.25,No,One year,No,0,0.0496032198344428,No,Normal Risk,Continue regular engagement
6629-CZTTH,1,55.7,55.7,DSL,Month-to-month,Yes,1,0.6837535523652282,Yes,Normal Risk,Continue regular engagement
8838-GPHZP,63,20.6,1298.7,No,Two year,No,0,0.009973795342909228,No,Normal Risk,Continue regular engagement
8750-QWZAJ,70,19.8,1378.75,No,Two year,No,0,0.00633064897828381,No,Normal Risk,Continue regular engagement
5364-EVNIB,13,79.8,973.45,Fiber optic,Month-to-month,Yes,2,0.5567628071822815,Yes,Normal Risk,Continue regular engagement
6918-UMQCG,5,80.2,384.25,Fiber optic,Month-to-month,No,1,0.8859044023468198,Yes,High Risk,Offer contract upgrade discount
0675-NCDYU,72,116.4,8543.25,Fiber optic,Two year,No,6,0.043187001136283036,No,Normal Risk,Continue regular engagement
6339-DKLMK,13,31.65,389.95,DSL,Month-to-month,No,1,0.5518967476018372,Yes,Normal Risk,Continue regular engagement
1346-PJWTK,61,94.15,5731.85,Fiber optic,Month-to-month,No,4,0.19174130478857027,No,Normal Risk,Continue regular engagement
5088-QZLRL,1,20.65,20.65,No,Month-to-month,No,0,0.49320521743804124,No,Normal Risk,Continue regular engagement
8023-QHAIO,56,76.85,4275.75,Fiber optic,Month-to-month,No,1,0.39229908360344334,No,Normal Risk,Continue regular engagement
4397-FRLTA,4,20.15,84.5,No,Month-to-month,No,0,0.41486649872129217,No,Normal Risk,Continue regular engagement
3057-VJJQE,35,55.25,1924.1,DSL,Two year,No,1,0.040075517482933504,No,Normal Risk,Continue regular engagement
5087-SUURX,18,39.05,669.85,DSL,Month-to-month,Yes,2,0.48360339526524243,No,Normal Risk,Continue regular engagement
2302-OUZXB,72,82.15,5784.3,DSL,Two year,No,4,0.0888334190852617,No,Normal Risk,Continue regular engagement
8133-ANHHJ,49,103.0,5166.2,Fiber optic,One year,No,5,0.1492752427921603,No,Normal Risk,Continue regular engagement
2270-CHBFN,44,95.1,4060.55,Fiber optic,Month-to-month,No,4,0.1362385637881512,No,Normal Risk,Continue regular engagement
0013-EXCHZ,3,83.9,267.4,Fiber optic,Month-to-month,Yes,2,0.6137054450714284,Yes,Normal Risk,Continue regular engagement
5982-FPVQN,37,95.15,3532.85,Fiber optic,Month-to-month,No,3,0.46372722107225206,No,Normal Risk,Continue regular engagement
9107-UKCKY,61,79.8,4914.8,DSL,One year,No,4,0.1084634759367131,No,Normal Risk,Continue regular engagement
4654-ULTTN,70,74.8,5315.8,DSL,Two year,No,4,0.009891935990452695,No,Normal Risk,Continue regular engagement
5550-VFRLC,1,69.85,69.85,Fiber optic,Month-to-month,Yes,0,0.8534043532634156,Yes,High Risk,Offer contract upgrade discount
5546-BYZSM,41,20.45,775.6,No,Month-to-month,No,0,0.13419000928286615,No,Normal Risk,Continue regular engagement
1492-KGETH,70,78.35,5445.95,DSL,One year,No,5,0.014049024831746965,No,Normal Risk,Continue regular engagement
4929-BSTRX,1,53.55,53.55,DSL,Month-to-month,Yes,1,0.6968618548968684,Yes,Normal Risk,Continue regular engagement
4163-HFTUK,51,19.1,1007.8,No,One year,No,0,0.026029683998972757,No,Normal Risk,Continue regular engagement
8215-NGSPE,42,20.0,833.55,No,Two year,No,0,0.008733337906543487,No,Normal Risk,Continue regular engagement
2225-ZRGSG,70,93.9,6579.05,Fiber optic,Two year,Yes,4,0.03210318957450646,No,Normal Risk,Continue regular engagement
8859-YSTWS,48,19.95,1004.5,No,One year,No,0,0.04611410283536323,No,Normal Risk,Continue regular engagement
5271-YNWVR,68,113.15,7856.0,Fiber optic,Two year,Yes,6,0.04253613783149371,No,Normal Risk,Continue regular engagement
7601-DHFWZ,48,24.0,1183.05,No,Two year,No,0,0.01348385967101251,No,Normal Risk,Continue regular engagement
2657-ALMWY,26,84.95,2169.75,Fiber optic,Month-to-month,Yes,2,0.593982530747071,Yes,Normal Risk,Continue regular engagement
6330-JKLPC,11,80.5,896.9,Fiber optic,Month-to-month,Yes,1,0.7920731880161199,Yes,High Risk,Offer contract upgrade discount
4667-OHGKG,1,19.3,19.3,No,Month-to-month,Yes,0,0.38136632262010595,No,Normal Risk,Continue regular engagement
1998-VHJHK,27,19.15,501.35,No,One year,No,0,0.05557204154836424,No,Normal Risk,Continue regular engagement
1707-HABPF,46,91.3,4126.35,Fiber optic,One year,No,3,0.4244084455410049,No,Normal Risk,Continue regular engagement
1660-HSOOQ,1,49.65,49.65,DSL,Month-to-month,Yes,1,0.5597177804560589,Yes,Normal Risk,Continue regular engagement
7253-UVNDW,46,54.35,2460.15,DSL,Two year,Yes,2,0.02639346167805363,No,Normal Risk,Continue regular engagement
0487-VVUVK,25,19.15,477.6,No,Month-to-month,No,0,0.05873629477517106,No,Normal Risk,Continue regular engagement
7228-OMTPN,4,88.45,370.65,Fiber optic,Month-to-month,Yes,2,0.8753647980621689,Yes,High Risk,Offer contract upgrade discount
5063-IUOKK,13,19.75,265.75,No,Two year,No,0,0.04080378505579145,No,Normal Risk,Continue regular engagement
4508-OEBEY,31,75.5,2424.45,DSL,One year,No,5,0.023868168415959325,No,Normal Risk,Continue regular engagement
0027-KWYKW,23,83.75,1849.95,Fiber optic,Month-to-month,No,1,0.562486808741421,Yes,Normal Risk,Continue regular engagement
2308-STERM,2,19.4,61.05,No,Month-to-month,No,0,0.42251022385171927,No,Normal Risk,Continue regular engagement
5982-XMDEX,65,26.5,1698.55,No,Two year,No,0,0.022869370508153845,No,Normal Risk,Continue regular engagement
6284-AHOOQ,22,90.5,1910.6,Fiber optic,Month-to-month,Yes,2,0.6180257244877725,Yes,Normal Risk,Continue regular engagement
6051-PTVNS,55,19.15,998.1,No,One year,No,0,0.0069386065398321616,No,Normal Risk,Continue regular engagement
2344-JMOGN,9,94.85,890.6,Fiber optic,Month-to-month,Yes,4,0.44887168734963,No,Normal Risk,Continue regular engagement
3799-ISUZQ,7,69.95,529.5,Fiber optic,Month-to-month,Yes,0,0.7703475534909249,Yes,High Risk,Offer contract upgrade discount
2877-VDUER,35,40.9,1383.6,DSL,One year,No,2,0.056806987295709724,No,Normal Risk,Continue regular engagement
9152-AMKAK,6,80.25,493.4,DSL,Two year,No,5,0.08212988688956596,No,Normal Risk,Continue regular engagement
1794-HBQTJ,1,48.6,48.6,DSL,Month-to-month,Yes,1,0.4531923296366277,No,Normal Risk,Continue regular engagement
9432-VOFYX,17,70.8,1207.0,Fiber optic,Month-to-month,No,0,0.7113821973718042,Yes,High Risk,Offer contract upgrade discount
8049-WJCLQ,10,60.2,563.5,DSL,Month-to-month,No,2,0.3279439434527438,No,Normal Risk,Continue regular engagement
6586-PSJOX,15,55.2,864.55,DSL,One year,No,2,0.040390016679987435,No,Normal Risk,Continue regular engagement
2460-FPSYH,40,55.8,2109.35,DSL,Month-to-month,Yes,4,0.27054259833388744,No,Normal Risk,Continue regular engagement
9705-ZJBCG,13,54.15,701.05,DSL,One year,No,2,0.0626500881284342,No,Normal Risk,Continue regular engagement
4818-DRBQT,29,80.15,2265.25,Fiber optic,Month-to-month,Yes,1,0.6292268922692891,Yes,Normal Risk,Continue regular engagement
1320-HTRDR,3,75.5,220.6,Fiber optic,Month-to-month,Yes,0,0.880987120463641,Yes,High Risk,Offer contract upgrade discount
6847-KJLTS,58,100.4,5749.8,Fiber optic,Month-to-month,No,3,0.6549693762101089,Yes,Normal Risk,Continue regular engagement
9670-BPNXF,45,62.55,2796.45,DSL,One year,No,3,0.029939475307656366,No,Normal Risk,Continue regular engagement
3913-FCUUW,72,70.45,5165.7,DSL,Two year,No,4,0.009123009221863586,No,Normal Risk,Continue regular engagement
3301-VKTGC,68,85.5,5696.6,Fiber optic,One year,No,2,0.09402006738751766,No,Normal Risk,Continue regular engagement
1493-AMTIE,1,20.2,20.2,No,Month-to-month,Yes,0,0.5979656334008314,Yes,Normal Risk,Continue regular engagement
9555-SAHUZ,38,54.5,2076.05,DSL,Month-to-month,No,2,0.09003195343674456,No,Normal Risk,Continue regular engagement
0816-TSPHQ,2,20.75,44.2,No,Month-to-month,No,0,0.3810700022659822,No,Normal Risk,Continue regular engagement
9932-WBWIK,11,20.35,215.25,No,Month-to-month,No,0,0.29373842094381464,No,Normal Risk,Continue regular engagement
4619-EVPHY,20,91.0,1859.5,Fiber optic,One year,No,2,0.6198686015040681,Yes,Normal Risk,Continue regular engagement
5286-YHCVC,72,104.8,7470.1,Fiber optic,Two year,No,4,0.27866938514672995,No,Normal Risk,Continue regular engagement
6424-ELEYH,3,74.75,229.5,Fiber optic,Month-to-month,Yes,0,0.7552946515102859,Yes,High Risk,Offer contract upgrade discount
4391-RESHN,23,104.05,2470.1,Fiber optic,Month-to-month,Yes,4,0.47750281893752666,No,Normal Risk,Continue regular engagement
9115-YQHGA,40,51.1,2092.9,DSL,Month-to-month,No,1,0.24101496285571522,No,Normal Risk,Continue regular engagement
4462-CYWMH,62,89.8,5629.55,Fiber optic,Month-to-month,No,2,0.5499900897611933,Yes,Normal Risk,Continue regular engagement
8963-MQVYN,22,20.55,469.85,No,Month-to-month,No,0,0.15002757119442472,No,Normal Risk,Continue regular engagement
2458-EOMRE,11,64.05,733.95,DSL,Month-to-month,No,3,0.6093560020633807,Yes,Normal Risk,Continue regular engagement
9334-GWGOW,7,74.85,485.25,Fiber optic,Month-to-month,No,0,0.7491745782792762,Yes,High Risk,Offer contract upgrade discount
6821-BUXUX,13,96.65,1244.5,Fiber optic,Month-to-month,Yes,3,0.5923638125311805,Yes,Normal Risk,Continue regular engagement
5028-HTLJB,1,20.05,20.05,No,Month-to-month,Yes,0,0.3188474881424688,No,Normal Risk,Continue regular engagement
9801-GDWGV,39,103.45,3994.45,Fiber optic,Month-to-month,Yes,4,0.6892712569397541,Yes,Normal Risk,Continue regular engagement
6542-LWGXJ,3,25.0,78.25,DSL,Month-to-month,No,0,0.6166017089412319,Yes,Normal Risk,Continue regular engagement
5567-GZKQY,58,20.3,1131.5,No,Two year,No,0,0.007176684358611617,No,Normal Risk,Continue regular engagement
1222-LRYKO,6,26.35,184.05,No,Month-to-month,No,0,0.2313561494631778,No,Normal Risk,Continue regular engagement
2320-JRSDE,1,19.9,19.9,No,Month-to-month,Yes,0,0.357135161183316,No,Normal Risk,Continue regular engagement
2087-QAREY,22,54.7,1178.75,DSL,Month-to-month,No,2,0.20809054041295924,No,Normal Risk,Continue regular engagement
0601-WZHJF,14,46.35,667.7,DSL,Month-to-month,Yes,2,0.6013803591081933,Yes,Normal Risk,Continue regular engagement
4423-JWZJN,64,90.25,5629.15,Fiber optic,One year,No,2,0.11158442120106876,No,Normal Risk,Continue regular engagement
5143-WMWOG,1,19.95,19.95,No,Month-to-month,Yes,0,0.48028064380347224,No,Normal Risk,Continue regular engagement
6490-FGZAT,6,20.65,109.3,No,Month-to-month,No,0,0.341174812366536,No,Normal Risk,Continue regular engagement
5393-RXQSZ,1,79.6,79.6,Fiber optic,Month-to-month,Yes,1,0.8645921748771224,Yes,High Risk,Offer contract upgrade discount
7452-FOLON,39,25.45,958.45,No,One year,No,0,0.03903400308686347,No,Normal Risk,Continue regular engagement
2320-TZRRH,20,19.5,403.15,No,One year,No,0,0.0656444367292405,No,Normal Risk,Continue regular engagement
0231-LXVAP,1,75.9,75.9,Fiber optic,Month-to-month,Yes,1,0.7620604470001687,Yes,High Risk,Offer contract upgrade discount
9444-JTXHZ,1,76.2,76.2,Fiber optic,Month-to-month,Yes,1,0.7806858250830369,Yes,High Risk,Offer contract upgrade discount
4942-VZZOM,64,66.15,4392.5,DSL,One year,No,2,0.040778634907844245,No,Normal Risk,Continue regular engagement
5510-BOIUJ,1,19.25,19.25,No,Month-to-month,Yes,0,0.24079868451983463,No,Normal Risk,Continue regular engagement
7502-BNYGS,46,69.1,3168.0,DSL,Month-to-month,No,3,0.24182015523990985,No,Normal Risk,Continue regular engagement
4291-HYEBC,28,39.1,1096.6,DSL,One year,No,2,0.1001149663988503,No,Normal Risk,Continue regular engagement
6147-CBCRA,33,20.05,669.45,No,Month-to-month,No,0,0.09722284657134551,No,Normal Risk,Continue regular engagement
6047-SUHPR,39,59.8,2343.85,DSL,One year,No,3,0.022450406754633515,No,Normal Risk,Continue regular engagement
4471-KXAUH,42,84.3,3588.4,Fiber optic,Month-to-month,Yes,2,0.4351449336261417,No,Normal Risk,Continue regular engagement
9752-ZNQUT,1,48.6,48.6,DSL,Month-to-month,No,1,0.6675549142905809,Yes,Normal Risk,Continue regular engagement
7638-QVMVY,7,79.0,522.95,Fiber optic,Month-to-month,Yes,1,0.8798901734672914,Yes,High Risk,Offer contract upgrade discount
1576-PFZIW,70,105.35,7511.9,Fiber optic,Two year,No,5,0.05759345927150485,No,Normal Risk,Continue regular engagement
5666-MBJPT,65,25.1,1725.0,No,Two year,No,0,0.017258165266605868,No,Normal Risk,Continue regular engagement
7312-XSBAT,1,49.75,49.75,DSL,Month-to-month,No,1,0.5340709244912676,Yes,Normal Risk,Continue regular engagement
3096-GKWEB,18,94.75,1691.9,Fiber optic,Month-to-month,No,2,0.7325711392246754,Yes,High Risk,Offer contract upgrade discount
2371-JQHZZ,24,93.0,2248.05,Fiber optic,Month-to-month,No,2,0.6934133550862212,Yes,Normal Risk,Continue regular engagement
0674-GCDXG,63,71.9,4479.2,DSL,Two year,No,4,0.026311869443025014,No,Normal Risk,Continue regular engagement
1121-QSIVB,44,77.55,3471.1,DSL,One year,No,3,0.1294757720501166,No,Normal Risk,Continue regular engagement
4396-KLSEH,4,19.85,63.0,No,Month-to-month,No,0,0.46431603535376226,No,Normal Risk,Continue regular engagement
3244-DCJWY,1,70.25,70.25,Fiber optic,Month-to-month,Yes,0,0.8861462929900306,Yes,High Risk,Offer contract upgrade discount
2824-MYYBN,37,95.25,3314.15,Fiber optic,Month-to-month,No,2,0.647410821773933,Yes,Normal Risk,Continue regular engagement
0875-CABNR,10,84.6,865.55,Fiber optic,Month-to-month,Yes,2,0.7249785896991531,Yes,High Risk,Offer contract upgrade discount
6345-HOVES,34,25.05,852.7,DSL,Month-to-month,No,0,0.4911546520786632,No,Normal Risk,Continue regular engagement
8318-LCNBW,35,53.15,1930.9,DSL,One year,No,4,0.059157536386823695,No,Normal Risk,Continue regular engagement
6469-QJKZW,4,20.15,91.4,No,Month-to-month,No,0,0.4592168499817694,No,Normal Risk,Continue regular engagement
0147-ESWWR,39,101.25,3949.15,Fiber optic,Month-to-month,No,3,0.6222803061077414,Yes,Normal Risk,Continue regular engagement
1217-VASWC,43,100.55,4304.0,Fiber optic,One year,No,4,0.38294240621341546,No,Normal Risk,Continue regular engagement
7812-FZHPE,17,24.1,409.9,No,Month-to-month,Yes,0,0.08284978465545395,No,Normal Risk,Continue regular engagement
6370-ZVHDV,61,25.3,1554.9,No,Two year,No,0,0.01873906650510674,No,Normal Risk,Continue regular engagement
5915-DGNVC,49,71.8,3472.05,DSL,One year,No,4,0.04678334305253977,No,Normal Risk,Continue regular engagement
6260-XLACS,4,19.7,117.8,No,One year,No,0,0.163032214477245,No,Normal Risk,Continue regular engagement
3566-CAAYU,64,49.85,3210.35,DSL,Two year,No,4,0.013360547313935963,No,Normal Risk,Continue regular engagement
4983-CCWMC,3,69.6,207.4,Fiber optic,Month-to-month,No,0,0.7810916385950445,Yes,High Risk,Offer contract upgrade discount
9103-CXVOK,1,19.75,19.75,No,Month-to-month,No,0,0.282163291402706,No,Normal Risk,Continue regular engagement
2896-TBNBE,40,80.8,3132.75,Fiber optic,One year,No,2,0.21376753897852996,No,Normal Risk,Continue regular engagement
4797-AXPXK,1,60.0,60.0,DSL,Month-to-month,Yes,3,0.23189287407362827,No,Normal Risk,Continue regular engagement
5229-PRWKT,8,86.55,649.65,Fiber optic,Month-to-month,Yes,1,0.8730840966090899,Yes,High Risk,Offer contract upgrade discount
6982-UQZLY,1,20.85,20.85,No,Month-to-month,Yes,0,0.35110189301705075,No,Normal Risk,Continue regular engagement
2522-WLNSF,34,64.2,2106.3,DSL,One year,No,3,0.112792715031906,No,Normal Risk,Continue regular engagement
3841-CONLJ,1,35.0,35.0,DSL,Month-to-month,No,1,0.8063012431469628,Yes,High Risk,Offer contract upgrade discount
5057-LCOUI,39,50.75,2011.4,DSL,Month-to-month,Yes,3,0.5421150662537729,Yes,Normal Risk,Continue regular engagement
0193-ESZXP,58,105.5,6205.5,Fiber optic,One year,Yes,5,0.09374825768376008,No,Normal Risk,Continue regular engagement
4475-NVTLU,45,19.2,903.7,No,Two year,No,0,0.008624115159710207,No,Normal Risk,Continue regular engagement
4369-HTUIF,6,85.15,503.6,Fiber optic,Month-to-month,Yes,2,0.7754858562677222,Yes,High Risk,Offer contract upgrade discount
9386-LDCZR,43,90.65,3882.3,Fiber optic,One year,No,4,0.05622691734878737,No,Normal Risk,Continue regular engagement
9585-KKMFD,41,20.0,879.8,No,Two year,No,0,0.007689830202507055,No,Normal Risk,Continue regular engagement
5399-ZIMKF,5,74.65,383.65,Fiber optic,Month-to-month,No,1,0.7773417105045188,Yes,High Risk,Offer contract upgrade discount
0336-KXKFK,72,61.2,4390.25,DSL,Two year,No,5,0.014585792310292878,No,Normal Risk,Continue regular engagement
5619-XZZKR,4,19.95,68.2,No,One year,No,0,0.16280002866204074,No,Normal Risk,Continue regular engagement
3948-FVVRP,9,54.8,452.8,DSL,Month-to-month,No,2,0.15318755533390874,No,Normal Risk,Continue regular engagement
5327-XOKKY,72,73.45,5329.0,DSL,Two year,No,3,0.02904711769283172,No,Normal Risk,Continue regular engagement
0983-TATYJ,33,51.45,1758.9,DSL,One year,No,1,0.08796198096203431,No,Normal Risk,Continue regular engagement
1813-JYWTO,72,80.45,5737.6,Fiber optic,Two year,No,1,0.14594203933266417,No,Normal Risk,Continue regular engagement
0156-FVPTA,22,54.2,1152.7,DSL,Month-to-month,Yes,2,0.12616374636125882,No,Normal Risk,Continue regular engagement
1984-FCOWB,70,109.5,7674.55,Fiber optic,One year,Yes,5,0.25838688524564773,No,Normal Risk,Continue regular engagement
0654-HMSHN,21,104.4,2157.95,Fiber optic,Month-to-month,Yes,4,0.41767325859170973,No,Normal Risk,Continue regular engagement
6719-OXYBR,15,85.3,1219.85,Fiber optic,Month-to-month,No,2,0.6818359003597999,Yes,Normal Risk,Continue regular engagement
3312-ZWLGF,29,79.3,2414.55,Fiber optic,Month-to-month,No,1,0.4092402935496486,No,Normal Risk,Continue regular engagement
6476-YHMGA,15,76.5,1155.6,DSL,Month-to-month,No,5,0.1903555406162403,No,Normal Risk,Continue regular engagement
5287-QWLKY,71,105.1,7548.1,Fiber optic,Month-to-month,Yes,4,0.16972857632437632,No,Normal Risk,Continue regular engagement
0795-XCCTE,72,25.4,1809.35,No,Two year,No,0,0.0094455924465222,No,Normal Risk,Continue regular engagement
0168-XZKBB,19,86.85,1564.4,Fiber optic,Month-to-month,No,1,0.7588787634158256,Yes,High Risk,Offer contract upgrade discount
3785-NRHYR,1,19.65,19.65,No,Month-to-month,No,0,0.3710325643915825,No,Normal Risk,Continue regular engagement
5196-SGOAK,1,75.7,75.7,Fiber optic,Month-to-month,Yes,1,0.8402057825352547,Yes,High Risk,Offer contract upgrade discount
4537-DKTAL,2,45.55,84.4,DSL,Month-to-month,No,0,0.7621581224968814,Yes,High Risk,Offer contract upgrade discount
7072-MBHEV,11,78.1,864.85,Fiber optic,Month-to-month,No,1,0.4394165546240387,No,Normal Risk,Continue regular engagement
5602-BVFMK,12,19.3,228.75,No,One year,No,0,0.14937693807640334,No,Normal Risk,Continue regular engagement
6297-NOOPG,70,110.5,7752.05,Fiber optic,Two year,No,5,0.18465569146627756,No,Normal Risk,Continue regular engagement
1891-UAWWU,20,90.8,1951.0,Fiber optic,Month-to-month,Yes,2,0.6402639682190465,Yes,Normal Risk,Continue regular engagement
8204-TIFGJ,23,20.3,470.6,No,Month-to-month,No,0,0.30534152444384083,No,Normal Risk,Continue regular engagement
8050-DVOJX,49,81.35,4060.9,DSL,Two year,No,5,0.010975989132332551,No,Normal Risk,Continue regular engagement
6108-OQZDQ,4,97.95,384.5,Fiber optic,Month-to-month,Yes,3,0.7072636306341894,Yes,High Risk,Offer contract upgrade discount
0363-QJVFX,32,108.15,3432.9,Fiber optic,Month-to-month,Yes,5,0.25041111915973346,No,Normal Risk,Continue regular engagement
8903-XEBGX,2,55.3,108.65,DSL,Month-to-month,No,1,0.6343305751665465,Yes,Normal Risk,Continue regular engagement
8169-SAEJD,69,56.55,3952.65,DSL,Two year,No,4,0.013598886480486247,No,Normal Risk,Continue regular engagement
9840-DVNDC,6,80.5,463.05,Fiber optic,Month-to-month,Yes,1,0.7835276617833993,Yes,High Risk,Offer contract upgrade discount
1089-XZWHH,24,19.7,494.05,No,Two year,No,0,0.016271422367737726,No,Normal Risk,Continue regular engagement
2325-WINES,32,104.05,3416.85,Fiber optic,One year,No,4,0.34559778181533235,No,Normal Risk,Continue regular engagement
6064-ZATLR,27,52.85,1498.65,DSL,Two year,No,2,0.07903223267140404,No,Normal Risk,Continue regular engagement
3096-JRDSO,27,104.3,2867.75,Fiber optic,Month-to-month,Yes,4,0.5358237623282314,Yes,Normal Risk,Continue regular engagement
7824-PANSQ,58,80.65,4807.35,Fiber optic,Month-to-month,No,1,0.5339328516917415,Yes,Normal Risk,Continue regular engagement
8042-JVNFH,1,71.35,71.35,Fiber optic,Month-to-month,Yes,0,0.8087065795671303,Yes,High Risk,Offer contract upgrade discount
9648-BCHKM,18,24.65,471.35,No,Two year,No,0,0.017853920246873756,No,Normal Risk,Continue regular engagement
2888-ADFAO,47,21.3,1041.8,No,Two year,No,0,0.01968703261995374,No,Normal Risk,Continue regular engagement
8707-HOEDG,70,110.2,7689.8,Fiber optic,Two year,No,5,0.10685071159245031,No,Normal Risk,Continue regular engagement
3374-LXDEV,13,89.4,1132.35,Fiber optic,Month-to-month,Yes,3,0.4382041581359632,No,Normal Risk,Continue regular engagement
4072-IPYLT,36,51.05,1815.0,DSL,Month-to-month,No,1,0.08662198858918482,No,Normal Risk,Continue regular engagement
7167-PCEYD,67,19.8,1311.3,No,Two year,No,0,0.006008966388249311,No,Normal Risk,Continue regular engagement
4936-YPJNK,10,19.9,199.45,No,Month-to-month,No,0,0.3696062957481371,No,Normal Risk,Continue regular engagement
1580-BMCMR,19,87.3,1637.3,Fiber optic,Month-to-month,No,2,0.5676411420580886,Yes,Normal Risk,Continue regular engagement
4817-KEQSP,71,19.85,1326.35,No,Two year,No,0,0.005931356456241011,No,Normal Risk,Continue regular engagement
6408-WHTEF,72,89.4,6376.55,DSL,Two year,No,6,0.006451327289334837,No,Normal Risk,Continue regular engagement
9251-AWQGT,48,20.0,935.9,No,Two year,No,0,0.006837388036286007,No,Normal Risk,Continue regular engagement
8749-CLJXC,1,20.05,20.05,No,Month-to-month,No,0,0.377957812656399,No,Normal Risk,Continue regular engagement
7989-VCQOH,18,83.25,1611.15,DSL,Month-to-month,No,5,0.13302902219650972,No,Normal Risk,Continue regular engagement
5049-GLYVG,1,20.6,20.6,No,Month-to-month,Yes,0,0.3875614018246435,No,Normal Risk,Continue regular engagement
4199-QHJNM,67,102.9,6989.7,Fiber optic,Two year,No,4,0.14450272436307265,No,Normal Risk,Continue regular engagement
8882-TLVRW,69,39.1,2779.5,DSL,Two year,No,3,0.002586395953092546,No,Normal Risk,Continue regular engagement
5883-GTGVD,19,99.95,1931.75,Fiber optic,Month-to-month,Yes,3,0.7095298909445963,Yes,High Risk,Offer contract upgrade discount
5135-GRQJV,72,114.5,8331.95,Fiber optic,Two year,No,6,0.042668916012586766,No,Normal Risk,Continue regular engagement
2384-OVPSA,38,20.2,735.9,No,Two year,No,0,0.01824590089702621,No,Normal Risk,Continue regular engagement
1371-WEPDS,40,55.8,2283.3,DSL,One year,No,1,0.13878179066158006,No,Normal Risk,Continue regular engagement
3580-GICBM,61,24.2,1445.2,No,Two year,No,0,0.0044130412908416445,No,Normal Risk,Continue regular engagement
4817-QRJSX,10,81.0,818.05,Fiber optic,Month-to-month,Yes,1,0.7196455510088687,Yes,High Risk,Offer contract upgrade discount
9730-DRTMJ,32,72.8,2333.05,DSL,One year,No,3,0.047110331601732704,No,Normal Risk,Continue regular engagement
4686-UXDML,21,99.85,1992.55,Fiber optic,Month-to-month,No,3,0.623669274164092,Yes,Normal Risk,Continue regular engagement
3349-ANQNH,59,99.5,5890.0,Fiber optic,One year,No,3,0.46013363668052715,No,Normal Risk,Continue regular engagement
2398-YPMUR,13,70.15,916.75,Fiber optic,Month-to-month,Yes,0,0.6646036730093347,Yes,Normal Risk,Continue regular engagement
0932-YIXYU,47,20.25,1029.8,No,Two year,No,0,0.015046348791271254,No,Normal Risk,Continue regular engagement
7480-SPLEF,69,26.0,1796.55,No,Two year,No,0,0.006833551029875323,No,Normal Risk,Continue regular engagement
7636-XUHWW,2,19.9,33.7,No,Month-to-month,No,0,0.34767746482827366,No,Normal Risk,Continue regular engagement
1431-CYWMH,22,19.05,454.05,No,Month-to-month,No,0,0.1439924299762871,No,Normal Risk,Continue regular engagement
5937-EORGB,15,96.5,1392.25,Fiber optic,Month-to-month,No,3,0.4276398862777693,No,Normal Risk,Continue regular engagement
6349-JDHQP,53,19.85,1049.6,No,Two year,No,0,0.011085914052921813,No,Normal Risk,Continue regular engagement
5539-HIVAK,28,25.7,734.6,No,Month-to-month,No,0,0.09899313510602445,No,Normal Risk,Continue regular engagement
5847-MXBEO,22,20.3,475.1,No,One year,No,0,0.050755561189819304,No,Normal Risk,Continue regular engagement
9985-MWVIX,1,70.15,70.15,Fiber optic,Month-to-month,Yes,0,0.834502350534693,Yes,High Risk,Offer contract upgrade discount
4583-PARNH,16,91.55,1540.05,Fiber optic,Month-to-month,No,3,0.4668732991810559,No,Normal Risk,Continue regular engagement
1116-FRYVH,48,39.4,1978.65,DSL,Two year,No,3,0.005819474766893286,No,Normal Risk,Continue regular engagement
1421-HCERK,30,105.7,3181.8,Fiber optic,Month-to-month,No,5,0.2861158155948397,No,Normal Risk,Continue regular engagement
9633-XQABV,3,70.25,229.7,Fiber optic,Month-to-month,No,0,0.8829314120137259,Yes,High Risk,Offer contract upgrade discount
0716-BQNDX,57,93.75,5625.55,Fiber optic,Two year,No,3,0.08522743405458681,No,Normal Risk,Continue regular engagement
1265-XTECC,68,96.55,6581.9,Fiber optic,One year,Yes,3,0.11756336582767254,No,Normal Risk,Continue regular engagement
1183-CANVH,23,60.0,1347.15,DSL,One year,No,2,0.19841532954989333,No,Normal Risk,Continue regular engagement
1972-XMUWV,65,59.8,3808.2,DSL,Two year,No,2,0.023803041289796177,No,Normal Risk,Continue regular engagement
8679-LZBMD,44,90.65,3974.15,Fiber optic,One year,No,2,0.5763126994975643,Yes,Normal Risk,Continue regular engagement
3407-JMJQQ,71,109.0,7661.8,Fiber optic,Two year,No,5,0.1247107446965197,No,Normal Risk,Continue regular engagement
6252-DFGTK,37,68.1,2479.25,DSL,One year,No,3,0.033005473823498305,No,Normal Risk,Continue regular engagement
1539-LNKHM,12,20.4,266.6,No,Month-to-month,No,0,0.34617309362618853,No,Normal Risk,Continue regular engagement
8645-KOMJQ,69,81.95,5601.4,DSL,Two year,No,5,0.021158678367260476,No,Normal Risk,Continue regular engagement
0289-IVARM,35,60.55,1982.6,DSL,Month-to-month,No,3,0.1735918931960939,No,Normal Risk,Continue regular engagement
9761-XUJWD,5,65.6,339.9,DSL,Month-to-month,No,3,0.5987775301240079,Yes,Normal Risk,Continue regular engagement
4057-FKCZK,58,82.5,4828.05,Fiber optic,Two year,No,1,0.1596130540704888,No,Normal Risk,Continue regular engagement
4291-TPNFG,72,82.3,5980.55,DSL,Two year,No,5,0.0237743338716505,No,Normal Risk,Continue regular engagement
6087-YPWHO,72,68.15,4808.7,DSL,Two year,No,4,0.003835924320921934,No,Normal Risk,Continue regular engagement
3090-QFUVD,1,20.3,20.3,No,Month-to-month,No,0,0.41041902113968975,No,Normal Risk,Continue regular engagement
2237-ZFSMY,39,95.55,3692.85,Fiber optic,One year,Yes,4,0.21252301076782354,No,Normal Risk,Continue regular engagement
1722-LDZJS,53,20.2,1068.15,No,One year,No,0,0.006515284360799406,No,Normal Risk,Continue regular engagement
1818-ESQMW,27,89.2,2383.6,Fiber optic,Month-to-month,No,3,0.6052914946318154,Yes,Normal Risk,Continue regular engagement
4871-JTKJF,1,69.65,69.65,Fiber optic,Month-to-month,Yes,0,0.8515453482066849,Yes,High Risk,Offer contract upgrade discount
1415-YFWLT,1,89.3,89.3,Fiber optic,Month-to-month,Yes,2,0.8855400312836873,Yes,High Risk,Offer contract upgrade discount
7401-RUBNK,18,74.8,1438.05,Fiber optic,Month-to-month,No,1,0.5204293124631831,Yes,Normal Risk,Continue regular engagement
0506-YLVKJ,46,20.2,917.45,No,Two year,No,0,0.006241547553285743,No,Normal Risk,Continue regular engagement
8661-BOYNW,72,84.4,6096.45,DSL,Two year,No,5,0.017733110274314838,No,Normal Risk,Continue regular engagement
6711-VTNRE,36,87.55,3078.1,Fiber optic,Month-to-month,Yes,3,0.5387461745399672,Yes,Normal Risk,Continue regular engagement
4815-GBTCD,4,25.15,99.95,DSL,Month-to-month,No,0,0.7700321027948771,Yes,High Risk,Offer contract upgrade discount
2805-AUFQN,25,19.8,475.2,No,Two year,No,0,0.032839428011944435,No,Normal Risk,Continue regular engagement
0980-PVMRC,40,50.85,2036.55,DSL,Month-to-month,No,3,0.2976354470182148,No,Normal Risk,Continue regular engagement
7233-DRTRF,63,102.4,6444.05,Fiber optic,Month-to-month,No,4,0.5111950995990341,Yes,Normal Risk,Continue regular engagement
3500-RMZLT,15,96.3,1426.75,Fiber optic,Month-to-month,Yes,4,0.31005307127977033,No,Normal Risk,Continue regular engagement
3873-NFTGI,14,55.5,767.55,DSL,Month-to-month,No,1,0.2716893380819449,No,Normal Risk,Continue regular engagement
1162-ECVII,72,109.75,7932.5,Fiber optic,Two year,No,5,0.15427115988236584,No,Normal Risk,Continue regular engagement
7048-GXDAY,39,106.4,4040.65,Fiber optic,Month-to-month,No,4,0.5743473844198106,Yes,Normal Risk,Continue regular engagement
8571-ZCMCX,47,60.0,2768.65,DSL,Two year,No,5,0.01651486968700609,No,Normal Risk,Continue regular engagement
1169-WCVAK,19,88.8,1672.35,Fiber optic,Month-to-month,No,3,0.1361060547459645,No,Normal Risk,Continue regular engagement
4548-SDBKE,5,85.2,474.8,Fiber optic,Month-to-month,Yes,1,0.8930962468101126,Yes,High Risk,Offer contract upgrade discount
8066-POXGX,13,35.1,446.1,DSL,Month-to-month,Yes,1,0.6738098760334134,Yes,Normal Risk,Continue regular engagement
7129-CAKJW,17,80.05,1345.65,Fiber optic,Month-to-month,No,1,0.7652567918830947,Yes,High Risk,Offer contract upgrade discount
8695-ARGXZ,34,75.55,2425.4,Fiber optic,Month-to-month,No,0,0.5404556243287416,Yes,Normal Risk,Continue regular engagement
3570-YUEKJ,42,49.55,2077.95,DSL,Month-to-month,No,1,0.29888666858578056,No,Normal Risk,Continue regular engagement
4143-OOBWZ,5,81.3,416.3,Fiber optic,Month-to-month,Yes,1,0.7506854219258209,Yes,High Risk,Offer contract upgrade discount
1555-HAPSU,71,23.9,1663.5,No,Two year,No,0,0.0023524880678604063,No,Normal Risk,Continue regular engagement
1697-NVVGY,19,66.4,1286.05,DSL,Month-to-month,No,3,0.27285759249709346,No,Normal Risk,Continue regular engagement
7854-EKTJL,2,19.6,35.85,No,Month-to-month,Yes,0,0.4007537312360952,No,Normal Risk,Continue regular engagement
8464-EETCQ,57,18.8,1094.35,No,Two year,No,0,0.00664648204505965,No,Normal Risk,Continue regular engagement
2419-FSORS,72,108.4,7719.5,Fiber optic,Two year,No,5,0.11777932775464851,No,Normal Risk,Continue regular engagement
8132-YPVBX,6,85.95,514.6,Fiber optic,Month-to-month,No,2,0.7973614736460384,Yes,High Risk,Offer contract upgrade discount
9102-IAYHT,17,85.45,1451.6,Fiber optic,Month-to-month,Yes,1,0.6336157058889443,Yes,Normal Risk,Continue regular engagement
6754-LZUKA,61,80.9,4932.5,DSL,Two year,No,4,0.09651918811272432,No,Normal Risk,Continue regular engagement
3422-LYEPQ,1,71.0,71.0,Fiber optic,Month-to-month,Yes,0,0.7315304409593817,Yes,High Risk,Offer contract upgrade discount
8099-MZPUJ,48,111.8,5443.65,Fiber optic,Two year,No,6,0.020362645258385378,No,Normal Risk,Continue regular engagement
0787-LHDYT,16,20.6,330.25,No,Month-to-month,No,0,0.1483936100104266,No,Normal Risk,Continue regular engagement
2642-DTVCO,9,85.05,746.5,Fiber optic,Month-to-month,Yes,1,0.824710378302341,Yes,High Risk,Offer contract upgrade discount
0374-IOEGQ,3,44.6,122.7,DSL,Month-to-month,No,0,0.7431121869488436,Yes,High Risk,Offer contract upgrade discount
4361-JEIVL,1,44.4,44.4,DSL,Month-to-month,Yes,0,0.5807486813612689,Yes,Normal Risk,Continue regular engagement
3197-NNYNB,65,105.1,6631.85,Fiber optic,Two year,No,4,0.15255255521612712,No,Normal Risk,Continue regular engagement
3396-DKDEL,70,115.15,8250.0,Fiber optic,Two year,No,6,0.038692982233583355,No,Normal Risk,Continue regular engagement
1752-OZXFY,60,59.8,3561.15,DSL,One year,No,2,0.03838720687013006,No,Normal Risk,Continue regular engagement
9066-QRSDU,69,26.3,1763.55,No,One year,No,0,0.018589954975279602,No,Normal Risk,Continue regular engagement
9112-WSNPU,35,70.55,2419.0,Fiber optic,Month-to-month,No,0,0.6431547031468221,Yes,Normal Risk,Continue regular engagement
9867-NNXLC,22,20.05,470.2,No,Month-to-month,No,0,0.16704137726703822,No,Normal Risk,Continue regular engagement
5321-NTRKC,66,79.85,5234.95,DSL,Two year,No,4,0.04642942516354694,No,Normal Risk,Continue regular engagement
1363-TXLSL,1,70.3,70.3,Fiber optic,Month-to-month,Yes,0,0.7825803938776926,Yes,High Risk,Offer contract upgrade discount
9507-EXLTT,1,79.35,79.35,Fiber optic,Month-to-month,Yes,1,0.9058558084715869,Yes,High Risk,Offer contract upgrade discount
3161-GETRM,34,90.05,3097.0,Fiber optic,Month-to-month,No,2,0.3551048620710107,No,Normal Risk,Continue regular engagement
0402-OAMEN,72,24.45,1709.1,No,Two year,No,0,0.0061974895166580215,No,Normal Risk,Continue regular engagement
6933-VLYFX,31,59.95,1848.8,DSL,One year,No,5,0.04049091496037458,No,Normal Risk,Continue regular engagement
6754-WKSHP,30,25.35,723.3,No,One year,No,0,0.05345790785126661,No,Normal Risk,Continue regular engagement
9846-GKXAS,9,90.8,809.75,Fiber optic,Month-to-month,Yes,2,0.9377396767753966,Yes,High Risk,Offer contract upgrade discount
6017-PPLPX,20,70.45,1470.95,Fiber optic,Month-to-month,Yes,0,0.4997832308979614,No,Normal Risk,Continue regular engagement
4976-LNFVV,19,34.3,577.15,DSL,Month-to-month,No,2,0.14230020412531533,No,Normal Risk,Continue regular engagement
5055-MGMGF,65,105.05,6914.95,Fiber optic,Month-to-month,No,4,0.5715856930824901,Yes,Normal Risk,Continue regular engagement
4641-FROLU,30,19.3,602.9,No,Two year,No,0,0.013380449872836537,No,Normal Risk,Continue regular engagement
2862-JVEOY,6,19.15,124.4,No,One year,No,0,0.14558923149502792,No,Normal Risk,Continue regular engagement
2969-QWUBZ,2,51.4,96.8,DSL,Month-to-month,No,3,0.8121142275925642,Yes,High Risk,Offer contract upgrade discount
9822-BIIGN,53,71.85,3827.9,DSL,Month-to-month,No,3,0.0748411904514503,No,Normal Risk,Continue regular engagement
2077-MPJQO,7,75.4,533.05,Fiber optic,Month-to-month,No,0,0.7602395965388076,Yes,High Risk,Offer contract upgrade discount
1534-OULXE,61,49.7,2961.4,DSL,One year,No,1,0.04042851072846098,No,Normal Risk,Continue regular engagement
7136-RVDTZ,70,45.25,3264.45,DSL,One year,Yes,2,0.10796516251209051,No,Normal Risk,Continue regular engagement
2971-SGAFL,13,78.75,995.35,DSL,Month-to-month,No,4,0.40135691409944574,No,Normal Risk,Continue regular engagement
1480-IVEVR,35,81.6,2815.25,Fiber optic,One year,No,1,0.3678838217320796,No,Normal Risk,Continue regular engagement
2905-KFQUV,2,70.4,154.8,Fiber optic,Month-to-month,No,0,0.773113360219245,Yes,High Risk,Offer contract upgrade discount
4581-SSPWD,3,75.8,246.3,Fiber optic,Month-to-month,Yes,0,0.8843482021599005,Yes,High Risk,Offer contract upgrade discount
3370-HXOPH,3,76.1,257.6,Fiber optic,Month-to-month,No,0,0.8798475902254339,Yes,High Risk,Offer contract upgrade discount
9391-YZEJW,62,94.0,5757.2,Fiber optic,One year,No,2,0.6282238114231337,Yes,Normal Risk,Continue regular engagement
9958-MEKUC,72,103.95,7517.7,Fiber optic,Two year,No,5,0.015302780809235843,No,Normal Risk,Continue regular engagement
0281-CNTZX,63,19.95,1234.8,No,Two year,No,0,0.012477947899117738,No,Normal Risk,Continue regular engagement
6927-WTFIV,20,71.3,1389.2,Fiber optic,Month-to-month,Yes,0,0.49092435148397723,No,Normal Risk,Continue regular engagement
4118-CEVPF,35,110.8,3836.3,Fiber optic,One year,No,6,0.17333921071882785,No,Normal Risk,Continue regular engagement
3398-ZOUAA,21,69.1,1474.75,Fiber optic,Month-to-month,Yes,0,0.5457535484760964,Yes,Normal Risk,Continue regular engagement
9114-VEPUF,62,96.1,6001.45,Fiber optic,One year,No,3,0.18308979777905116,No,Normal Risk,Continue regular engagement
7876-BEUTG,15,48.8,720.1,DSL,Month-to-month,No,0,0.4162014841457761,No,Normal Risk,Continue regular engagement
2338-BQEZT,55,50.55,2832.75,DSL,Month-to-month,No,1,0.12103609784140244,No,Normal Risk,Continue regular engagement
9873-MNDKV,11,44.65,472.25,DSL,Month-to-month,No,0,0.614550377342691,Yes,Normal Risk,Continue regular engagement
0378-NHQXU,17,88.25,1460.65,Fiber optic,Month-to-month,Yes,2,0.5011264251375219,Yes,Normal Risk,Continue regular engagement
8241-JUIQO,61,19.45,1336.35,No,One year,No,0,0.03587842540545256,No,Normal Risk,Continue regular engagement
2194-IIQOF,71,89.3,6388.65,DSL,Two year,No,6,0.012706236755592518,No,Normal Risk,Continue regular engagement
4512-ZUIYL,2,70.0,153.05,Fiber optic,Month-to-month,Yes,0,0.9118729605973939,Yes,High Risk,Offer contract upgrade discount
9631-RXVJM,35,19.25,677.9,No,Two year,No,0,0.019100350206378257,No,Normal Risk,Continue regular engagement
9584-EXCDZ,17,70.5,1165.6,Fiber optic,Month-to-month,No,0,0.8093611384890114,Yes,High Risk,Offer contract upgrade discount
7969-AULMZ,21,97.35,2119.5,Fiber optic,Month-to-month,Yes,2,0.8509317946918318,Yes,High Risk,Offer contract upgrade discount
5093-FEGLU,47,19.65,921.55,No,Two year,No,0,0.02773778771707699,No,Normal Risk,Continue regular engagement
2621-UDNLU,3,20.85,72.0,No,Month-to-month,No,0,0.3778746969253791,No,Normal Risk,Continue regular engagement
7526-IVLYU,3,19.65,68.35,No,Month-to-month,No,0,0.3695382875887011,No,Normal Risk,Continue regular engagement
2428-HYUNX,44,19.35,847.25,No,Two year,No,0,0.007521336496135351,No,Normal Risk,Continue regular engagement
9214-EKVXR,1,44.0,44.0,DSL,Month-to-month,No,0,0.6738127809970326,Yes,Normal Risk,Continue regular engagement
3410-MHHUM,44,94.4,4295.35,Fiber optic,One year,No,3,0.2132877687872976,No,Normal Risk,Continue regular engagement
0568-ONFPC,5,25.9,135.0,No,Month-to-month,Yes,0,0.361107926779595,No,Normal Risk,Continue regular engagement
0733-VUNUW,24,55.65,1400.55,DSL,Month-to-month,Yes,1,0.36631085913921685,No,Normal Risk,Continue regular engagement
4550-EVXNY,1,69.65,69.65,Fiber optic,Month-to-month,Yes,0,0.8048157622385503,Yes,High Risk,Offer contract upgrade discount
2122-YWVYA,18,75.4,1380.4,Fiber optic,Month-to-month,No,1,0.6038511985948446,Yes,Normal Risk,Continue regular engagement
2968-SSGAA,10,100.6,1060.2,Fiber optic,Month-to-month,Yes,3,0.8868873301259755,Yes,High Risk,Offer contract upgrade discount
2296-DKZFP,65,71.0,4386.2,DSL,Two year,No,4,0.038476146688487305,No,Normal Risk,Continue regular engagement
4844-JJWUY,1,86.0,86.0,Fiber optic,Month-to-month,Yes,2,0.8328519117689887,Yes,High Risk,Offer contract upgrade discount
6777-TGHTM,53,106.95,5785.5,Fiber optic,One year,Yes,4,0.3131348905059709,No,Normal Risk,Continue regular engagement
8909-BOLNL,3,21.2,52.05,No,One year,No,0,0.18180271540612036,No,Normal Risk,Continue regular engagement
6603-YRDCJ,33,61.05,2018.4,DSL,Two year,No,3,0.014350967502457292,No,Normal Risk,Continue regular engagement
3538-WZPHD,3,29.6,79.45,DSL,Month-to-month,Yes,1,0.6823186856707643,Yes,Normal Risk,Continue regular engagement
3229-USWAR,34,79.95,2727.3,DSL,One year,No,5,0.1501281637749107,No,Normal Risk,Continue regular engagement
2138-VFAPZ,14,19.7,263.65,No,Two year,No,0,0.023774805950636465,No,Normal Risk,Continue regular engagement
6131-JLWZM,13,20.3,275.4,No,Month-to-month,No,0,0.2252907799097093,No,Normal Risk,Continue regular engagement
4785-QRJHC,46,59.9,2816.65,DSL,One year,Yes,5,0.08324213224655527,No,Normal Risk,Continue regular engagement
0269-XFESX,23,24.35,538.5,No,One year,No,0,0.01995245057184556,No,Normal Risk,Continue regular engagement
1709-EJDOX,47,19.75,948.9,No,Two year,No,0,0.007078510268291328,No,Normal Risk,Continue regular engagement
4316-XCSLJ,17,50.3,846.8,DSL,Month-to-month,No,1,0.13780002893358637,No,Normal Risk,Continue regular engagement
8610-WFCJF,49,95.6,4783.5,Fiber optic,Month-to-month,Yes,2,0.6574732618470294,Yes,Normal Risk,Continue regular engagement
9693-XMUOB,59,50.25,2997.45,DSL,Month-to-month,No,3,0.20410903100216932,No,Normal Risk,Continue regular engagement
0383-CLDDA,69,85.35,5897.4,DSL,Two year,No,5,0.025780171447488467,No,Normal Risk,Continue regular engagement
4905-JEFDW,11,41.6,470.6,DSL,One year,Yes,2,0.49282847984968914,No,Normal Risk,Continue regular engagement
2709-UQGNP,10,51.65,524.5,DSL,Month-to-month,No,1,0.42053518550346397,No,Normal Risk,Continue regular engagement
3549-ZTMNH,12,24.0,269.65,No,Two year,No,0,0.07345074509290446,No,Normal Risk,Continue regular engagement
7881-INRLC,45,100.85,4740.0,Fiber optic,Month-to-month,Yes,3,0.6030933711055648,Yes,Normal Risk,Continue regular engagement
8033-ATFAS,39,59.85,2341.5,DSL,Month-to-month,No,2,0.1745757160979785,No,Normal Risk,Continue regular engagement
1635-NZATJ,71,25.45,1789.65,No,Two year,No,0,0.0029595198430986125,No,Normal Risk,Continue regular engagement
0562-HKHML,71,23.9,1626.4,No,Two year,No,0,0.0017790606154806281,No,Normal Risk,Continue regular engagement
8277-RVRSV,33,24.15,800.3,No,One year,No,0,0.017622165117195207,No,Normal Risk,Continue regular engagement
9943-VSZUV,67,75.7,5060.85,Fiber optic,Month-to-month,No,0,0.37238885711616027,No,Normal Risk,Continue regular engagement
0117-LFRMW,37,40.2,1448.8,DSL,Month-to-month,Yes,3,0.0933483800405591,No,Normal Risk,Continue regular engagement
6172-FECYY,49,84.5,4254.85,Fiber optic,Month-to-month,Yes,1,0.46045732164386693,No,Normal Risk,Continue regular engagement
7054-ENNGU,9,50.85,466.6,DSL,Month-to-month,No,1,0.4755016150662259,No,Normal Risk,Continue regular engagement
1455-HFBXA,52,91.6,4627.8,Fiber optic,Two year,No,3,0.03655829602066307,No,Normal Risk,Continue regular engagement
9402-CXWPL,70,98.9,6838.6,Fiber optic,One year,No,3,0.4221345802693107,No,Normal Risk,Continue regular engagement
1628-BIZYP,1,85.0,85.0,Fiber optic,Month-to-month,No,2,0.82170896644487,Yes,High Risk,Offer contract upgrade discount
1965-AKTSX,14,78.95,1101.85,Fiber optic,Month-to-month,Yes,1,0.6012873474962295,Yes,Normal Risk,Continue regular engagement
0082-LDZUE,1,44.3,44.3,DSL,Month-to-month,No,0,0.6183876407420176,Yes,Normal Risk,Continue regular engagement
4786-UKSNZ,1,20.2,20.2,No,Month-to-month,Yes,0,0.38056784474569993,No,Normal Risk,Continue regular engagement
5343-SGUBI,52,80.2,4297.6,Fiber optic,One year,No,1,0.2579574200981591,No,Normal Risk,Continue regular engagement
0856-NAOES,6,60.9,414.1,DSL,Month-to-month,No,2,0.575807984390836,Yes,Normal Risk,Continue regular engagement
1976-AZZPJ,7,34.2,256.6,DSL,Month-to-month,No,2,0.295400663468721,No,Normal Risk,Continue regular engagement
7248-VZQLC,47,85.2,3969.35,Fiber optic,Month-to-month,Yes,2,0.5843813370985695,Yes,Normal Risk,Continue regular engagement
6156-UZDLF,26,87.15,2274.1,Fiber optic,One year,No,3,0.1355699008594833,No,Normal Risk,Continue regular engagement
3099-OONVS,25,54.3,1296.8,DSL,Month-to-month,No,2,0.07379884161616432,No,Normal Risk,Continue regular engagement
9500-WBGRP,69,19.1,1268.85,No,Two year,No,0,0.0051013134351822025,No,Normal Risk,Continue regular engagement
5183-KLYEM,72,112.75,8192.6,Fiber optic,Two year,No,6,0.06487246956623355,No,Normal Risk,Continue regular engagement
5144-PQCDZ,4,19.95,59.25,No,Month-to-month,No,0,0.3626583914879967,No,Normal Risk,Continue regular engagement
8514-VZHEB,59,19.5,1147.85,No,Two year,No,0,0.0032607189086742375,No,Normal Risk,Continue regular engagement
6625-IUTTT,67,65.55,4361.55,DSL,Two year,No,3,0.04992996707462459,No,Normal Risk,Continue regular engagement
9355-NPPFS,26,78.8,2006.1,Fiber optic,Month-to-month,No,1,0.7263484318611352,Yes,High Risk,Offer contract upgrade discount
0068-FIGTF,27,78.2,2078.95,DSL,One year,No,5,0.08612210867627879,No,Normal Risk,Continue regular engagement
5965-GGPRW,72,105.25,7609.75,Fiber optic,Two year,No,4,0.13786727066382298,No,Normal Risk,Continue regular engagement
8035-PWSEV,6,89.25,487.05,Fiber optic,Month-to-month,No,3,0.7584671712768658,Yes,High Risk,Offer contract upgrade discount
2236-HILPA,62,20.65,1218.45,No,Two year,No,0,0.0027295042728697682,No,Normal Risk,Continue regular engagement
1840-BIUOG,20,68.7,1416.2,DSL,One year,No,3,0.10773237548455632,No,Normal Risk,Continue regular engagement
1356-MKYSK,6,78.65,483.3,DSL,Month-to-month,No,5,0.2297459083561344,No,Normal Risk,Continue regular engagement
6080-LNESI,51,24.75,1234.6,No,Two year,No,0,0.011225863806674452,No,Normal Risk,Continue regular engagement
1830-IPXVJ,61,19.75,1311.6,No,Two year,No,0,0.003624563413330461,No,Normal Risk,Continue regular engagement
5828-DWPIL,62,89.1,5618.3,Fiber optic,Month-to-month,No,3,0.19268944843536462,No,Normal Risk,Continue regular engagement
8398-TBIYD,72,84.7,6185.15,Fiber optic,Two year,No,2,0.11974856832592372,No,Normal Risk,Continue regular engagement
0011-IGKFF,13,98.0,1237.85,Fiber optic,Month-to-month,Yes,4,0.5024443837886926,Yes,Normal Risk,Continue regular engagement
4192-GORJT,5,94.45,498.1,Fiber optic,Month-to-month,Yes,3,0.8185635157462826,Yes,High Risk,Offer contract upgrade discount
6496-SLWHQ,3,105.0,294.45,Fiber optic,Month-to-month,Yes,4,0.7480154976067332,Yes,High Risk,Offer contract upgrade discount
9912-GVSEQ,26,93.85,2381.55,Fiber optic,Month-to-month,Yes,3,0.5377500979593449,Yes,Normal Risk,Continue regular engagement
2931-FSOHN,13,59.9,788.35,DSL,Month-to-month,No,2,0.3796675814488273,No,Normal Risk,Continue regular engagement
9418-RUKPH,38,19.95,756.4,No,Two year,No,0,0.010935120692296544,No,Normal Risk,Continue regular engagement
5383-MMTWC,8,84.0,613.4,Fiber optic,Month-to-month,Yes,1,0.8147815649215308,Yes,High Risk,Offer contract upgrade discount
9971-ZWPBF,34,108.9,3625.2,Fiber optic,Month-to-month,No,5,0.24628145465627116,No,Normal Risk,Continue regular engagement
4712-AUQZO,18,33.6,550.35,DSL,Month-to-month,No,2,0.17741969991541948,No,Normal Risk,Continue regular engagement
9711-FJTBX,56,85.85,4793.8,Fiber optic,One year,No,3,0.04673869377689299,No,Normal Risk,Continue regular engagement
2908-ZTPNF,36,34.85,1267.2,DSL,Month-to-month,No,2,0.30705031601288374,No,Normal Risk,Continue regular engagement
7240-ETPTR,9,48.75,442.2,DSL,Month-to-month,Yes,3,0.7408608015670977,Yes,High Risk,Offer contract upgrade discount
2202-CUYXZ,1,84.85,84.85,Fiber optic,Month-to-month,Yes,2,0.8360428797507983,Yes,High Risk,Offer contract upgrade discount
5995-OIGLP,12,56.65,654.85,DSL,Month-to-month,Yes,2,0.2484635644724955,No,Normal Risk,Continue regular engagement
8421-WZOOW,57,95.3,5567.45,Fiber optic,Month-to-month,No,4,0.14302841185881865,No,Normal Risk,Continue regular engagement
6261-RCVNS,42,73.9,3160.55,DSL,One year,Yes,5,0.026219330244256853,No,Normal Risk,Continue regular engagement
7951-QKZPL,33,24.5,740.3,No,Two year,Yes,0,0.012898360984439047,No,Normal Risk,Continue regular engagement
1414-YADCW,70,84.6,5706.2,Fiber optic,Two year,No,3,0.04401971695096434,No,Normal Risk,Continue regular engagement
8756-RDDLT,68,44.95,3085.35,DSL,Month-to-month,No,3,0.13197305850361815,No,Normal Risk,Continue regular engagement
2862-PFNIK,1,24.7,24.7,DSL,Month-to-month,No,0,0.6642302922384755,Yes,Normal Risk,Continue regular engagement
5816-QVHRX,37,100.3,3541.4,Fiber optic,Month-to-month,No,3,0.5563322507049832,Yes,Normal Risk,Continue regular engagement
4430-YHXGG,4,25.45,84.2,No,Month-to-month,No,0,0.29393097703979537,No,Normal Risk,Continue regular engagement
6888-SBYAI,1,50.7,50.7,DSL,Month-to-month,No,1,0.46254975485788313,No,Normal Risk,Continue regular engagement
7395-XWZOY,20,55.0,1165.55,DSL,Month-to-month,No,5,0.0894824747032374,No,Normal Risk,Continue regular engagement
7169-YWAMK,72,68.4,4855.35,DSL,Two year,No,4,0.007699439867447944,No,Normal Risk,Continue regular engagement
3640-PHQXK,31,89.9,2806.9,Fiber optic,Month-to-month,Yes,2,0.7498910887377335,Yes,High Risk,Offer contract upgrade discount
6877-LGWXO,18,78.55,1422.65,Fiber optic,Month-to-month,Yes,1,0.5931464238137589,Yes,Normal Risk,Continue regular engagement
6859-RKMZJ,11,55.05,608.15,DSL,Month-to-month,No,1,0.7285361744515243,Yes,High Risk,Offer contract upgrade discount
2729-VNVAP,33,19.8,641.35,No,Two year,No,0,0.010564406917408054,No,Normal Risk,Continue regular engagement
2957-JIRMN,62,84.45,4959.15,Fiber optic,One year,No,1,0.3397270529733963,No,Normal Risk,Continue regular engagement
2049-BAFNW,1,35.9,35.9,DSL,Month-to-month,No,2,0.5474987167745793,Yes,Normal Risk,Continue regular engagement
3842-QTGDL,16,80.75,1321.3,Fiber optic,Month-to-month,No,2,0.47388746728792697,No,Normal Risk,Continue regular engagement
7163-OCEQI,22,78.65,1663.75,DSL,One year,No,4,0.04553746892887415,No,Normal Risk,Continue regular engagement
9782-LGXMC,49,61.75,3024.15,DSL,Month-to-month,No,3,0.08159660683540318,No,Normal Risk,Continue regular engagement
5975-BAICR,36,63.7,2188.5,DSL,One year,No,3,0.024859759557720726,No,Normal Risk,Continue regular engagement
8019-ENHXU,42,99.45,4138.05,Fiber optic,Month-to-month,Yes,4,0.36843227693367153,No,Normal Risk,Continue regular engagement
5167-GBFRE,4,25.2,102.5,DSL,Month-to-month,Yes,0,0.7898535635023602,Yes,High Risk,Offer contract upgrade discount
9033-EOXWV,12,74.05,872.65,DSL,One year,Yes,3,0.2828547941117567,No,Normal Risk,Continue regular engagement
4673-KKSLS,31,87.6,2724.25,Fiber optic,Month-to-month,No,3,0.40957760852746905,No,Normal Risk,Continue regular engagement
4853-OITSN,5,89.15,413.25,Fiber optic,Month-to-month,No,2,0.6927571735603862,Yes,Normal Risk,Continue regular engagement
9800-OUIGR,66,20.0,1374.2,No,Two year,No,0,0.002288226032678909,No,Normal Risk,Continue regular engagement
1324-NLTJE,15,55.0,757.1,DSL,Month-to-month,Yes,1,0.1999727205564931,No,Normal Risk,Continue regular engagement
2324-EFHVG,64,104.4,6692.65,Fiber optic,Two year,No,4,0.3402944312235427,No,Normal Risk,Continue regular engagement
7094-MSZAO,10,20.05,218.5,No,Month-to-month,No,0,0.1458413438706074,No,Normal Risk,Continue regular engagement
1522-VVDMG,7,89.75,608.8,Fiber optic,Month-to-month,Yes,3,0.4689654191433503,No,Normal Risk,Continue regular engagement
6907-CQGPN,29,34.3,1004.75,DSL,Month-to-month,No,2,0.20637782989074052,No,Normal Risk,Continue regular engagement
0780-XNZFN,57,20.65,1125.6,No,Two year,No,0,0.019904509487299375,No,Normal Risk,Continue regular engagement
0239-OXEXL,46,84.25,3847.6,Fiber optic,Month-to-month,No,2,0.30548583838930543,No,Normal Risk,Continue regular engagement
2675-IJRGJ,53,19.65,978.0,No,Two year,No,0,0.02108457060749734,No,Normal Risk,Continue regular engagement
7049-GKVZY,17,79.85,1387.35,DSL,One year,No,5,0.057303112606554386,No,Normal Risk,Continue regular engagement
8577-QSOCG,38,20.2,746.05,No,Two year,No,0,0.011089625987617776,No,Normal Risk,Continue regular engagement
3721-CNZHX,15,19.8,304.6,No,One year,No,0,0.06307258631552465,No,Normal Risk,Continue regular engagement
0212-ISBBF,22,50.35,1098.85,DSL,Month-to-month,No,3,0.5706733451297282,Yes,Normal Risk,Continue regular engagement
9185-TQCVP,14,85.15,1139.2,Fiber optic,Month-to-month,Yes,1,0.7045986302967009,Yes,High Risk,Offer contract upgrade discount
3585-YNADK,57,74.6,4368.95,DSL,One year,No,4,0.08154773147186424,No,Normal Risk,Continue regular engagement
5271-DBYSJ,11,79.15,827.7,Fiber optic,Month-to-month,No,1,0.7065156803038888,Yes,High Risk,Offer contract upgrade discount
1099-GODLO,1,20.35,20.35,No,Two year,No,0,0.0695123275748671,No,Normal Risk,Continue regular engagement
6828-HMKWP,12,21.05,262.05,No,Two year,No,0,0.08137737028561101,No,Normal Risk,Continue regular engagement
5567-WSELE,3,94.6,279.55,Fiber optic,Month-to-month,Yes,2,0.8178123898743241,Yes,High Risk,Offer contract upgrade discount
1472-TNCWL,36,94.7,3512.5,Fiber optic,Month-to-month,No,3,0.5709178074917282,Yes,Normal Risk,Continue regular engagement
8063-RJYNF,16,94.25,1483.25,Fiber optic,Month-to-month,Yes,3,0.628712698926364,Yes,Normal Risk,Continue regular engagement
0687-ZVTHB,65,72.45,4653.85,DSL,One year,Yes,4,0.009135835369346524,No,Normal Risk,Continue regular engagement
2080-GKCWQ,2,74.95,151.75,Fiber optic,Month-to-month,No,1,0.7777415465707221,Yes,High Risk,Offer contract upgrade discount
9661-ACXBS,42,105.2,4400.75,Fiber optic,Month-to-month,Yes,4,0.65361904058763,Yes,Normal Risk,Continue regular engagement
2193-SFWQW,72,111.95,8033.1,Fiber optic,Two year,No,6,0.06888266178280947,No,Normal Risk,Continue regular engagement
5656-JAMLX,62,19.85,1253.65,No,Two year,No,0,0.015615647629641159,No,Normal Risk,Continue regular engagement
3462-BJQQA,6,89.75,552.65,Fiber optic,Month-to-month,No,2,0.838308633734203,Yes,High Risk,Offer contract upgrade discount
0442-TDYUO,48,20.05,1036.0,No,Two year,No,0,0.01057765593439844,No,Normal Risk,Continue regular engagement
6733-LRIZX,35,108.95,4025.5,Fiber optic,Two year,No,5,0.14757223521692342,No,Normal Risk,Continue regular engagement
9503-XJUME,52,19.65,928.4,No,One year,No,0,0.007947241239852796,No,Normal Risk,Continue regular engagement
4367-NHWMM,1,24.9,24.9,DSL,Month-to-month,No,0,0.7551338152455963,Yes,High Risk,Offer contract upgrade discount
3727-RJMEO,6,82.85,460.25,Fiber optic,Month-to-month,Yes,1,0.7993239197736809,Yes,High Risk,Offer contract upgrade discount
3779-OSWCF,71,93.2,6506.15,DSL,Two year,No,6,0.017660003785319713,No,Normal Risk,Continue regular engagement
6736-DHUQI,67,84.8,5598.3,Fiber optic,One year,No,3,0.08699254475293566,No,Normal Risk,Continue regular engagement
3915-ODIYG,60,71.75,4374.55,DSL,One year,No,3,0.06011690245119118,No,Normal Risk,Continue regular engagement
1360-RCYRT,23,30.35,678.75,DSL,Month-to-month,No,1,0.22908066161595522,No,Normal Risk,Continue regular engagement
2724-FJDYW,39,54.85,2191.7,DSL,One year,No,4,0.11475444003106013,No,Normal Risk,Continue regular engagement
4451-RWASJ,15,19.5,239.75,No,One year,No,0,0.028838707647832404,No,Normal Risk,Continue regular engagement
6646-VRFOL,53,103.85,5485.5,Fiber optic,Month-to-month,Yes,4,0.4956568473222283,No,Normal Risk,Continue regular engagement
3460-TJBWI,24,24.2,609.05,No,Two year,No,0,0.011426173772196882,No,Normal Risk,Continue regular engagement
5917-HBSDW,37,19.35,683.75,No,Month-to-month,No,0,0.06720446814657684,No,Normal Risk,Continue regular engagement
5685-IIXLY,5,83.6,404.2,Fiber optic,Month-to-month,Yes,2,0.6872104531524006,Yes,Normal Risk,Continue regular engagement
5671-UUNXD,50,100.65,5189.75,Fiber optic,One year,No,3,0.359342931149714,No,Normal Risk,Continue regular engagement
0956-ACVZC,54,94.1,5060.9,Fiber optic,One year,No,3,0.3624647824752411,No,Normal Risk,Continue regular engagement
2325-NBPZG,3,74.55,233.65,Fiber optic,Month-to-month,No,1,0.7742280310095403,Yes,High Risk,Offer contract upgrade discount
4250-ZBWLV,68,108.45,7176.55,Fiber optic,One year,Yes,5,0.21034153617696422,No,Normal Risk,Continue regular engagement
4482-FTFFX,5,56.15,291.45,DSL,Month-to-month,No,2,0.4849584359859696,No,Normal Risk,Continue regular engagement
8859-DZTGQ,33,20.35,689.75,No,Two year,No,0,0.022818938094489608,No,Normal Risk,Continue regular engagement
0440-MOGPM,41,80.55,3263.9,DSL,One year,No,4,0.22349988556703096,No,Normal Risk,Continue regular engagement
0020-JDNXP,34,61.25,1993.2,DSL,One year,No,5,0.03498826208046557,No,Normal Risk,Continue regular engagement
3752-CQSJI,13,20.45,254.5,No,Month-to-month,No,0,0.1117899771461261,No,Normal Risk,Continue regular engagement
5025-GOOKI,20,18.9,347.65,No,Month-to-month,No,0,0.14279269070214887,No,Normal Risk,Continue regular engagement
4698-KVLLG,51,19.6,967.9,No,Two year,No,0,0.00894919897239249,No,Normal Risk,Continue regular engagement
5095-AESKG,3,91.5,242.95,Fiber optic,Month-to-month,Yes,2,0.7338967539077306,Yes,High Risk,Offer contract upgrade discount
2887-JPYLU,41,45.2,1841.9,DSL,Month-to-month,No,0,0.33221047533373593,No,Normal Risk,Continue regular engagement
4770-QAZXN,13,19.45,232.1,No,Month-to-month,No,0,0.177636998622301,No,Normal Risk,Continue regular engagement
4896-CPRPF,35,25.45,809.25,No,Two year,No,0,0.020702543041780267,No,Normal Risk,Continue regular engagement
1871-MOWRM,12,80.85,866.45,Fiber optic,Month-to-month,Yes,2,0.570143455704238,Yes,Normal Risk,Continue regular engagement
9714-EDSUC,4,94.9,360.55,Fiber optic,Month-to-month,No,4,0.41339533521900723,No,Normal Risk,Continue regular engagement
2027-OAQQC,43,49.05,2076.2,DSL,Month-to-month,Yes,3,0.566013882349964,Yes,Normal Risk,Continue regular engagement
0282-NVSJS,12,29.3,355.9,DSL,Month-to-month,No,1,0.2523595721686201,No,Normal Risk,Continue regular engagement
9090-SGQXL,68,105.3,7299.65,Fiber optic,Month-to-month,Yes,4,0.5258268054666934,Yes,Normal Risk,Continue regular engagement
6595-YGXIT,25,88.95,2291.2,Fiber optic,Month-to-month,Yes,2,0.5938999431742281,Yes,Normal Risk,Continue regular engagement
7353-YOWFP,7,20.25,129.15,No,One year,No,0,0.1869556984245057,No,Normal Risk,Continue regular engagement
9835-ZIITK,66,110.85,7491.75,Fiber optic,One year,Yes,5,0.20377389332600648,No,Normal Risk,Continue regular engagement
8008-ESFLK,53,110.5,5835.5,Fiber optic,One year,No,6,0.15657553799754603,No,Normal Risk,Continue regular engagement
7537-CBQUZ,63,109.4,7031.45,Fiber optic,Month-to-month,No,5,0.5167652557151085,Yes,Normal Risk,Continue regular engagement
1555-DJEQW,70,114.2,7723.9,Fiber optic,Two year,Yes,6,0.07352351859206656,No,Normal Risk,Continue regular engagement
5649-TJHOV,27,36.5,1032.0,DSL,Month-to-month,Yes,1,0.5202059594931149,Yes,Normal Risk,Continue regular engagement
0519-XUZJU,1,70.75,70.75,Fiber optic,Month-to-month,Yes,0,0.8309421938797572,Yes,High Risk,Offer contract upgrade discount
3363-EWLGO,5,19.95,109.6,No,Month-to-month,No,0,0.40216849681803507,No,Normal Risk,Continue regular engagement
4750-UKWJK,37,19.6,727.8,No,One year,No,0,0.024168370993797494,No,Normal Risk,Continue regular engagement
6338-AVWCY,3,40.15,130.75,DSL,Month-to-month,Yes,2,0.6664073283332584,Yes,Normal Risk,Continue regular engagement
1689-YQBYY,12,76.6,893.0,Fiber optic,Month-to-month,No,0,0.7911362157018523,Yes,High Risk,Offer contract upgrade discount
4487-ZYJZK,38,19.6,763.1,No,One year,No,0,0.014636346172500406,No,Normal Risk,Continue regular engagement
2959-FENLU,9,85.3,781.4,Fiber optic,Month-to-month,No,2,0.7850841098244367,Yes,High Risk,Offer contract upgrade discount
0708-LGSMF,13,65.85,902.25,DSL,Month-to-month,No,2,0.34012628172090276,No,Normal Risk,Continue regular engagement
9253-QXKBE,29,94.45,2653.65,Fiber optic,Month-to-month,Yes,2,0.6749728746789414,Yes,Normal Risk,Continue regular engagement
8085-MSNLK,62,113.95,6891.4,Fiber optic,Two year,No,6,0.057419345908356484,No,Normal Risk,Continue regular engagement
7634-HLQJR,47,20.05,1016.7,No,Two year,No,0,0.00642240686832431,No,Normal Risk,Continue regular engagement
0487-RPVUM,61,99.4,5943.65,Fiber optic,Month-to-month,No,4,0.3182467587325493,No,Normal Risk,Continue regular engagement
4079-ULGFR,16,20.0,275.7,No,Month-to-month,No,0,0.14983209939219416,No,Normal Risk,Continue regular engagement
2516-XSJKX,41,78.45,3126.45,DSL,Two year,No,5,0.017838505053002815,No,Normal Risk,Continue regular engagement
0057-QBUQH,43,25.1,1070.15,No,Two year,No,0,0.01862626346469359,No,Normal Risk,Continue regular engagement
9445-SZLCH,36,97.35,3457.9,Fiber optic,Month-to-month,Yes,3,0.5931150240183879,Yes,Normal Risk,Continue regular engagement
6599-SFQVE,6,55.0,340.4,DSL,Month-to-month,No,1,0.7835446861042066,Yes,High Risk,Offer contract upgrade discount
8331-ZXFOE,58,71.1,4299.2,DSL,One year,No,4,0.019751764736330675,No,Normal Risk,Continue regular engagement
4003-FUSHP,19,61.55,1093.2,DSL,Month-to-month,No,2,0.2510124084593051,No,Normal Risk,Continue regular engagement
0356-ERHVT,11,45.9,521.9,DSL,Month-to-month,No,0,0.7065410084497508,Yes,High Risk,Offer contract upgrade discount
7325-ENZFI,39,40.3,1630.4,DSL,One year,No,3,0.07422120098232281,No,Normal Risk,Continue regular engagement
4884-ZTHVF,8,87.1,713.6,Fiber optic,Month-to-month,No,2,0.8263653972757681,Yes,High Risk,Offer contract upgrade discount
3920-HIHMQ,26,49.5,1265.65,DSL,Month-to-month,No,0,0.26107028280466743,No,Normal Risk,Continue regular engagement
3055-OYMSE,53,73.8,4003.85,Fiber optic,Month-to-month,No,1,0.3331558746448502,No,Normal Risk,Continue regular engagement
0613-WUXUM,70,19.2,1401.4,No,Two year,No,0,0.0029141474844104846,No,Normal Risk,Continue regular engagement
7568-PODML,1,45.3,45.3,DSL,Month-to-month,Yes,2,0.7713362199702761,Yes,High Risk,Offer contract upgrade discount
4458-KVRBJ,59,25.0,1510.5,No,Two year,No,0,0.008729373836381329,No,Normal Risk,Continue regular engagement
5349-IECLD,2,94.95,178.1,Fiber optic,Month-to-month,Yes,3,0.8503180066788231,Yes,High Risk,Offer contract upgrade discount
1397-XKKWR,7,35.3,264.8,DSL,One year,No,2,0.19996312587686613,No,Normal Risk,Continue regular engagement
3945-GFWQL,12,44.55,480.6,DSL,Month-to-month,Yes,0,0.5622360675535455,Yes,Normal Risk,Continue regular engagement
8097-OMULG,59,76.75,4541.9,DSL,One year,No,5,0.01392081338647261,No,Normal Risk,Continue regular engagement
6013-BHCAW,61,81.0,4976.15,DSL,Two year,No,4,0.04842384310504173,No,Normal Risk,Continue regular engagement
0401-WDBXM,72,105.55,7542.25,Fiber optic,Two year,No,4,0.14573073083335816,No,Normal Risk,Continue regular engagement
3387-PLKUI,13,18.8,251.25,No,Month-to-month,No,0,0.09405555576275025,No,Normal Risk,Continue regular engagement
6096-EGVTU,64,24.9,1595.5,No,One year,No,0,0.006794723746757322,No,Normal Risk,Continue regular engagement
3797-VTIDR,1,23.45,23.45,DSL,Month-to-month,Yes,0,0.717412503039783,Yes,High Risk,Offer contract upgrade discount
5081-NWSUP,10,64.9,685.55,DSL,One year,No,3,0.20135775311214774,No,Normal Risk,Continue regular engagement
2580-ATZSQ,65,61.35,3874.1,DSL,One year,No,3,0.025674963805669217,No,Normal Risk,Continue regular engagement
9691-HKOVS,55,90.15,4916.95,DSL,One year,No,6,0.05029346623900065,No,Normal Risk,Continue regular engagement
9881-VCZEP,25,54.1,1373.0,DSL,Month-to-month,No,1,0.3302189209371715,No,Normal Risk,Continue regular engagement
9526-BIHHD,1,29.7,29.7,DSL,Month-to-month,Yes,1,0.5100696934231103,Yes,Normal Risk,Continue regular engagement
8757-TFHHJ,1,49.8,49.8,DSL,Month-to-month,No,1,0.40998402388047256,No,Normal Risk,Continue regular engagement
4523-WXCEF,59,101.1,6039.9,Fiber optic,Month-to-month,Yes,3,0.692287209499784,Yes,Normal Risk,Continue regular engagement
1468-DEFNC,64,24.4,1548.65,No,Two year,No,0,0.005390057829661829,No,Normal Risk,Continue regular engagement
5119-KEPFY,36,95.0,3440.25,Fiber optic,Month-to-month,No,2,0.8024855084392303,Yes,High Risk,Offer contract upgrade discount
8364-TRMMK,3,50.65,151.3,DSL,Month-to-month,Yes,0,0.681528537931179,Yes,Normal Risk,Continue regular engagement
0916-KNFAJ,61,69.9,4226.7,DSL,Two year,No,3,0.022161383827065527,No,Normal Risk,Continue regular engagement
8319-QBEHW,26,39.95,1023.75,DSL,One year,No,2,0.18556277504332727,No,Normal Risk,Continue regular engagement
3063-QFSZL,1,55.4,55.4,DSL,Month-to-month,Yes,1,0.8085389411906205,Yes,High Risk,Offer contract upgrade discount
8775-LHDJH,1,90.6,90.6,Fiber optic,Month-to-month,Yes,2,0.7775161442860343,Yes,High Risk,Offer contract upgrade discount
9625-QNLUX,68,103.25,7074.4,Fiber optic,Two year,No,5,0.03589270679151414,No,Normal Risk,Continue regular engagement
3097-NQYSN,2,86.85,156.35,Fiber optic,Month-to-month,Yes,1,0.7422287002353505,Yes,High Risk,Offer contract upgrade discount
4024-CSNBY,72,94.25,6849.75,Fiber optic,Two year,No,4,0.06261849342228597,No,Normal Risk,Continue regular engagement
7110-BDTWG,71,47.05,3263.6,DSL,Two year,No,3,0.03335962754607326,No,Normal Risk,Continue regular engagement
7493-GVFIO,57,20.55,1252.85,No,Two year,No,0,0.008048411633922774,No,Normal Risk,Continue regular engagement
0690-SRQID,4,19.65,67.55,No,Month-to-month,No,0,0.35834921000851905,No,Normal Risk,Continue regular engagement
9605-WGJVW,1,70.2,70.2,Fiber optic,Month-to-month,No,0,0.8566111799856377,Yes,High Risk,Offer contract upgrade discount
9114-DPSIA,72,81.0,5750.0,DSL,Two year,No,5,0.003964149371319958,No,Normal Risk,Continue regular engagement
4700-UBQMV,21,75.9,1549.75,DSL,One year,No,3,0.13519860003723427,No,Normal Risk,Continue regular engagement
7711-GQBZC,71,24.7,1810.55,No,Two year,No,0,0.006895722104232087,No,Normal Risk,Continue regular engagement
3565-UNOCC,29,99.05,2952.85,Fiber optic,Month-to-month,Yes,3,0.7693016092266202,Yes,High Risk,Offer contract upgrade discount
4627-MIHJH,69,110.25,7467.55,Fiber optic,Two year,No,5,0.07328921878553483,No,Normal Risk,Continue regular engagement
9795-NREXC,64,85.0,5484.4,DSL,Two year,No,5,0.021165684468393637,No,Normal Risk,Continue regular engagement
8573-CGOCC,16,19.75,294.9,No,Month-to-month,No,0,0.13079450584642477,No,Normal Risk,Continue regular engagement
7356-AYNJP,4,23.9,97.5,No,One year,No,0,0.2602658286479033,No,Normal Risk,Continue regular engagement
9249-FXSCK,52,111.25,5916.45,Fiber optic,One year,Yes,5,0.17279899104323243,No,Normal Risk,Continue regular engagement
5493-SDRDQ,2,55.1,113.35,DSL,Month-to-month,Yes,2,0.38050052017550473,No,Normal Risk,Continue regular engagement
6286-SUUWT,1,19.95,19.95,No,Month-to-month,No,0,0.3762217016674257,No,Normal Risk,Continue regular engagement
4819-HJPIW,18,25.15,476.8,DSL,Month-to-month,No,0,0.3915288076356162,No,Normal Risk,Continue regular engagement
8654-DHAOW,2,54.15,101.65,DSL,Month-to-month,No,1,0.5451427738005441,Yes,Normal Risk,Continue regular engagement
5438-QMDDL,19,59.8,1130.85,DSL,Month-to-month,No,2,0.32015871218328196,No,Normal Risk,Continue regular engagement
9812-GHVRI,40,83.85,3532.25,Fiber optic,Month-to-month,No,1,0.8131438322749895,Yes,High Risk,Offer contract upgrade discount
5553-AOINX,66,104.9,6891.45,Fiber optic,One year,No,4,0.20938387471111777,No,Normal Risk,Continue regular engagement
1228-ZLNBX,21,75.3,1570.7,Fiber optic,Month-to-month,No,0,0.5721324056051655,Yes,Normal Risk,Continue regular engagement
4226-KKDON,8,66.65,520.95,DSL,Month-to-month,No,3,0.493640663152563,No,Normal Risk,Continue regular engagement
3831-YCPUO,72,109.5,7854.9,Fiber optic,Two year,No,6,0.02979928745215174,No,Normal Risk,Continue regular engagement
7445-WMRBW,48,73.85,3581.4,DSL,One year,No,4,0.11462876492890665,No,Normal Risk,Continue regular engagement
3308-DGHKL,69,19.3,1447.9,No,Two year,No,0,0.012471863414708297,No,Normal Risk,Continue regular engagement
9924-JPRMC,72,118.2,8547.15,Fiber optic,Two year,No,6,0.1400422180537212,No,Normal Risk,Continue regular engagement
0080-EMYVY,14,51.45,727.85,DSL,One year,No,1,0.15299318689166677,No,Normal Risk,Continue regular engagement
6218-KNUBD,6,59.45,357.6,DSL,Month-to-month,No,2,0.6096698691401906,Yes,Normal Risk,Continue regular engagement
7337-CINUD,8,19.5,159.35,No,Two year,No,0,0.10694951087957584,No,Normal Risk,Continue regular engagement
7609-NRNCA,17,19.55,280.85,No,One year,No,0,0.07193122696931069,No,Normal Risk,Continue regular engagement
0623-EJQEG,65,93.55,6069.25,Fiber optic,One year,No,3,0.14232963497776566,No,Normal Risk,Continue regular engagement
7153-CHRBV,57,59.3,3274.35,DSL,One year,No,3,0.00960800424291016,No,Normal Risk,Continue regular engagement
0871-URUWO,13,102.25,1359.0,Fiber optic,Month-to-month,Yes,3,0.6111300894644179,Yes,Normal Risk,Continue regular engagement
9190-MFJLN,19,95.9,1777.9,Fiber optic,Month-to-month,Yes,3,0.5636403693809933,Yes,Normal Risk,Continue regular engagement
6198-PNNSZ,56,109.8,6109.65,Fiber optic,One year,No,5,0.322740717130382,No,Normal Risk,Continue regular engagement
3317-VLGQT,14,78.1,1122.4,Fiber optic,Month-to-month,No,1,0.7330432076955352,Yes,High Risk,Offer contract upgrade discount
4132-POCZS,52,39.9,2020.9,DSL,Month-to-month,No,2,0.16357811055045987,No,Normal Risk,Continue regular engagement
5614-DNZCE,58,64.9,3795.45,DSL,Two year,No,4,0.009022623851845435,No,Normal Risk,Continue regular engagement
1095-JUDTC,47,95.05,4504.55,Fiber optic,Month-to-month,Yes,3,0.4731566557371068,No,Normal Risk,Continue regular engagement
3896-RCYYE,67,53.4,3579.15,DSL,Month-to-month,No,4,0.12337699885478069,No,Normal Risk,Continue regular engagement
9638-JIQYA,2,24.9,49.7,DSL,Month-to-month,No,0,0.6628084348987122,Yes,Normal Risk,Continue regular engagement
3258-SANFR,6,44.7,276.5,DSL,Month-to-month,No,0,0.4719935648858856,No,Normal Risk,Continue regular engagement
3726-TBHQT,71,114.0,8175.9,Fiber optic,Two year,No,6,0.06425615733050012,No,Normal Risk,Continue regular engagement
9000-PLFUZ,60,49.45,2907.55,DSL,Two year,No,3,0.033691259364532614,No,Normal Risk,Continue regular engagement
3190-ITQXP,46,20.25,890.35,No,Two year,No,0,0.016818833620038255,No,Normal Risk,Continue regular engagement
0870-VEMYL,5,53.85,259.8,DSL,Month-to-month,Yes,2,0.26523203481893237,No,Normal Risk,Continue regular engagement
4833-QTJNO,67,83.85,5588.8,Fiber optic,Month-to-month,No,2,0.24697574890592525,No,Normal Risk,Continue regular engagement
3039-MJSLN,3,20.2,50.6,No,Month-to-month,No,0,0.41396848739589237,No,Normal Risk,Continue regular engagement
0178-CIIKR,3,19.95,58.0,No,Month-to-month,No,0,0.4203594877104838,No,Normal Risk,Continue regular engagement
5385-SUIRI,52,104.2,5568.35,Fiber optic,Month-to-month,Yes,4,0.4450004248501323,No,Normal Risk,Continue regular engagement
3982-XWFZQ,42,50.25,2203.65,DSL,Month-to-month,Yes,0,0.3531443704129359,No,Normal Risk,Continue regular engagement
5774-QPLTF,50,20.35,938.95,No,One year,No,0,0.008951286082961562,No,Normal Risk,Continue regular engagement
2322-VCZHZ,23,90.0,2024.1,Fiber optic,Month-to-month,No,3,0.3523104217481327,No,Normal Risk,Continue regular engagement
5010-IPEAQ,67,54.2,3623.95,DSL,Two year,No,5,0.0033900358870628715,No,Normal Risk,Continue regular engagement
4009-ALQFH,25,99.5,2369.05,Fiber optic,Month-to-month,Yes,4,0.7153418326626265,Yes,High Risk,Offer contract upgrade discount
6383-ZTSIW,39,99.1,3877.95,Fiber optic,One year,No,4,0.1609774549800968,No,Normal Risk,Continue regular engagement
8990-YOZLV,69,66.9,4577.9,DSL,Two year,No,3,0.012386258572149969,No,Normal Risk,Continue regular engagement
3069-SSVSN,1,25.85,25.85,DSL,One year,No,0,0.5297347106587643,Yes,Normal Risk,Continue regular engagement
5222-IMUKT,32,91.05,2871.5,Fiber optic,Month-to-month,No,2,0.7800462050212098,Yes,High Risk,Offer contract upgrade discount
3627-FCRDW,9,71.0,672.55,Fiber optic,Month-to-month,Yes,0,0.8695402539053211,Yes,High Risk,Offer contract upgrade discount
7562-GSUHK,16,93.2,1573.7,Fiber optic,Month-to-month,Yes,3,0.6102975125526023,Yes,Normal Risk,Continue regular engagement
6685-XSHHU,60,20.95,1270.55,No,Two year,No,0,0.008747802962326594,No,Normal Risk,Continue regular engagement
8901-UPRHR,72,109.2,7711.45,Fiber optic,Two year,No,5,0.13049824942142227,No,Normal Risk,Continue regular engagement
4903-UYAVB,5,19.35,126.05,No,Month-to-month,Yes,0,0.2793013397042341,No,Normal Risk,Continue regular engagement
0118-JPNOY,26,85.8,2193.65,Fiber optic,Month-to-month,No,2,0.4605765239433503,No,Normal Risk,Continue regular engagement
6776-TLWOI,3,19.85,64.55,No,Month-to-month,Yes,0,0.35641904077132636,No,Normal Risk,Continue regular engagement
3845-FXCYS,2,19.65,31.2,No,Month-to-month,No,0,0.48137743314657255,No,Normal Risk,Continue regular engagement
5857-XRECV,2,20.5,38.25,No,One year,No,0,0.26405718205810896,No,Normal Risk,Continue regular engagement
0725-CXOTM,36,89.65,3348.1,DSL,One year,No,5,0.09727620842522533,No,Normal Risk,Continue regular engagement
4343-EJVQB,7,74.35,533.6,Fiber optic,Month-to-month,No,1,0.5951894717200165,Yes,Normal Risk,Continue regular engagement
3427-GGZZI,19,89.1,1620.8,Fiber optic,Month-to-month,No,2,0.6420915634640448,Yes,Normal Risk,Continue regular engagement
7779-ORAEL,45,75.15,3480.35,DSL,Two year,No,4,0.011500601973174825,No,Normal Risk,Continue regular engagement
0644-OQMDK,4,70.65,293.85,Fiber optic,Month-to-month,No,0,0.8178804632956544,Yes,High Risk,Offer contract upgrade discount
4077-CROMM,31,104.2,3243.45,Fiber optic,Month-to-month,Yes,4,0.4616490700850468,No,Normal Risk,Continue regular engagement
3154-CFSZG,47,90.05,4137.2,Fiber optic,Month-to-month,No,3,0.26884944581339193,No,Normal Risk,Continue regular engagement
2868-MZAGQ,1,79.25,79.25,Fiber optic,Month-to-month,Yes,1,0.8696653954962535,Yes,High Risk,Offer contract upgrade discount
4847-QNOKA,1,44.9,44.9,DSL,Month-to-month,Yes,0,0.8328872313536716,Yes,High Risk,Offer contract upgrade discount
2220-IAHLS,1,19.4,19.4,No,Month-to-month,No,0,0.39442410654482263,No,Normal Risk,Continue regular engagement
1658-XUHBX,59,88.75,5348.65,Fiber optic,Month-to-month,No,2,0.273490916445861,No,Normal Risk,Continue regular engagement
6379-RXJRQ,10,70.1,659.65,Fiber optic,Month-to-month,Yes,0,0.7913968350678148,Yes,High Risk,Offer contract upgrade discount
2378-HTWFW,35,91.0,3180.5,Fiber optic,Month-to-month,No,2,0.3776678523539218,No,Normal Risk,Continue regular engagement
8650-RHRKE,4,29.65,118.5,DSL,Month-to-month,Yes,1,0.7094723244617522,Yes,High Risk,Offer contract upgrade discount
4377-VDHYI,32,90.8,3023.85,Fiber optic,One year,No,3,0.14551214652154304,No,Normal Risk,Continue regular engagement
0475-RIJEP,43,77.85,3365.85,Fiber optic,Month-to-month,Yes,1,0.4986887043831685,No,Normal Risk,Continue regular engagement
1260-TTRXI,4,54.3,195.3,DSL,Month-to-month,Yes,1,0.7185801871596076,Yes,High Risk,Offer contract upgrade discount
3719-TDVQB,54,18.95,1031.1,No,Two year,No,0,0.007353430389115323,No,Normal Risk,Continue regular engagement
6328-ZPBGN,11,95.15,997.65,Fiber optic,Month-to-month,Yes,2,0.9129492655515787,Yes,High Risk,Offer contract upgrade discount
0201-MIBOL,66,102.4,6471.85,Fiber optic,Two year,No,3,0.34006715198551485,No,Normal Risk,Continue regular engagement
4937-QPZPO,61,99.9,6241.35,Fiber optic,One year,No,3,0.28325977733635466,No,Normal Risk,Continue regular engagement
2925-VDZHY,72,88.7,6501.35,DSL,Two year,No,6,0.005192856213140768,No,Normal Risk,Continue regular engagement
6981-TDRFT,44,54.3,2317.1,DSL,One year,No,4,0.05522477849847616,No,Normal Risk,Continue regular engagement
3413-CSSTH,41,55.7,2237.55,DSL,Month-to-month,No,1,0.39907370249603547,No,Normal Risk,Continue regular engagement
8033-VCZGH,50,103.95,5231.3,Fiber optic,One year,No,4,0.2638117887588553,No,Normal Risk,Continue regular engagement
4789-KWMXN,47,110.85,5275.8,Fiber optic,One year,Yes,5,0.12220216724469507,No,Normal Risk,Continue regular engagement
0224-NIJLP,8,20.15,165.5,No,Two year,No,0,0.04104439547165302,No,Normal Risk,Continue regular engagement
7542-CYDDM,18,20.05,358.5,No,Month-to-month,No,0,0.14249100157471997,No,Normal Risk,Continue regular engagement
4718-WXBGI,72,91.95,6614.9,DSL,Two year,No,6,0.0073878898147230155,No,Normal Risk,Continue regular engagement
2867-UIMSS,1,80.5,80.5,Fiber optic,Month-to-month,Yes,1,0.8721926731274495,Yes,High Risk,Offer contract upgrade discount
8495-PRWFH,42,55.65,2421.75,DSL,Month-to-month,No,1,0.3015793186941645,No,Normal Risk,Continue regular engagement
0439-IFYUN,18,74.7,1294.6,Fiber optic,Month-to-month,No,1,0.5951512377364623,Yes,Normal Risk,Continue regular engagement
5716-LIBJC,13,104.15,1299.1,Fiber optic,One year,No,4,0.21217553120350652,No,Normal Risk,Continue regular engagement
2868-LLSKM,68,83.65,5733.4,Fiber optic,One year,No,2,0.11340296334572379,No,Normal Risk,Continue regular engagement
8111-RKSPX,4,72.2,305.55,Fiber optic,Month-to-month,Yes,0,0.8662502917807182,Yes,High Risk,Offer contract upgrade discount
2988-QRAJY,69,110.05,7430.75,Fiber optic,Two year,No,5,0.09488230158283056,No,Normal Risk,Continue regular engagement
1585-MQSSU,17,51.5,900.5,DSL,Month-to-month,Yes,1,0.24278320159381622,No,Normal Risk,Continue regular engagement
0071-NDAFP,25,25.5,630.6,No,Two year,No,0,0.012047947063958474,No,Normal Risk,Continue regular engagement
2856-NNASM,43,89.55,3856.75,Fiber optic,Month-to-month,Yes,2,0.60078262076481,Yes,Normal Risk,Continue regular engagement
7328-ZJAJO,59,19.5,1222.65,No,Two year,No,0,0.003778107357164785,No,Normal Risk,Continue regular engagement
6458-CYIDZ,5,80.7,374.8,Fiber optic,Month-to-month,No,2,0.6270867948418495,Yes,Normal Risk,Continue regular engagement
8559-CIZFV,21,77.5,1625.0,DSL,One year,Yes,4,0.020367601345505925,No,Normal Risk,Continue regular engagement
1090-PYKCI,69,105.1,7234.8,Fiber optic,One year,No,5,0.03825465769154821,No,Normal Risk,Continue regular engagement
3058-WQDRE,13,25.15,331.85,DSL,Month-to-month,No,0,0.6512724222207849,Yes,Normal Risk,Continue regular engagement
7547-EKNFS,42,95.25,3959.35,Fiber optic,Month-to-month,Yes,3,0.6138237663338832,Yes,Normal Risk,Continue regular engagement
2279-AXJJK,52,95.65,5088.4,Fiber optic,Month-to-month,No,3,0.29949465266177494,No,Normal Risk,Continue regular engagement
6769-DYBQN,46,85.0,3969.4,Fiber optic,Month-to-month,Yes,2,0.4565440113149523,No,Normal Risk,Continue regular engagement
0909-SELIE,61,80.8,4860.85,DSL,Two year,No,5,0.02296693124725592,No,Normal Risk,Continue regular engagement
3417-TSCIC,29,24.85,788.05,DSL,One year,No,0,0.1600536958410526,No,Normal Risk,Continue regular engagement
1042-HFUCW,25,54.75,1266.35,DSL,One year,No,2,0.03932462580713058,No,Normal Risk,Continue regular engagement
4439-JMPMT,5,85.75,470.95,Fiber optic,Month-to-month,Yes,2,0.6641554072977247,Yes,Normal Risk,Continue regular engagement
6537-OTKMY,15,50.75,688.2,DSL,One year,No,3,0.33148083610045825,No,Normal Risk,Continue regular engagement
8999-EXMNO,19,20.15,387.7,No,Two year,No,0,0.01904450580752986,No,Normal Risk,Continue regular engagement
6725-TPKJO,44,20.05,845.25,No,Two year,No,0,0.014142308607039824,No,Normal Risk,Continue regular engagement
2446-BEGGB,6,98.25,560.6,Fiber optic,Month-to-month,Yes,3,0.8113261947595609,Yes,High Risk,Offer contract upgrade discount
7162-WPHPM,58,71.6,4230.25,DSL,Two year,No,4,0.0036613521844727076,No,Normal Risk,Continue regular engagement
1599-MMYRQ,62,81.45,4983.05,Fiber optic,One year,No,2,0.04209817115597683,No,Normal Risk,Continue regular engagement
8821-KVZKQ,70,58.4,4113.15,DSL,One year,No,5,0.03909038376022644,No,Normal Risk,Continue regular engagement
1496-GGSUK,1,25.7,25.7,DSL,Month-to-month,Yes,0,0.7159507465463526,Yes,High Risk,Offer contract upgrade discount
6434-TTGJP,10,53.7,521.0,DSL,Two year,No,5,0.018211808530585856,No,Normal Risk,Continue regular engagement
0042-JVWOJ,26,19.6,471.85,No,One year,No,0,0.10484078133811489,No,Normal Risk,Continue regular engagement
0130-SXOUN,66,89.4,5976.9,Fiber optic,Month-to-month,No,2,0.40087343307040096,No,Normal Risk,Continue regular engagement
2575-GFSOE,7,69.0,506.9,Fiber optic,Month-to-month,Yes,0,0.7327672485671292,Yes,High Risk,Offer contract upgrade discount
2330-PQGDQ,51,84.2,4299.75,Fiber optic,One year,No,2,0.10764836433102803,No,Normal Risk,Continue regular engagement
1452-UZOSF,72,106.1,7548.6,Fiber optic,Two year,No,5,0.01855002027279513,No,Normal Risk,Continue regular engagement
2097-YVPKN,65,25.75,1654.75,No,Two year,No,0,0.007341414881812517,No,Normal Risk,Continue regular engagement
2842-JTCCU,2,46.05,80.35,DSL,Month-to-month,Yes,0,0.7895555459683041,Yes,High Risk,Offer contract upgrade discount
8597-CTXVJ,70,64.95,4551.5,DSL,One year,No,3,0.01541791558679753,No,Normal Risk,Continue regular engagement
6631-HMANX,72,85.45,6227.5,DSL,Two year,No,5,0.021075553629943046,No,Normal Risk,Continue regular engagement
9962-BFPDU,1,20.05,20.05,No,Month-to-month,No,0,0.254768971040986,No,Normal Risk,Continue regular engagement
3296-SILRA,1,76.4,76.4,Fiber optic,Month-to-month,Yes,1,0.6845685933157712,Yes,Normal Risk,Continue regular engagement
9681-OXGVC,5,100.5,514.0,Fiber optic,Month-to-month,Yes,3,0.8880466595398668,Yes,High Risk,Offer contract upgrade discount
6394-HHHZM,3,20.7,57.5,No,Month-to-month,No,0,0.3702103279720125,No,Normal Risk,Continue regular engagement
5995-LFTLE,58,25.3,1474.35,No,Two year,No,0,0.008540266007477237,No,Normal Risk,Continue regular engagement
5180-UCIIQ,22,40.05,880.2,DSL,Month-to-month,Yes,2,0.1057084510782713,No,Normal Risk,Continue regular engagement
1932-UEDCX,33,100.6,3270.25,Fiber optic,Month-to-month,No,3,0.6969655319333014,Yes,Normal Risk,Continue regular engagement
7153-OANIO,1,69.95,69.95,Fiber optic,Month-to-month,Yes,0,0.8448733822013224,Yes,High Risk,Offer contract upgrade discount
5188-HGMLP,54,74.0,3919.15,Fiber optic,Month-to-month,No,0,0.5025701957875863,Yes,Normal Risk,Continue regular engagement
0665-XHDJU,72,99.4,7285.7,Fiber optic,Two year,No,3,0.23648153312719036,No,Normal Risk,Continue regular engagement
6521-YYTYI,1,93.3,93.3,Fiber optic,Month-to-month,Yes,2,0.7934207165850209,Yes,High Risk,Offer contract upgrade discount
8878-HMWBV,3,49.15,169.05,DSL,Month-to-month,Yes,1,0.6415892530810504,Yes,Normal Risk,Continue regular engagement
8265-HKSOW,72,107.45,7658.3,Fiber optic,Two year,No,5,0.026983716020587488,No,Normal Risk,Continue regular engagement
3544-FBCAS,72,83.6,5959.3,DSL,Two year,No,5,0.011271771594115429,No,Normal Risk,Continue regular engagement
5331-RGMTT,54,99.05,5295.7,Fiber optic,Month-to-month,No,3,0.43188684569751523,No,Normal Risk,Continue regular engagement
4759-PXTAN,59,80.1,4693.2,DSL,One year,No,4,0.09834847128420947,No,Normal Risk,Continue regular engagement
7054-DMVAS,54,65.3,3512.9,DSL,Two year,No,3,0.056499376886983435,No,Normal Risk,Continue regular engagement
3428-MMGUB,60,89.55,5231.2,Fiber optic,Two year,No,2,0.23300786951118774,No,Normal Risk,Continue regular engagement
6549-BTYPG,60,60.8,3603.45,DSL,Two year,No,5,0.023475959821123053,No,Normal Risk,Continue regular engagement
7823-JSOAG,3,74.5,217.45,Fiber optic,Month-to-month,No,0,0.8309227009425968,Yes,High Risk,Offer contract upgrade discount
3705-RHRFR,69,99.15,6875.35,Fiber optic,Two year,No,3,0.28074906251181364,No,Normal Risk,Continue regular engagement
9374-YOLBJ,1,19.25,19.25,No,Month-to-month,No,0,0.3305346932547725,No,Normal Risk,Continue regular engagement
9074-KGVOX,50,39.45,2021.35,DSL,Month-to-month,No,2,0.05849702193883379,No,Normal Risk,Continue regular engagement
6128-DAFVY,56,44.85,2564.95,DSL,Month-to-month,No,2,0.31152657113650756,No,Normal Risk,Continue regular engagement
9933-QRGTX,60,97.2,5611.75,Fiber optic,Two year,No,4,0.10708924824854041,No,Normal Risk,Continue regular engagement
4476-OSWTN,69,110.55,7610.1,Fiber optic,One year,No,5,0.09809662733611535,No,Normal Risk,Continue regular engagement
3751-KTZEL,1,35.05,35.05,DSL,Month-to-month,Yes,1,0.7776899069073676,Yes,High Risk,Offer contract upgrade discount
1977-STDKI,1,73.0,73.0,Fiber optic,Month-to-month,Yes,1,0.7684096386614313,Yes,High Risk,Offer contract upgrade discount
5066-GFJMM,3,19.9,45.75,No,Month-to-month,No,0,0.37539736795463774,No,Normal Risk,Continue regular engagement
2661-GKBTK,60,76.95,4543.95,DSL,Two year,No,4,0.03810032109580263,No,Normal Risk,Continue regular engagement
0458-HEUZG,13,35.4,450.4,DSL,Two year,No,2,0.08204401313659394,No,Normal Risk,Continue regular engagement
7268-WNTCP,62,20.45,1297.35,No,Two year,No,0,0.007231834674399524,No,Normal Risk,Continue regular engagement
0824-VWDPO,45,96.75,4442.75,Fiber optic,One year,No,3,0.41073112328536876,No,Normal Risk,Continue regular engagement
8409-WQJUX,25,54.2,1423.15,DSL,One year,No,4,0.22073157339432287,No,Normal Risk,Continue regular engagement
2578-JQPHZ,44,100.1,4378.35,Fiber optic,Two year,No,4,0.29541215627506423,No,Normal Risk,Continue regular engagement
3278-FSIXX,2,45.25,74.2,DSL,Month-to-month,No,0,0.6860193518004921,Yes,Normal Risk,Continue regular engagement
5813-UECBU,33,83.85,2716.3,Fiber optic,Month-to-month,Yes,2,0.3057406198936467,No,Normal Risk,Continue regular engagement
0328-GRPMV,1,70.1,70.1,Fiber optic,Month-to-month,Yes,0,0.8850229549018692,Yes,High Risk,Offer contract upgrade discount
9746-UGFAC,22,20.85,450.65,No,One year,No,0,0.13956087865665137,No,Normal Risk,Continue regular engagement
2946-KIQSP,35,33.45,1175.85,DSL,Month-to-month,No,2,0.17319602219486596,No,Normal Risk,Continue regular engagement
0625-AFOHS,29,20.2,558.8,No,Two year,No,0,0.01471341813364333,No,Normal Risk,Continue regular engagement
6726-WEXXK,27,85.9,2220.1,Fiber optic,One year,No,2,0.17144846859707896,No,Normal Risk,Continue regular engagement
4636-OLWOE,54,61.0,3283.05,DSL,One year,No,3,0.025547872786192898,No,Normal Risk,Continue regular engagement
4342-HENTK,2,70.65,142.35,Fiber optic,Month-to-month,Yes,0,0.858355171760863,Yes,High Risk,Offer contract upgrade discount
4685-ERGHK,57,86.9,4939.25,Fiber optic,One year,No,1,0.45348594434834644,No,Normal Risk,Continue regular engagement
0885-HMGPY,62,69.4,4237.5,DSL,Two year,No,4,0.015437831011446735,No,Normal Risk,Continue regular engagement
5003-OKNNK,15,20.35,335.95,No,One year,No,0,0.0333189707538748,No,Normal Risk,Continue regular engagement
4195-SMMNX,2,20.35,33.2,No,Month-to-month,Yes,0,0.3731177919320488,No,Normal Risk,Continue regular engagement
7208-PSIHR,70,104.3,7188.5,Fiber optic,Two year,No,4,0.2716161556419213,No,Normal Risk,Continue regular engagement
4012-ZTHBR,21,44.95,926.25,DSL,Month-to-month,No,0,0.30185592033362524,No,Normal Risk,Continue regular engagement
0489-WMEMG,23,49.45,1119.35,DSL,One year,No,1,0.08911597339730554,No,Normal Risk,Continue regular engagement
7435-ZNUYY,6,20.6,116.6,No,One year,No,0,0.15893189906753685,No,Normal Risk,Continue regular engagement
1354-YZFNB,4,19.55,68.8,No,Two year,No,0,0.039550902876908434,No,Normal Risk,Continue regular engagement
6956-SMUCM,3,99.0,287.4,Fiber optic,Month-to-month,Yes,4,0.665060790213898,Yes,Normal Risk,Continue regular engagement
2985-FMWYF,23,93.5,2341.55,Fiber optic,Month-to-month,No,2,0.8104276877667306,Yes,High Risk,Offer contract upgrade discount
2812-ENYMO,26,54.55,1362.85,DSL,One year,No,4,0.06818671104586073,No,Normal Risk,Continue regular engagement
2717-HVIZY,8,20.05,163.6,No,Month-to-month,No,0,0.24932384827161927,No,Normal Risk,Continue regular engagement
3223-WZWJM,26,83.95,2254.2,Fiber optic,Month-to-month,Yes,1,0.7408077562832236,Yes,High Risk,Offer contract upgrade discount
3422-GALYP,2,79.45,145.15,Fiber optic,Month-to-month,No,1,0.7772418995603833,Yes,High Risk,Offer contract upgrade discount
9053-JZFKV,67,116.2,7752.3,Fiber optic,Two year,Yes,6,0.063704031500544,No,Normal Risk,Continue regular engagement
2530-ENDWQ,71,93.7,6585.35,Fiber optic,Two year,Yes,2,0.4063545686045207,No,Normal Risk,Continue regular engagement
2890-WFBHU,59,79.85,4786.1,DSL,One year,No,5,0.023284298345484244,No,Normal Risk,Continue regular engagement
0327-WFZSY,39,100.0,3835.55,Fiber optic,One year,No,3,0.28730609464955525,No,Normal Risk,Continue regular engagement
7977-HXJKU,21,19.6,397.0,No,Two year,No,0,0.01645910308496066,No,Normal Risk,Continue regular engagement
6615-ZGEDR,1,19.7,19.7,No,Month-to-month,Yes,0,0.3718953931188846,No,Normal Risk,Continue regular engagement
7033-CLAMM,48,20.2,1027.25,No,Two year,No,0,0.016102007982509457,No,Normal Risk,Continue regular engagement
4023-RTIQM,31,50.4,1580.1,DSL,One year,No,4,0.04561822639912598,No,Normal Risk,Continue regular engagement
0864-FVJNJ,64,113.35,7222.75,Fiber optic,One year,No,6,0.08070089826012712,No,Normal Risk,Continue regular engagement
7356-IWLFW,46,80.0,3769.7,Fiber optic,Month-to-month,No,1,0.43038299362307714,No,Normal Risk,Continue regular engagement
9541-PWTWO,52,80.95,4233.95,DSL,Two year,No,4,0.14866232453809494,No,Normal Risk,Continue regular engagement
3967-VQOGC,67,24.9,1680.25,No,Two year,No,0,0.003833075647219488,No,Normal Risk,Continue regular engagement
7872-RDDLZ,67,54.9,3725.5,DSL,Month-to-month,No,1,0.15130554062400248,No,Normal Risk,Continue regular engagement
9250-WYPLL,5,75.55,413.65,Fiber optic,Month-to-month,Yes,0,0.8718820519705903,Yes,High Risk,Offer contract upgrade discount
6308-CQRBU,71,109.25,7707.7,Fiber optic,Two year,No,5,0.15279136947247934,No,Normal Risk,Continue regular engagement
2754-XBHTB,9,77.65,714.15,Fiber optic,Month-to-month,Yes,1,0.905600390196345,Yes,High Risk,Offer contract upgrade discount
1597-LHYNC,26,95.0,2497.2,Fiber optic,Month-to-month,Yes,3,0.5160036029059838,Yes,Normal Risk,Continue regular engagement
0186-CAERR,71,116.3,8309.55,Fiber optic,One year,No,6,0.2535791953474449,No,Normal Risk,Continue regular engagement
3043-SUDUA,32,19.9,601.55,No,Month-to-month,No,0,0.2394611443097401,No,Normal Risk,Continue regular engagement
5442-BHQNG,2,70.35,139.25,Fiber optic,Month-to-month,No,0,0.8775392386441935,Yes,High Risk,Offer contract upgrade discount
2169-RRLFW,71,25.6,1888.25,No,Two year,No,0,0.00525643799617166,No,Normal Risk,Continue regular engagement
5872-OEQNH,60,44.45,2773.9,DSL,One year,No,3,0.07528827109291684,No,Normal Risk,Continue regular engagement
3162-KKZXO,55,100.15,5409.75,Fiber optic,One year,No,3,0.4714353594538807,No,Normal Risk,Continue regular engagement
7055-VKGDA,54,105.4,5643.4,Fiber optic,One year,Yes,5,0.11239190391986838,No,Normal Risk,Continue regular engagement
0754-UKWQP,2,95.85,197.7,Fiber optic,Month-to-month,Yes,3,0.8677365932403885,Yes,High Risk,Offer contract upgrade discount
8873-GLDMH,6,73.85,401.3,Fiber optic,Month-to-month,No,0,0.7994621693564795,Yes,High Risk,Offer contract upgrade discount
5696-JVVQY,48,70.1,3238.4,DSL,Two year,No,4,0.011941177982098806,No,Normal Risk,Continue regular engagement
8946-BFWSG,63,25.25,1573.05,No,Two year,No,0,0.003266680431486978,No,Normal Risk,Continue regular engagement
7493-TPUWZ,1,79.15,79.15,Fiber optic,Month-to-month,Yes,1,0.7771110567932634,Yes,High Risk,Offer contract upgrade discount
0547-HURJB,12,21.05,235.8,No,Month-to-month,No,0,0.16743465643012992,No,Normal Risk,Continue regular engagement
8904-OPDCK,54,24.95,1364.75,DSL,Month-to-month,No,0,0.21320958688945424,No,Normal Risk,Continue regular engagement
8845-LWKGE,30,64.5,1985.15,DSL,One year,No,3,0.07275023829536806,No,Normal Risk,Continue regular engagement
1577-HKTFG,30,19.65,655.85,No,Month-to-month,Yes,0,0.213306930830776,No,Normal Risk,Continue regular engagement
8752-STIVR,4,79.0,303.15,Fiber optic,Month-to-month,Yes,1,0.8855888426007616,Yes,High Risk,Offer contract upgrade discount
0691-NIKRI,40,105.95,4335.2,Fiber optic,One year,No,4,0.31935820339628657,No,Normal Risk,Continue regular engagement
5022-JNQEQ,9,75.85,647.5,Fiber optic,Month-to-month,No,1,0.6064710587708301,Yes,Normal Risk,Continue regular engagement
4558-FANTW,17,91.85,1574.45,Fiber optic,Month-to-month,Yes,3,0.3116919043150764,No,Normal Risk,Continue regular engagement
3249-VHRIP,62,43.6,2748.7,DSL,Two year,No,3,0.030008019983578542,No,Normal Risk,Continue regular engagement
3736-BLEPA,28,91.25,2483.65,Fiber optic,One year,No,3,0.3738566484810454,No,Normal Risk,Continue regular engagement
4701-LKOZD,70,89.75,6367.2,DSL,Two year,No,6,0.017440562805312344,No,Normal Risk,Continue regular engagement
6603-QWSPR,46,104.4,4904.2,Fiber optic,Two year,No,5,0.2897718807078613,No,Normal Risk,Continue regular engagement
9921-QFQUL,23,90.15,2044.95,Fiber optic,Month-to-month,No,2,0.574829627227958,Yes,Normal Risk,Continue regular engagement
1929-ZCBHE,47,40.3,1794.8,DSL,One year,No,3,0.014109760073837997,No,Normal Risk,Continue regular engagement
4378-MYPGO,68,105.25,7173.15,Fiber optic,Two year,No,5,0.10507909141699727,No,Normal Risk,Continue regular engagement
8651-ENBZX,60,106.0,6441.4,Fiber optic,One year,Yes,4,0.36646244336881145,No,Normal Risk,Continue regular engagement
4129-LYCOI,67,104.0,7039.05,Fiber optic,Two year,No,4,0.14048935548448432,No,Normal Risk,Continue regular engagement
7798-JVXYM,14,69.65,921.4,DSL,Month-to-month,No,3,0.48939060120707184,No,Normal Risk,Continue regular engagement
8647-SDTWQ,57,74.3,4018.35,Fiber optic,Month-to-month,No,0,0.32755126495820214,No,Normal Risk,Continue regular engagement
2696-ECXKC,55,100.9,5448.6,Fiber optic,One year,No,3,0.16980036705385895,No,Normal Risk,Continue regular engagement
2081-KJSQF,1,20.25,20.25,No,Month-to-month,No,0,0.39806416153283075,No,Normal Risk,Continue regular engagement
7623-TRNQN,1,49.9,49.9,DSL,Month-to-month,Yes,1,0.32410904055607764,No,Normal Risk,Continue regular engagement
3323-CPBWR,23,96.9,2085.45,Fiber optic,Month-to-month,No,3,0.40986021304021814,No,Normal Risk,Continue regular engagement
9330-IJWIO,13,100.35,1358.85,Fiber optic,Month-to-month,Yes,3,0.7176456718151925,Yes,High Risk,Offer contract upgrade discount
3384-CTMSF,47,104.1,5135.15,Fiber optic,Month-to-month,No,4,0.6006343322541645,Yes,Normal Risk,Continue regular engagement
0902-RFHOF,38,20.1,730.1,No,One year,No,0,0.03036681399968568,No,Normal Risk,Continue regular engagement
9286-DOJGF,38,74.95,2869.85,Fiber optic,Month-to-month,Yes,0,0.6810090607173358,Yes,Normal Risk,Continue regular engagement
6048-QBXKL,2,56.55,118.25,DSL,Month-to-month,No,1,0.5064562297437708,Yes,Normal Risk,Continue regular engagement
9661-MHUMO,1,49.25,49.25,DSL,Month-to-month,Yes,1,0.19148723572607226,No,Normal Risk,Continue regular engagement
7718-RXDGG,15,68.6,1108.6,Fiber optic,Month-to-month,No,0,0.7180915571600958,Yes,High Risk,Offer contract upgrade discount
1025-FALIX,26,69.05,1815.65,Fiber optic,Month-to-month,No,0,0.6042800126789214,Yes,Normal Risk,Continue regular engagement
3451-VAWLI,35,19.7,730.4,No,Two year,No,0,0.009883320808877771,No,Normal Risk,Continue regular engagement
3407-QGWLG,3,20.05,75.45,No,Month-to-month,No,0,0.251077617409587,No,Normal Risk,Continue regular engagement
1842-EZJMK,50,103.7,5071.05,Fiber optic,Month-to-month,Yes,4,0.29846100659088987,No,Normal Risk,Continue regular engagement
2347-WKKAE,42,94.4,4014.6,Fiber optic,Month-to-month,No,3,0.44267379134367724,No,Normal Risk,Continue regular engagement
8735-DCXNF,10,54.95,568.85,DSL,Month-to-month,No,2,0.1828438810437582,No,Normal Risk,Continue regular engagement
3214-IYUUQ,61,93.7,5860.7,Fiber optic,One year,No,4,0.15866858597807268,No,Normal Risk,Continue regular engagement
1936-UAFEH,68,110.25,7279.35,Fiber optic,Two year,No,5,0.07860466823055628,No,Normal Risk,Continue regular engagement
3587-PMCOY,10,98.9,1064.95,Fiber optic,One year,No,4,0.48975553339736977,No,Normal Risk,Continue regular engagement
8079-XRJRS,65,89.75,5769.6,Fiber optic,One year,Yes,3,0.09244716623903756,No,Normal Risk,Continue regular engagement
1027-LKKQQ,72,80.45,5886.85,DSL,Two year,No,5,0.026134351074997664,No,Normal Risk,Continue regular engagement
7148-XZPHA,55,79.4,4238.45,Fiber optic,Month-to-month,No,2,0.15923778495449678,No,Normal Risk,Continue regular engagement
8073-IJDCM,1,20.3,20.3,No,Month-to-month,Yes,0,0.46383867863045003,No,Normal Risk,Continue regular engagement
5309-TAIKL,7,62.8,418.3,DSL,Month-to-month,No,3,0.6182696539448786,Yes,Normal Risk,Continue regular engagement
6856-RAURS,2,74.9,136.05,Fiber optic,Month-to-month,No,0,0.8241609104524485,Yes,High Risk,Offer contract upgrade discount
8778-LMWTJ,9,74.85,708.2,Fiber optic,Month-to-month,No,1,0.7610443972847828,Yes,High Risk,Offer contract upgrade discount
6994-FGRHH,70,106.15,7475.1,Fiber optic,One year,No,5,0.13748320841878203,No,Normal Risk,Continue regular engagement
9717-IOAAF,27,25.85,788.55,No,Two year,No,0,0.01639753516138968,No,Normal Risk,Continue regular engagement
8884-ADFVN,7,101.95,700.85,Fiber optic,Month-to-month,Yes,3,0.7993508212769103,Yes,High Risk,Offer contract upgrade discount
2845-KDHVX,64,68.3,4378.8,DSL,Two year,No,4,0.01710652052087461,No,Normal Risk,Continue regular engagement
0848-SOMKO,70,48.4,3442.8,DSL,Two year,No,4,0.018877529735852862,No,Normal Risk,Continue regular engagement
2720-WGKHP,2,94.0,181.7,Fiber optic,Month-to-month,Yes,2,0.8474835547663335,Yes,High Risk,Offer contract upgrade discount
6734-FQAJX,67,105.05,7171.7,Fiber optic,Two year,No,5,0.089470808877723,No,Normal Risk,Continue regular engagement
2869-ADAWR,45,89.3,4016.85,Fiber optic,Month-to-month,Yes,2,0.5239299478262848,Yes,Normal Risk,Continue regular engagement
1535-VTJOQ,24,25.15,553.0,No,Two year,No,0,0.030600920702084273,No,Normal Risk,Continue regular engagement
6368-TZZDT,4,19.5,96.85,No,Two year,No,0,0.039843669943608,No,Normal Risk,Continue regular engagement
0943-ZQPXH,44,92.95,4122.9,Fiber optic,Month-to-month,No,3,0.5781737484197553,Yes,Normal Risk,Continue regular engagement
1293-BSEUN,72,20.7,1482.3,No,Two year,No,0,0.0030538936007772316,No,Normal Risk,Continue regular engagement
9894-EZEWG,1,74.3,74.3,Fiber optic,Month-to-month,Yes,1,0.7275360385593208,Yes,High Risk,Offer contract upgrade discount
1302-TPUBN,66,19.35,1240.8,No,Two year,No,0,0.012397870484024182,No,Normal Risk,Continue regular engagement
7851-FLGGQ,1,44.65,44.65,DSL,Month-to-month,Yes,3,0.48278874839078506,No,Normal Risk,Continue regular engagement
0637-UBJRP,13,84.05,1095.3,Fiber optic,Month-to-month,Yes,2,0.36653740934072143,No,Normal Risk,Continue regular engagement
0940-OUQEC,10,80.7,788.8,Fiber optic,Month-to-month,Yes,1,0.8327893106140598,Yes,High Risk,Offer contract upgrade discount
2378-VTKDH,65,104.35,6578.55,Fiber optic,Month-to-month,No,4,0.471455100210224,No,Normal Risk,Continue regular engagement
0927-CNGRH,1,19.55,19.55,No,Month-to-month,No,0,0.24487554188916544,No,Normal Risk,Continue regular engagement
8608-OZTLB,38,74.05,2802.3,DSL,One year,No,5,0.01579381203180128,No,Normal Risk,Continue regular engagement
2335-GSODA,23,40.1,857.75,DSL,Two year,No,3,0.012788064744553013,No,Normal Risk,Continue regular engagement
1952-DVVSW,10,20.1,184.4,No,One year,No,0,0.13567102871728107,No,Normal Risk,Continue regular engagement
0702-PGIBZ,4,101.7,364.55,Fiber optic,Month-to-month,Yes,3,0.7565509743764874,Yes,High Risk,Offer contract upgrade discount
6656-GULJQ,72,83.55,6093.3,DSL,Two year,No,5,0.0071456486240448515,No,Normal Risk,Continue regular engagement
9853-JFZDU,35,56.85,1861.1,DSL,Month-to-month,No,2,0.19351717422422163,No,Normal Risk,Continue regular engagement
1963-VAUKV,1,20.4,20.4,No,Month-to-month,Yes,0,0.44833191992127935,No,Normal Risk,Continue regular engagement
3777-XROBG,58,19.55,1079.65,No,Two year,No,0,0.003754844802113771,No,Normal Risk,Continue regular engagement
4000-VGMQP,38,78.95,2862.55,DSL,One year,No,4,0.04186816863182793,No,Normal Risk,Continue regular engagement
3999-WRNGR,60,49.75,3069.45,DSL,Month-to-month,No,3,0.1851876663333852,No,Normal Risk,Continue regular engagement
3466-RITXD,26,92.4,2349.8,Fiber optic,Month-to-month,No,3,0.30795740701517255,No,Normal Risk,Continue regular engagement
2680-XKKNJ,8,58.2,469.25,DSL,One year,No,3,0.16808944413367866,No,Normal Risk,Continue regular engagement
3058-HJCUY,41,102.6,4213.35,Fiber optic,One year,Yes,4,0.1636686116546784,No,Normal Risk,Continue regular engagement
2974-GGUXS,36,91.95,3301.05,Fiber optic,Month-to-month,No,2,0.4807572502268406,No,Normal Risk,Continue regular engagement
7994-XIRTR,54,65.25,3529.95,DSL,One year,No,3,0.0878288307688946,No,Normal Risk,Continue regular engagement
3259-FDWOY,71,106.0,7723.7,Fiber optic,Two year,Yes,4,0.21363711733132754,No,Normal Risk,Continue regular engagement
2101-RANCD,55,73.1,4144.9,Fiber optic,Month-to-month,No,0,0.6093949443669914,Yes,Normal Risk,Continue regular engagement
7921-BEPCI,72,59.75,4265.0,DSL,Two year,No,2,0.032607917541709656,No,Normal Risk,Continue regular engagement
0807-ZABDG,3,55.1,154.65,DSL,Month-to-month,Yes,2,0.22318139998705916,No,Normal Risk,Continue regular engagement
8510-TMWYB,54,59.8,3246.45,DSL,Two year,No,2,0.037800860674298976,No,Normal Risk,Continue regular engagement
3258-ZKPAI,72,116.6,8337.45,Fiber optic,Two year,No,6,0.07799079519751244,No,Normal Risk,Continue regular engagement
1428-IEDPR,52,109.3,5731.4,Fiber optic,Two year,No,5,0.13543843369566985,No,Normal Risk,Continue regular engagement
5298-GSTLM,60,101.4,6176.6,Fiber optic,One year,No,3,0.49192304154960836,No,Normal Risk,Continue regular engagement
4450-YOOHP,39,50.65,1905.4,DSL,Month-to-month,No,3,0.38804704642001525,No,Normal Risk,Continue regular engagement
6728-CZFEI,15,56.15,931.9,DSL,One year,No,1,0.2713612170298103,No,Normal Risk,Continue regular engagement
5748-RNCJT,69,106.5,7348.8,Fiber optic,Two year,Yes,4,0.325708831870822,No,Normal Risk,Continue regular engagement
3653-NCRDJ,43,19.2,776.25,No,One year,No,0,0.010758288748849527,No,Normal Risk,Continue regular engagement
6121-TNHBO,63,83.0,5243.05,DSL,One year,No,5,0.05437971990391921,No,Normal Risk,Continue regular engagement
5119-NZPTV,2,70.1,141.65,Fiber optic,Month-to-month,No,0,0.7644134314211984,Yes,High Risk,Offer contract upgrade discount
6519-ZHPXP,72,108.3,7679.65,Fiber optic,Two year,No,6,0.06413315460339994,No,Normal Risk,Continue regular engagement
7739-LAXOG,32,91.05,2954.5,Fiber optic,Month-to-month,Yes,2,0.6773840167507977,Yes,Normal Risk,Continue regular engagement
3472-QPRCH,40,25.25,1006.9,No,Two year,No,0,0.00673956393148415,No,Normal Risk,Continue regular engagement
8224-UAXBZ,58,45.35,2540.1,DSL,One year,No,3,0.0525831946139672,No,Normal Risk,Continue regular engagement
9610-WCESF,67,43.9,3097.2,DSL,Two year,No,3,0.016766033964920147,No,Normal Risk,Continue regular engagement
9776-CLUJA,51,77.5,3807.35,Fiber optic,Month-to-month,Yes,1,0.31170358812837645,No,Normal Risk,Continue regular engagement
2486-WYVVE,31,79.3,2484.0,DSL,One year,No,4,0.08633895332597881,No,Normal Risk,Continue regular engagement
3865-ZYKAD,69,84.9,5785.65,Fiber optic,Month-to-month,No,2,0.12502091296798995,No,Normal Risk,Continue regular engagement
1422-DGUBX,32,79.25,2619.15,Fiber optic,One year,No,1,0.23531040043223342,No,Normal Risk,Continue regular engagement
2999-AANRQ,21,71.05,1524.85,DSL,Two year,No,4,0.027517045795005537,No,Normal Risk,Continue regular engagement
8668-KNZTI,52,53.75,2790.65,DSL,One year,No,2,0.04623469646262113,No,Normal Risk,Continue regular engagement
0480-KYJVA,72,24.25,1784.5,No,Two year,No,0,0.00241598196216137,No,Normal Risk,Continue regular engagement
6034-ZRYCV,72,54.2,3937.45,DSL,Two year,Yes,4,0.04882385587899318,No,Normal Risk,Continue regular engagement
9746-YKGXB,52,44.25,2276.1,DSL,One year,No,3,0.04198151657917964,No,Normal Risk,Continue regular engagement
3926-YZVVX,41,50.05,2029.05,DSL,One year,No,1,0.1514837756828475,No,Normal Risk,Continue regular engagement
6000-UKLWI,41,20.15,802.35,No,Two year,No,0,0.016137914639123466,No,Normal Risk,Continue regular engagement
2079-FBMZK,6,69.25,418.4,Fiber optic,Month-to-month,Yes,0,0.8104028621994646,Yes,High Risk,Offer contract upgrade discount
6332-FBZRI,67,69.35,4653.25,DSL,One year,No,4,0.004377020068651296,No,Normal Risk,Continue regular engagement
2096-XOTMO,16,19.35,275.9,No,Month-to-month,No,0,0.08637450023949744,No,Normal Risk,Continue regular engagement
3266-FTKHB,17,19.15,343.45,No,Two year,No,0,0.03350351766116681,No,Normal Risk,Continue regular engagement
8221-EQDGL,35,61.0,2130.45,DSL,Month-to-month,No,3,0.08254975565441947,No,Normal Risk,Continue regular engagement
2346-LOCWC,58,20.5,1191.4,No,Two year,No,0,0.004210824284584788,No,Normal Risk,Continue regular engagement
6608-QQLVK,1,50.5,50.5,DSL,Month-to-month,Yes,1,0.6747040993233662,Yes,Normal Risk,Continue regular engagement
0298-XACET,52,50.2,2554.0,DSL,Two year,No,4,0.008994047239457452,No,Normal Risk,Continue regular engagement
7560-QJAVJ,70,79.6,5589.45,DSL,Two year,No,5,0.05046379912657489,No,Normal Risk,Continue regular engagement
2995-YWTCD,19,24.9,467.7,No,Two year,No,0,0.04406711806161229,No,Normal Risk,Continue regular engagement
3551-HUAZH,1,74.4,74.4,Fiber optic,Month-to-month,Yes,0,0.807213820044184,Yes,High Risk,Offer contract upgrade discount
9137-UIYPG,35,106.9,3756.45,Fiber optic,Month-to-month,No,5,0.3442194317836145,No,Normal Risk,Continue regular engagement
2809-ZMYOQ,32,101.35,3334.9,Fiber optic,Month-to-month,No,3,0.8185382222807575,Yes,High Risk,Offer contract upgrade discount
5084-OOVCJ,17,55.35,920.5,DSL,Month-to-month,No,2,0.06882734444186193,No,Normal Risk,Continue regular engagement
0254-WWRKD,67,50.55,3431.75,DSL,One year,No,1,0.019399557441614045,No,Normal Risk,Continue regular engagement
7727-SHVZV,9,19.5,150.35,No,Month-to-month,No,0,0.55209834524221,Yes,Normal Risk,Continue regular engagement
6302-JGYRJ,31,79.45,2587.7,DSL,One year,Yes,4,0.05705854581834773,No,Normal Risk,Continue regular engagement
5339-PXDVH,4,90.65,367.95,Fiber optic,Month-to-month,No,2,0.7479034324888824,Yes,High Risk,Offer contract upgrade discount
2205-LPVGL,58,89.85,5125.75,Fiber optic,One year,No,3,0.04750886090216499,No,Normal Risk,Continue regular engagement
8782-NUUOL,60,79.0,4801.1,DSL,One year,No,5,0.03352504206603326,No,Normal Risk,Continue regular engagement
3685-YLCMQ,58,104.65,6219.6,Fiber optic,One year,Yes,4,0.34422719984489436,No,Normal Risk,Continue regular engagement
7601-WFVZV,1,19.55,19.55,No,Month-to-month,No,0,0.3693093778294221,No,Normal Risk,Continue regular engagement
4609-KNNWG,27,19.9,550.1,No,Two year,No,0,0.01577050403654766,No,Normal Risk,Continue regular engagement
4868-AADLV,66,116.25,7862.25,Fiber optic,One year,No,6,0.07497074925661797,No,Normal Risk,Continue regular engagement
9529-OFXHY,15,87.75,1242.2,Fiber optic,Month-to-month,No,2,0.6318569748794772,Yes,Normal Risk,Continue regular engagement
8634-MPHTR,47,100.05,4871.05,Fiber optic,Month-to-month,Yes,3,0.6312703088331149,Yes,Normal Risk,Continue regular engagement
2669-QVCRG,41,81.3,3190.65,Fiber optic,Month-to-month,No,1,0.4142243867812429,No,Normal Risk,Continue regular engagement
2478-EEWWM,59,44.3,2666.75,DSL,Month-to-month,No,2,0.29397150639603176,No,Normal Risk,Continue regular engagement
9174-IHETN,50,70.35,3533.6,Fiber optic,Two year,No,0,0.10509118075966675,No,Normal Risk,Continue regular engagement
2233-TXSIU,17,44.45,792.15,DSL,One year,No,3,0.039760165357669144,No,Normal Risk,Continue regular engagement
9644-UMGQA,6,49.15,295.65,DSL,Month-to-month,No,1,0.30612783141055316,No,Normal Risk,Continue regular engagement
3256-EZDBI,51,29.45,1459.35,DSL,Month-to-month,No,1,0.07247685206425881,No,Normal Risk,Continue regular engagement
8761-NSOBC,44,100.55,4398.15,Fiber optic,Month-to-month,Yes,4,0.5425111744404196,Yes,Normal Risk,Continue regular engagement
0419-YAAPX,49,85.3,4297.95,Fiber optic,Month-to-month,No,2,0.40380338577235453,No,Normal Risk,Continue regular engagement
8413-VONUO,2,95.65,167.3,Fiber optic,Month-to-month,Yes,3,0.8357958851083157,Yes,High Risk,Offer contract upgrade discount
0872-CASZJ,59,69.1,4096.9,DSL,One year,No,3,0.024863365006609735,No,Normal Risk,Continue regular engagement
4726-DLWQN,50,70.35,3454.6,DSL,Month-to-month,No,3,0.1987043622393354,No,Normal Risk,Continue regular engagement
8164-OCKUJ,59,20.6,1286.0,No,Two year,No,0,0.004864982587612942,No,Normal Risk,Continue regular engagement
3094-JOJAI,18,74.15,1387.0,Fiber optic,Month-to-month,No,0,0.5684922969665276,Yes,Normal Risk,Continue regular engagement
9494-MRNYX,10,75.05,786.3,Fiber optic,Month-to-month,No,0,0.8215362276903146,Yes,High Risk,Offer contract upgrade discount
2599-CZABP,14,44.6,641.25,DSL,One year,No,0,0.19864461541716508,No,Normal Risk,Continue regular engagement
7945-PRBVF,35,21.45,705.45,No,Two year,No,0,0.04965770515636793,No,Normal Risk,Continue regular engagement
4544-RXFMG,8,43.45,345.5,DSL,One year,No,0,0.16227361553975203,No,Normal Risk,Continue regular engagement
0859-YGKFW,18,20.05,345.9,No,One year,No,0,0.05556182981076068,No,Normal Risk,Continue regular engagement
1150-FTQGN,60,94.15,5811.8,Fiber optic,One year,No,3,0.16758724095664507,No,Normal Risk,Continue regular engagement
9223-UCPVT,1,94.4,94.4,Fiber optic,Month-to-month,Yes,3,0.8782267265727758,Yes,High Risk,Offer contract upgrade discount
7196-LIWRH,6,19.55,124.45,No,Two year,No,0,0.11806492452328865,No,Normal Risk,Continue regular engagement
5448-VWNAM,19,75.9,1375.6,DSL,Month-to-month,No,4,0.08283717222699456,No,Normal Risk,Continue regular engagement
1177-XZBJL,53,64.15,3491.55,DSL,One year,No,3,0.016668251375826334,No,Normal Risk,Continue regular engagement
3518-FSTWG,72,109.55,7920.7,Fiber optic,Two year,No,5,0.1435422314685454,No,Normal Risk,Continue regular engagement
9330-VOFSZ,60,110.8,6640.7,Fiber optic,Two year,No,5,0.11847551491255326,No,Normal Risk,Continue regular engagement
4351-QLCSU,1,55.0,55.0,DSL,Month-to-month,Yes,1,0.688290552246872,Yes,Normal Risk,Continue regular engagement
0939-EREMR,13,53.45,718.1,DSL,Month-to-month,No,2,0.13704538463825156,No,Normal Risk,Continue regular engagement
9389-ACWBI,5,69.95,320.4,Fiber optic,Month-to-month,No,0,0.6118357665964707,Yes,Normal Risk,Continue regular engagement
5419-JPRRN,1,101.45,101.45,Fiber optic,Month-to-month,Yes,3,0.8699908546902926,Yes,High Risk,Offer contract upgrade discount
3644-QXEHN,13,97.0,1334.45,Fiber optic,Month-to-month,No,3,0.5915530851711238,Yes,Normal Risk,Continue regular engagement
2911-IJORQ,37,90.6,3358.65,DSL,One year,No,6,0.09111618564134201,No,Normal Risk,Continue regular engagement
5921-NGYRH,64,73.55,4764.0,Fiber optic,Month-to-month,No,1,0.20598055625974776,No,Normal Risk,Continue regular engagement
2100-BDNSN,5,67.95,350.3,DSL,Month-to-month,Yes,3,0.5583705101243593,Yes,Normal Risk,Continue regular engagement
5998-DZLYR,61,94.35,5703.0,Fiber optic,Two year,No,3,0.19076787651104507,No,Normal Risk,Continue regular engagement
0488-GSLFR,1,69.5,69.5,Fiber optic,Month-to-month,Yes,0,0.8804327534382397,Yes,High Risk,Offer contract upgrade discount
9318-NKNFC,1,18.85,18.85,No,Month-to-month,Yes,0,0.37355101356382514,No,Normal Risk,Continue regular engagement
3985-HOYPM,26,19.4,525.55,No,One year,No,0,0.04645707952817222,No,Normal Risk,Continue regular engagement
9728-FTTVZ,1,69.2,69.2,Fiber optic,Month-to-month,Yes,0,0.8780787960940242,Yes,High Risk,Offer contract upgrade discount
9548-LERKT,24,19.75,483.15,No,Two year,No,0,0.020906346662270245,No,Normal Risk,Continue regular engagement
6576-FBXOJ,17,54.6,934.8,DSL,One year,No,4,0.15388994880244317,No,Normal Risk,Continue regular engagement
4310-KEDTB,26,29.8,786.5,DSL,Month-to-month,No,1,0.24838035795448335,No,Normal Risk,Continue regular engagement
7254-IQWOZ,1,69.65,69.65,Fiber optic,Month-to-month,Yes,0,0.8510268232556945,Yes,High Risk,Offer contract upgrade discount
2474-BRUCM,40,101.85,4086.3,Fiber optic,Month-to-month,Yes,3,0.537625855366642,Yes,Normal Risk,Continue regular engagement
4062-HBMOS,52,103.05,5364.8,Fiber optic,Month-to-month,No,4,0.6065723119036843,Yes,Normal Risk,Continue regular engagement
0742-NXBGR,1,82.3,82.3,Fiber optic,Month-to-month,Yes,2,0.8189804335220141,Yes,High Risk,Offer contract upgrade discount
2676-ISHSF,1,20.3,20.3,No,Month-to-month,No,0,0.3823117193575313,No,Normal Risk,Continue regular engagement
9236-NDUCW,21,35.1,770.4,DSL,Two year,No,2,0.04072940502998946,No,Normal Risk,Continue regular engagement
4753-PADAS,67,105.7,6816.95,Fiber optic,One year,No,4,0.47285639917646494,No,Normal Risk,Continue regular engagement
6103-QCKFX,44,56.25,2419.55,DSL,Month-to-month,No,2,0.10049848832537055,No,Normal Risk,Continue regular engagement
7781-EWARA,70,60.35,4138.7,DSL,One year,No,5,0.022517132955185606,No,Normal Risk,Continue regular engagement
6110-OHIHY,3,79.25,267.6,Fiber optic,Month-to-month,Yes,1,0.853660498791928,Yes,High Risk,Offer contract upgrade discount
7018-FPXHH,56,59.8,3457.45,DSL,Two year,No,3,0.0145233506411189,No,Normal Risk,Continue regular engagement
5889-LFOLL,13,84.6,1115.2,Fiber optic,Month-to-month,Yes,1,0.7991854890575318,Yes,High Risk,Offer contract upgrade discount
5708-EVONK,58,93.4,5435.6,Fiber optic,Month-to-month,Yes,3,0.3561333207015807,No,Normal Risk,Continue regular engagement
8708-XPXHZ,42,94.2,4186.3,Fiber optic,Month-to-month,Yes,2,0.6555415058282708,Yes,Normal Risk,Continue regular engagement
0616-ATFGB,1,25.05,25.05,DSL,Month-to-month,Yes,0,0.6724234509296128,Yes,Normal Risk,Continue regular engagement
0572-ZJKLT,46,99.65,4630.2,Fiber optic,Two year,No,4,0.039410136259497394,No,Normal Risk,Continue regular engagement
5135-RDDQL,63,50.65,3221.25,DSL,Two year,No,1,0.02599316990269928,No,Normal Risk,Continue regular engagement
1353-LJWEM,11,60.9,688.5,DSL,Month-to-month,No,3,0.3627381571820599,No,Normal Risk,Continue regular engagement
1794-SWWKL,15,59.65,867.1,DSL,Month-to-month,No,2,0.1898730136968054,No,Normal Risk,Continue regular engagement
6166-YIPFO,72,64.7,4746.05,DSL,Two year,No,6,0.013630701442773546,No,Normal Risk,Continue regular engagement
7016-BPGEU,29,25.1,712.85,DSL,Month-to-month,Yes,0,0.3670329178937781,No,Normal Risk,Continue regular engagement
6876-ADESB,1,48.95,48.95,DSL,Month-to-month,Yes,1,0.48853200728579377,No,Normal Risk,Continue regular engagement
9332-GYWLO,6,54.85,355.1,DSL,Month-to-month,No,1,0.5809549879766243,Yes,Normal Risk,Continue regular engagement
1963-SVUCV,1,45.3,45.3,DSL,Month-to-month,Yes,0,0.7136981649629349,Yes,High Risk,Offer contract upgrade discount
4184-VODJZ,63,91.35,5764.7,Fiber optic,One year,No,2,0.19721599784567195,No,Normal Risk,Continue regular engagement
0220-EBGCE,2,85.85,167.3,Fiber optic,Month-to-month,Yes,2,0.8497519403602368,Yes,High Risk,Offer contract upgrade discount
1092-WPIVQ,18,25.1,428.45,No,Two year,No,0,0.01956446679241739,No,Normal Risk,Continue regular engagement
7233-IOQNP,43,34.0,1505.35,DSL,Month-to-month,No,2,0.14856159156624235,No,Normal Risk,Continue regular engagement
2834-JKOOW,15,45.9,693.45,DSL,One year,No,4,0.04715853049706843,No,Normal Risk,Continue regular engagement
2754-VDLTR,10,95.2,930.4,Fiber optic,Month-to-month,Yes,2,0.7895426347269404,Yes,High Risk,Offer contract upgrade discount
2400-FEQME,55,20.5,1177.95,No,Two year,No,0,0.004300161869997171,No,Normal Risk,Continue regular engagement
3190-XFANI,49,100.6,5069.65,Fiber optic,One year,Yes,3,0.367975960624875,No,Normal Risk,Continue regular engagement
7551-DACSP,6,55.3,324.25,DSL,Month-to-month,Yes,2,0.24812082168668004,No,Normal Risk,Continue regular engagement
4957-SREEC,70,20.35,1458.1,No,Two year,No,0,0.0020051016099526028,No,Normal Risk,Continue regular engagement
7235-NXZCP,2,74.85,156.4,Fiber optic,Month-to-month,Yes,0,0.735666904509264,Yes,High Risk,Offer contract upgrade discount
0230-UBYPQ,63,36.1,2298.9,DSL,One year,No,2,0.022669327390718457,No,Normal Risk,Continue regular engagement
4923-ADWXJ,25,65.8,1679.65,DSL,Month-to-month,No,3,0.4475866737361912,No,Normal Risk,Continue regular engagement
1763-KUAAW,18,20.35,369.6,No,One year,No,0,0.12375995182637395,No,Normal Risk,Continue regular engagement
1104-TNLZA,28,105.8,2998.0,Fiber optic,Month-to-month,No,4,0.4792215952938595,No,Normal Risk,Continue regular engagement
5195-KPUNQ,53,96.75,5206.55,Fiber optic,One year,No,4,0.1109828913375693,No,Normal Risk,Continue regular engagement
0520-FDVVT,35,102.35,3626.1,Fiber optic,One year,Yes,4,0.5682886477368508,Yes,Normal Risk,Continue regular engagement
3439-GVUSX,1,24.4,24.4,DSL,Month-to-month,No,0,0.6801319673869134,Yes,Normal Risk,Continue regular engagement
1444-VVSGW,70,115.65,7968.85,Fiber optic,One year,Yes,6,0.0760007600753495,No,Normal Risk,Continue regular engagement
5712-PTIWW,2,79.85,152.45,Fiber optic,Month-to-month,Yes,2,0.6898068074967879,Yes,Normal Risk,Continue regular engagement
5949-HGVJL,26,73.05,1959.5,DSL,Month-to-month,No,4,0.29989485008598193,No,Normal Risk,Continue regular engagement
5203-XEHAX,34,64.35,2053.05,DSL,One year,No,3,0.10640121902720817,No,Normal Risk,Continue regular engagement
1635-HDGFT,19,20.5,398.55,No,Two year,No,0,0.025025276587799555,No,Normal Risk,Continue regular engagement
3315-TOTBP,15,76.0,1130.85,Fiber optic,Month-to-month,Yes,0,0.6276018527297236,Yes,Normal Risk,Continue regular engagement
8050-XGRVL,62,54.75,3425.35,DSL,One year,No,2,0.013052657994910557,No,Normal Risk,Continue regular engagement
6661-HBGWL,42,104.75,4323.45,Fiber optic,Month-to-month,Yes,4,0.7326477317518758,Yes,High Risk,Offer contract upgrade discount
1518-VOWAV,9,74.65,703.55,DSL,Month-to-month,Yes,4,0.558242032203978,Yes,Normal Risk,Continue regular engagement
9828-QHFBK,24,51.15,1275.7,DSL,Month-to-month,No,1,0.2857681278760466,No,Normal Risk,Continue regular engagement
3908-MKIMJ,68,41.95,2965.75,DSL,Two year,No,3,0.010459813797984593,No,Normal Risk,Continue regular engagement
5012-YSPJJ,31,54.35,1647.0,DSL,Month-to-month,No,2,0.06714570005874043,No,Normal Risk,Continue regular engagement
5909-ECHUI,1,56.25,56.25,DSL,Month-to-month,Yes,1,0.8180763501252141,Yes,High Risk,Offer contract upgrade discount
1309-BXVOQ,21,106.1,2249.95,Fiber optic,Month-to-month,Yes,4,0.5609798064011431,Yes,Normal Risk,Continue regular engagement
6728-VOIFY,63,96.0,6109.75,Fiber optic,One year,No,3,0.43427348854112685,No,Normal Risk,Continue regular engagement
9317-WZPGV,2,79.75,159.4,Fiber optic,Month-to-month,Yes,1,0.9097687932711547,Yes,High Risk,Offer contract upgrade discount
4891-NLUBA,61,61.45,3751.15,DSL,Two year,No,5,0.03813088760543277,No,Normal Risk,Continue regular engagement
2856-HYAPG,1,68.65,68.65,Fiber optic,Month-to-month,Yes,0,0.8657398256863305,Yes,High Risk,Offer contract upgrade discount
8969-PRHFK,18,19.65,411.25,No,One year,No,0,0.05677469553932251,No,Normal Risk,Continue regular engagement
0661-KQHNK,6,19.0,105.5,No,One year,No,0,0.07510164800568211,No,Normal Risk,Continue regular engagement
8709-KRDVL,33,100.0,3320.6,Fiber optic,Month-to-month,No,3,0.7679075161195942,Yes,High Risk,Offer contract upgrade discount
4488-PSYCG,16,20.25,327.45,No,Month-to-month,Yes,0,0.29268819869760315,No,Normal Risk,Continue regular engagement
1427-VERSM,56,98.7,5669.5,Fiber optic,Month-to-month,No,4,0.5536962627399717,Yes,Normal Risk,Continue regular engagement
9801-NOSHQ,23,19.8,465.45,No,One year,No,0,0.026383703928560237,No,Normal Risk,Continue regular engagement
6339-YPSAH,9,73.8,704.3,Fiber optic,Month-to-month,No,1,0.7828606108198318,Yes,High Risk,Offer contract upgrade discount
3621-CEOVK,14,100.2,1369.8,Fiber optic,Month-to-month,Yes,3,0.6635274461279214,Yes,Normal Risk,Continue regular engagement
6906-ANDWJ,15,74.9,1107.25,Fiber optic,Month-to-month,Yes,0,0.6000576552692987,Yes,Normal Risk,Continue regular engagement
2159-TURXX,5,20.05,95.55,No,Month-to-month,No,0,0.3084984843417684,No,Normal Risk,Continue regular engagement
1548-FEHVL,61,106.2,6375.2,Fiber optic,Month-to-month,No,4,0.4811495015005681,No,Normal Risk,Continue regular engagement
3795-CAWEX,70,116.55,8152.3,Fiber optic,Two year,No,6,0.03185393796088569,No,Normal Risk,Continue regular engagement
6215-NQCPY,15,99.7,1566.75,Fiber optic,Month-to-month,No,3,0.6475355223892213,Yes,Normal Risk,Continue regular engagement
5647-URDKA,8,19.7,130.25,No,Two year,No,0,0.039220775130952366,No,Normal Risk,Continue regular engagement
2229-DPMBI,8,19.5,162.15,No,Two year,No,0,0.05043198006296616,No,Normal Risk,Continue regular engagement
9626-WEQRM,4,29.15,110.05,DSL,Month-to-month,No,1,0.55556691846885,Yes,Normal Risk,Continue regular engagement
2188-SXWVT,34,55.0,1885.15,DSL,One year,No,2,0.059761580638065484,No,Normal Risk,Continue regular engagement
6258-PVZWJ,68,90.8,6302.85,DSL,Two year,No,6,0.013017668611920394,No,Normal Risk,Continue regular engagement
1094-BKOSX,45,51.0,2264.5,DSL,One year,No,4,0.05924870383028089,No,Normal Risk,Continue regular engagement
6969-MVBAI,9,90.1,816.8,Fiber optic,Month-to-month,No,2,0.8220606674467349,Yes,High Risk,Offer contract upgrade discount
2978-XXSOG,22,59.05,1253.5,DSL,Month-to-month,No,2,0.1356908187393855,No,Normal Risk,Continue regular engagement
2342-CKIAO,2,20.3,41.2,No,Month-to-month,No,0,0.4367512896999622,No,Normal Risk,Continue regular engagement
6953-PBDIN,70,72.95,5265.55,DSL,Two year,No,4,0.02647861305307976,No,Normal Risk,Continue regular engagement
3898-BSJYF,10,73.55,693.3,DSL,One year,No,4,0.05587919534185833,No,Normal Risk,Continue regular engagement
3938-YFPXD,72,84.3,5997.1,DSL,Two year,No,5,0.015554256903880645,No,Normal Risk,Continue regular engagement
7696-AMHOD,49,78.0,3824.2,DSL,One year,No,4,0.06456673779965642,No,Normal Risk,Continue regular engagement
2453-SAFNS,54,72.1,3886.05,DSL,One year,No,3,0.05496280298941405,No,Normal Risk,Continue regular engagement
9558-IHEZX,71,106.75,7283.25,Fiber optic,Two year,No,5,0.08403127135243711,No,Normal Risk,Continue regular engagement
9617-UDPEU,22,19.25,412.55,No,One year,No,0,0.06319212517309998,No,Normal Risk,Continue regular engagement
6340-DACFT,50,20.55,1070.25,No,Two year,No,0,0.0058985593143836565,No,Normal Risk,Continue regular engagement
4955-VCWBI,43,20.0,817.95,No,One year,No,0,0.014056167615509587,No,Normal Risk,Continue regular engagement
6813-GZQCG,45,24.65,1171.3,No,Two year,No,0,0.007571444245707766,No,Normal Risk,Continue regular engagement
7426-GSWPO,64,103.5,6548.65,Fiber optic,Month-to-month,No,4,0.5070134996138244,Yes,Normal Risk,Continue regular engagement
3389-KTRXV,23,23.85,625.65,No,Two year,No,0,0.015271079763809866,No,Normal Risk,Continue regular engagement
3118-UHVVQ,68,25.8,1911.5,No,Two year,No,0,0.006213024059862328,No,Normal Risk,Continue regular engagement
1031-IIDEO,1,70.85,70.85,Fiber optic,Month-to-month,Yes,0,0.8905444197878685,Yes,High Risk,Offer contract upgrade discount
5832-XKAES,2,69.8,134.7,Fiber optic,Month-to-month,Yes,0,0.7609499718177071,Yes,High Risk,Offer contract upgrade discount
3205-MXZRA,26,59.45,1507.0,DSL,One year,No,2,0.08716849078119852,No,Normal Risk,Continue regular engagement
4701-AHWMW,55,54.55,2978.3,DSL,Month-to-month,Yes,4,0.2505363910085556,No,Normal Risk,Continue regular engagement
8317-BVKSO,14,20.05,299.3,No,Month-to-month,No,0,0.2441505339889558,No,Normal Risk,Continue regular engagement
5702-KVQRD,71,82.55,5832.65,DSL,Two year,No,5,0.02933756279637048,No,Normal Risk,Continue regular engagement
0083-PIVIK,64,81.25,5567.55,DSL,One year,No,5,0.03582032119799886,No,Normal Risk,Continue regular engagement
9210-IAHGH,7,70.75,450.8,DSL,Month-to-month,Yes,3,0.5565500572593056,Yes,Normal Risk,Continue regular engagement
6169-PGNCD,57,74.3,4166.35,DSL,Two year,No,5,0.012023822032759948,No,Normal Risk,Continue regular engagement
0023-XUOPT,13,94.1,1215.6,Fiber optic,Month-to-month,Yes,3,0.5801287989224856,Yes,Normal Risk,Continue regular engagement
4592-IWTJI,3,29.7,91.7,DSL,Month-to-month,Yes,1,0.32012725076320514,No,Normal Risk,Continue regular engagement
4909-JOUPP,72,109.7,7898.45,Fiber optic,Two year,No,5,0.06005782916692667,No,Normal Risk,Continue regular engagement
4657-FWVFY,40,96.35,3915.4,Fiber optic,Month-to-month,No,3,0.33958165986407823,No,Normal Risk,Continue regular engagement
2257-BOVXD,14,66.6,979.5,DSL,Month-to-month,No,2,0.2354166960608006,No,Normal Risk,Continue regular engagement
7729-JTEEC,2,44.5,90.05,DSL,Month-to-month,No,0,0.5136366056927189,Yes,Normal Risk,Continue regular engagement
7632-MNYOY,66,110.9,7432.05,Fiber optic,One year,Yes,5,0.14451392420519618,No,Normal Risk,Continue regular engagement
6518-LGAOV,38,105.0,4026.4,Fiber optic,Month-to-month,Yes,4,0.6170165720515474,Yes,Normal Risk,Continue regular engagement
7242-QZLXF,1,25.3,25.3,DSL,Month-to-month,Yes,0,0.6740477068336548,Yes,Normal Risk,Continue regular engagement
4576-CSAJH,22,55.15,1193.05,DSL,One year,Yes,2,0.0536168196575793,No,Normal Risk,Continue regular engagement
1000-AJSLD,1,20.1,20.1,No,Month-to-month,Yes,0,0.39541073279469313,No,Normal Risk,Continue regular engagement
9696-RMYBA,5,80.1,398.55,Fiber optic,Month-to-month,No,1,0.8063201472420238,Yes,High Risk,Offer contract upgrade discount
8690-UPCZI,29,69.05,1958.45,DSL,One year,No,3,0.0479045240614426,No,Normal Risk,Continue regular engagement
1062-LHZOD,1,69.9,69.9,Fiber optic,Month-to-month,Yes,0,0.6211427342319983,Yes,Normal Risk,Continue regular engagement
9770-LXDBK,3,20.4,63.15,No,Month-to-month,No,0,0.4289502650306154,No,Normal Risk,Continue regular engagement
4086-WITJG,71,19.7,1301.1,No,Two year,No,0,0.0017102511677541316,No,Normal Risk,Continue regular engagement
8344-WFMFH,9,50.1,484.05,DSL,Month-to-month,No,1,0.43626717180472024,No,Normal Risk,Continue regular engagement
9600-NAXZN,43,101.4,4528.0,Fiber optic,Month-to-month,Yes,3,0.7394542313522017,Yes,High Risk,Offer contract upgrade discount
8822-KNBHV,48,83.45,3887.85,DSL,One year,No,5,0.05755803125622593,No,Normal Risk,Continue regular engagement
8404-FYDIB,26,86.65,2208.75,Fiber optic,Month-to-month,No,2,0.33391854571103513,No,Normal Risk,Continue regular engagement
2791-SFVEW,9,20.15,238.15,No,Month-to-month,No,0,0.572601835999173,Yes,Normal Risk,Continue regular engagement
6457-USBER,1,80.8,80.8,Fiber optic,Month-to-month,Yes,1,0.8821100479321274,Yes,High Risk,Offer contract upgrade discount
6762-NSODU,46,19.4,958.15,No,Two year,No,0,0.006274383128991472,No,Normal Risk,Continue regular engagement
4662-EKDPQ,2,62.05,118.3,DSL,Month-to-month,Yes,1,0.8261510334689031,Yes,High Risk,Offer contract upgrade discount
9248-OJYKK,1,76.45,76.45,Fiber optic,Month-to-month,Yes,0,0.8297030258122495,Yes,High Risk,Offer contract upgrade discount
9888-ZCUMM,64,60.05,3845.45,DSL,Two year,No,5,0.01776894635435072,No,Normal Risk,Continue regular engagement
3398-FSHON,12,91.3,1094.5,Fiber optic,Month-to-month,Yes,2,0.8069089139730625,Yes,High Risk,Offer contract upgrade discount
3319-DWOEP,6,95.75,573.75,Fiber optic,Month-to-month,Yes,3,0.7898406871676041,Yes,High Risk,Offer contract upgrade discount
1074-WVEVG,59,20.35,1267.0,No,One year,No,0,0.014481381159074505,No,Normal Risk,Continue regular engagement
9979-RGMZT,7,94.05,633.45,Fiber optic,One year,No,3,0.588807415192083,Yes,Normal Risk,Continue regular engagement
6437-UDQJM,72,84.1,6129.65,DSL,Two year,No,5,0.01732206654107072,No,Normal Risk,Continue regular engagement
1226-IENZN,16,78.75,1218.25,Fiber optic,Month-to-month,No,1,0.6734832888845901,Yes,Normal Risk,Continue regular engagement
2108-GLPQB,25,55.55,1405.3,DSL,Month-to-month,No,1,0.21930828160330215,No,Normal Risk,Continue regular engagement
9259-PACGQ,34,62.65,2274.9,DSL,Month-to-month,Yes,3,0.09177326233438508,No,Normal Risk,Continue regular engagement
4415-IJZTP,1,74.5,74.5,Fiber optic,Month-to-month,Yes,0,0.8770935134600063,Yes,High Risk,Offer contract upgrade discount
1465-VINDH,10,102.1,1068.85,Fiber optic,Month-to-month,Yes,4,0.49097331079265827,No,Normal Risk,Continue regular engagement
5474-LAMUQ,24,20.1,533.9,No,One year,No,0,0.03680311002220974,No,Normal Risk,Continue regular engagement
3468-DRVQJ,10,70.3,676.15,DSL,One year,No,3,0.12910641436878312,No,Normal Risk,Continue regular engagement
1122-YJBCS,69,53.65,3804.4,DSL,One year,No,2,0.01274075430169113,No,Normal Risk,Continue regular engagement
4990-ALDGW,57,20.75,1118.8,No,Two year,No,0,0.008956891702778346,No,Normal Risk,Continue regular engagement
4816-OKWNX,50,103.4,5236.4,Fiber optic,One year,No,5,0.16840880591006419,No,Normal Risk,Continue regular engagement
3315-IKYZQ,28,50.8,1386.8,DSL,One year,No,4,0.022901432415364607,No,Normal Risk,Continue regular engagement
2810-FTLEM,16,50.15,762.25,DSL,Month-to-month,Yes,1,0.3662521648384777,No,Normal Risk,Continue regular engagement
4747-LCAQL,25,79.0,1902.0,DSL,Month-to-month,No,5,0.12630185650459388,No,Normal Risk,Continue regular engagement
3411-WLRSQ,3,74.6,239.05,Fiber optic,Month-to-month,No,1,0.8063680391376695,Yes,High Risk,Offer contract upgrade discount
0898-XCGTF,61,96.5,5673.7,Fiber optic,One year,No,2,0.5519452816030476,Yes,Normal Risk,Continue regular engagement
8006-PYCSW,2,20.1,39.8,No,Month-to-month,No,0,0.43299907833993195,No,Normal Risk,Continue regular engagement
8249-THVEC,51,19.4,997.75,No,One year,No,0,0.007608032228562571,No,Normal Risk,Continue regular engagement
8722-PRFDV,71,77.55,5574.35,DSL,Two year,No,4,0.019827953846324624,No,Normal Risk,Continue regular engagement
2164-SOQXL,20,20.05,406.05,No,Month-to-month,No,0,0.07968430560109989,No,Normal Risk,Continue regular engagement
4020-KIUDI,6,19.85,138.85,No,Month-to-month,No,0,0.1554616729105699,No,Normal Risk,Continue regular engagement
7558-IMLMT,67,20.8,1411.9,No,Two year,No,0,0.002916936220336763,No,Normal Risk,Continue regular engagement
5850-BDWCY,6,20.2,123.65,No,Month-to-month,No,0,0.39642392825722095,No,Normal Risk,Continue regular engagement
2038-YSEZE,29,67.45,1801.1,DSL,Month-to-month,No,3,0.11217938573201307,No,Normal Risk,Continue regular engagement
0827-ITJPH,36,18.55,689.0,No,Two year,No,0,0.01612286408623208,No,Normal Risk,Continue regular engagement
8799-OXZMD,28,29.75,790.7,DSL,Month-to-month,No,1,0.3510741325975882,No,Normal Risk,Continue regular engagement
1925-TIBLE,7,86.5,582.5,Fiber optic,Month-to-month,Yes,1,0.8717800183486036,Yes,High Risk,Offer contract upgrade discount
1705-GUHPV,63,24.2,1618.2,No,Two year,No,0,0.009242905479567383,No,Normal Risk,Continue regular engagement
4779-ZGICK,48,23.55,1173.35,No,Two year,No,0,0.00503016025845039,No,Normal Risk,Continue regular engagement
0048-PIHNL,49,20.45,900.9,No,One year,No,0,0.044498283797783235,No,Normal Risk,Continue regular engagement
0818-OCPZO,27,81.45,2122.05,Fiber optic,Month-to-month,Yes,1,0.5654332966480258,Yes,Normal Risk,Continue regular engagement
3967-KXAPS,72,92.3,6719.9,DSL,Two year,No,6,0.013239554249504189,No,Normal Risk,Continue regular engagement
1447-GIQMR,1,69.15,69.15,Fiber optic,Month-to-month,Yes,0,0.8110148763037842,Yes,High Risk,Offer contract upgrade discount
3704-IEAXF,72,53.65,3784.0,DSL,Two year,No,4,0.008928772128496026,No,Normal Risk,Continue regular engagement
6810-VCAEX,47,39.65,1798.65,DSL,One year,No,3,0.019475465605264215,No,Normal Risk,Continue regular engagement
0674-EYYZV,1,54.65,54.65,DSL,Month-to-month,No,1,0.7925554655885116,Yes,High Risk,Offer contract upgrade discount
4480-MBMLB,36,104.8,3886.45,Fiber optic,One year,No,4,0.5930015099702941,Yes,Normal Risk,Continue regular engagement
1395-OFUWC,43,29.3,1224.05,DSL,Month-to-month,No,1,0.06468069902370106,No,Normal Risk,Continue regular engagement
0822-QGCXA,27,83.85,2310.2,DSL,Month-to-month,No,5,0.20920127915533138,No,Normal Risk,Continue regular engagement
0872-NXJYS,9,79.55,723.4,Fiber optic,Month-to-month,Yes,1,0.887119413331949,Yes,High Risk,Offer contract upgrade discount
2832-KJCRD,38,103.65,3988.5,Fiber optic,Month-to-month,No,4,0.6482674649366977,Yes,Normal Risk,Continue regular engagement
3588-WSTTJ,35,99.05,3554.6,Fiber optic,Month-to-month,No,3,0.635006118455046,Yes,Normal Risk,Continue regular engagement
4075-WKNIU,0,73.35,,DSL,Two year,No,4,0.04681988094249289,No,Normal Risk,Continue regular engagement
5090-EMGTC,59,100.05,6034.85,Fiber optic,Two year,No,4,0.14088767067378602,No,Normal Risk,Continue regular engagement
2346-CZYIL,27,20.35,531.6,No,Two year,No,0,0.024591702636504308,No,Normal Risk,Continue regular engagement
3798-EPWRR,2,43.95,85.1,DSL,Month-to-month,No,0,0.6870521813955508,Yes,Normal Risk,Continue regular engagement
6258-NGCNG,7,23.5,173.0,No,Month-to-month,No,0,0.2949012559777587,No,Normal Risk,Continue regular engagement
4186-ZBUEW,36,70.7,2511.95,DSL,One year,No,3,0.09414744550627657,No,Normal Risk,Continue regular engagement
5274-XHAKY,41,94.3,3893.6,Fiber optic,Month-to-month,No,3,0.4064326924454084,No,Normal Risk,Continue regular engagement
1442-BQPVU,13,29.15,357.15,DSL,Month-to-month,No,1,0.48535138377018316,No,Normal Risk,Continue regular engagement
3978-YNKDD,19,20.85,467.5,No,Two year,No,0,0.017614536578847474,No,Normal Risk,Continue regular engagement
4940-KHCWD,60,37.7,2288.7,DSL,Two year,No,3,0.013240501788401126,No,Normal Risk,Continue regular engagement
9412-ARGBX,48,95.5,4627.85,Fiber optic,Two year,Yes,4,0.06852573894972007,No,Normal Risk,Continue regular engagement
1389-CXMLU,3,91.05,289.1,Fiber optic,Month-to-month,Yes,2,0.7924595969979643,Yes,High Risk,Offer contract upgrade discount
9589-ABEPT,69,92.45,6460.55,Fiber optic,Two year,No,3,0.058084383995934644,No,Normal Risk,Continue regular engagement
9388-ZEYVT,43,44.15,1931.3,DSL,One year,No,3,0.08909741894812205,No,Normal Risk,Continue regular engagement
0305-SQECB,11,36.05,402.6,DSL,One year,No,2,0.10657005322690595,No,Normal Risk,Continue regular engagement
7605-SNLQG,45,50.25,2221.55,DSL,Month-to-month,No,1,0.1745974733437168,No,Normal Risk,Continue regular engagement
4670-TABXH,72,109.75,7758.9,Fiber optic,Two year,No,5,0.07780333586279253,No,Normal Risk,Continue regular engagement
5561-NWEVX,2,79.2,172.85,Fiber optic,Month-to-month,Yes,1,0.7473434897316393,Yes,High Risk,Offer contract upgrade discount
0064-SUDOG,12,20.3,224.5,No,Two year,No,0,0.09716188207278861,No,Normal Risk,Continue regular engagement
8561-NMTBD,67,112.35,7388.45,Fiber optic,One year,No,5,0.12113421628605454,No,Normal Risk,Continue regular engagement
5161-XEUVX,37,94.3,3460.95,Fiber optic,Two year,No,3,0.09613978945574615,No,Normal Risk,Continue regular engagement
8292-FRFZQ,39,41.15,1700.9,DSL,One year,No,3,0.07568512493170226,No,Normal Risk,Continue regular engagement
8591-NXRCV,41,74.65,3090.65,DSL,Month-to-month,No,4,0.24847879490612657,No,Normal Risk,Continue regular engagement
7895-VONWT,25,48.25,1293.8,DSL,Month-to-month,No,3,0.590684903238477,Yes,Normal Risk,Continue regular engagement
4526-RMTLL,8,76.15,645.8,DSL,Two year,No,4,0.024225595920856033,No,Normal Risk,Continue regular engagement
6253-GNHWH,71,71.1,5224.95,DSL,Two year,No,4,0.004268792536888742,No,Normal Risk,Continue regular engagement
4566-NECEV,5,96.55,500.1,Fiber optic,Month-to-month,No,3,0.7762640072602248,Yes,High Risk,Offer contract upgrade discount
8080-POTJR,30,79.3,2427.1,DSL,One year,No,4,0.11580280573252537,No,Normal Risk,Continue regular engagement
6906-MPARY,40,89.6,3488.15,Fiber optic,One year,No,3,0.1514249882028791,No,Normal Risk,Continue regular engagement
3662-FXJFO,54,20.5,1035.7,No,Two year,No,0,0.01366094096470082,No,Normal Risk,Continue regular engagement
8107-RZLNV,72,106.3,7565.35,Fiber optic,Two year,No,4,0.3095436859067763,No,Normal Risk,Continue regular engagement
0516-OOHAR,28,100.35,2799.0,Fiber optic,One year,No,4,0.31414170392691904,No,Normal Risk,Continue regular engagement
2027-CWDNU,18,85.6,1601.5,Fiber optic,Month-to-month,No,2,0.4174617755638385,No,Normal Risk,Continue regular engagement
2737-WFVYW,2,45.25,85.5,DSL,Month-to-month,Yes,2,0.8667008085789587,Yes,High Risk,Offer contract upgrade discount
9912-OMZDS,59,106.15,6256.2,Fiber optic,One year,No,4,0.28967270372260934,No,Normal Risk,Continue regular engagement
3733-ZEECP,22,51.1,1232.9,DSL,Month-to-month,No,1,0.165778721489621,No,Normal Risk,Continue regular engagement
7878-RTCZG,1,19.9,19.9,No,Month-to-month,No,0,0.4392101818603537,No,Normal Risk,Continue regular engagement
2452-MRMZF,72,25.7,1937.4,No,Two year,No,0,0.0042577791958929734,No,Normal Risk,Continue regular engagement
2272-QAGFO,14,74.3,1096.25,Fiber optic,Month-to-month,Yes,0,0.7030331876474626,Yes,High Risk,Offer contract upgrade discount
7103-IPXPJ,50,99.4,5059.75,Fiber optic,One year,No,3,0.31072596790612533,No,Normal Risk,Continue regular engagement
4342-HFXWS,48,69.7,3023.65,DSL,One year,No,4,0.03245182889258328,No,Normal Risk,Continue regular engagement
3545-CNWRG,49,98.35,4889.2,Fiber optic,Month-to-month,No,3,0.5254688654674895,Yes,Normal Risk,Continue regular engagement
1785-BPHTP,28,85.45,2289.9,Fiber optic,Month-to-month,No,2,0.47177057237911013,No,Normal Risk,Continue regular engagement
4989-LIXVT,68,95.9,6503.2,Fiber optic,Month-to-month,No,3,0.4845196185267983,No,Normal Risk,Continue regular engagement
7315-WYOAW,13,100.75,1313.25,Fiber optic,Month-to-month,No,3,0.6624244416015095,Yes,Normal Risk,Continue regular engagement
1173-XZPYF,11,89.2,990.3,Fiber optic,Month-to-month,No,2,0.845439592734852,Yes,High Risk,Offer contract upgrade discount
9850-OWRHQ,3,74.1,228.0,Fiber optic,Month-to-month,Yes,0,0.7462416426518648,Yes,High Risk,Offer contract upgrade discount
3768-NLUBH,57,100.6,5746.15,Fiber optic,Month-to-month,Yes,3,0.5944295173656126,Yes,Normal Risk,Continue regular engagement
8676-TRMJS,3,75.0,209.1,Fiber optic,Month-to-month,Yes,0,0.7683211134168955,Yes,High Risk,Offer contract upgrade discount
2509-TFPJU,72,25.75,1864.2,No,Two year,No,0,0.0038543175340898985,No,Normal Risk,Continue regular engagement
9530-GRMJG,70,84.1,5979.7,DSL,Two year,No,5,0.018730692314486225,No,Normal Risk,Continue regular engagement
6898-RBTLU,49,79.3,3902.45,DSL,Two year,No,4,0.05100705013811869,No,Normal Risk,Continue regular engagement
5481-NTDOH,67,107.05,7142.5,Fiber optic,One year,No,4,0.1960818157973797,No,Normal Risk,Continue regular engagement
2068-WWXQZ,46,20.05,902.0,No,Two year,No,0,0.029222244679448204,No,Normal Risk,Continue regular engagement
7359-SSBJK,64,70.2,4481.0,DSL,Two year,Yes,4,0.010543994294204296,No,Normal Risk,Continue regular engagement
2061-VVFST,37,19.5,805.2,No,Month-to-month,No,0,0.1691346739830991,No,Normal Risk,Continue regular engagement
0685-MLYYM,2,70.75,154.85,Fiber optic,Month-to-month,Yes,0,0.8512198312618596,Yes,High Risk,Offer contract upgrade discount
0749-IRGQE,13,45.3,528.45,DSL,Month-to-month,No,2,0.5817052844426298,Yes,Normal Risk,Continue regular engagement
2380-DAMQP,72,115.15,8349.7,Fiber optic,Two year,No,6,0.10218952828333408,No,Normal Risk,Continue regular engagement
2256-YLYLP,68,72.95,4953.25,DSL,Two year,No,4,0.028907450616580756,No,Normal Risk,Continue regular engagement
1272-ILHFG,15,19.65,332.65,No,One year,No,0,0.028248879209902062,No,Normal Risk,Continue regular engagement
0164-XAIRP,24,19.55,470.2,No,Two year,No,0,0.07810797287103927,No,Normal Risk,Continue regular engagement
5666-CYCYZ,24,89.55,2259.35,Fiber optic,Month-to-month,No,2,0.6546341303257065,Yes,Normal Risk,Continue regular engagement
4011-ARPHK,27,50.35,1411.35,DSL,Month-to-month,No,1,0.19532315726022959,No,Normal Risk,Continue regular engagement
8182-PNAGI,12,50.25,593.75,DSL,Month-to-month,Yes,1,0.5788499326397469,Yes,Normal Risk,Continue regular engagement
6365-HITVU,71,87.25,6328.7,DSL,Two year,No,6,0.008854953502525633,No,Normal Risk,Continue regular engagement
9488-FYQAU,63,109.25,6841.4,Fiber optic,Two year,No,5,0.22758154128829347,No,Normal Risk,Continue regular engagement
3590-TCXTB,1,20.35,20.35,No,Month-to-month,No,0,0.3831847978088538,No,Normal Risk,Continue regular engagement
6994-KERXL,4,55.9,238.5,DSL,Month-to-month,No,1,0.7581260672768717,Yes,High Risk,Offer contract upgrade discount
7957-RYHQD,40,79.2,3233.85,Fiber optic,Month-to-month,Yes,2,0.2515505372644591,No,Normal Risk,Continue regular engagement
2180-DXNEG,12,96.0,1062.1,Fiber optic,Month-to-month,Yes,3,0.8835869770545685,Yes,High Risk,Offer contract upgrade discount
1960-UOTYM,52,79.2,4016.3,DSL,Two year,No,5,0.018277369064121803,No,Normal Risk,Continue regular engagement
2740-JFBOK,10,24.0,226.55,No,Month-to-month,No,0,0.3868184455085489,No,Normal Risk,Continue regular engagement
6500-JVEGC,68,101.35,7110.75,Fiber optic,One year,No,4,0.26995323288201295,No,Normal Risk,Continue regular engagement
5515-AKOAJ,54,100.1,5440.9,Fiber optic,Month-to-month,Yes,3,0.6917541796293188,Yes,Normal Risk,Continue regular engagement
8976-OQHGT,4,56.5,235.1,DSL,Month-to-month,Yes,2,0.23722214712092535,No,Normal Risk,Continue regular engagement
5245-VDBUR,52,35.45,1958.95,DSL,One year,No,2,0.03533201254569906,No,Normal Risk,Continue regular engagement
6230-BSUXY,1,85.0,85.0,Fiber optic,Month-to-month,Yes,2,0.8440886892489254,Yes,High Risk,Offer contract upgrade discount
8469-SNFFH,70,79.4,5528.9,DSL,One year,No,5,0.026751376582560164,No,Normal Risk,Continue regular engagement
2144-ESWKO,43,35.2,1463.7,DSL,One year,No,2,0.039654330978406996,No,Normal Risk,Continue regular engagement
1241-FPMOF,52,19.65,1025.05,No,Two year,No,0,0.010099969599924938,No,Normal Risk,Continue regular engagement
9928-BZVLZ,12,49.85,552.1,DSL,Two year,No,4,0.09060324190031943,No,Normal Risk,Continue regular engagement
4114-QMKVN,56,68.75,3815.4,DSL,One year,No,3,0.04738439845614682,No,Normal Risk,Continue regular engagement
2775-SEFEE,0,61.9,,DSL,Two year,No,3,0.054391550882982885,No,Normal Risk,Continue regular engagement
9003-CPATH,42,79.9,3313.4,Fiber optic,Month-to-month,No,1,0.5644453857278184,Yes,Normal Risk,Continue regular engagement
1754-GKYPY,22,89.75,1938.9,Fiber optic,Month-to-month,No,2,0.7456778181613752,Yes,High Risk,Offer contract upgrade discount
5294-CDGWY,51,59.3,3014.65,DSL,One year,Yes,5,0.030594535857467547,No,Normal Risk,Continue regular engagement
7956-XQWGU,27,19.4,460.25,No,Month-to-month,No,0,0.10282565921143395,No,Normal Risk,Continue regular engagement
1591-MQJTP,51,93.65,4839.15,Fiber optic,One year,No,3,0.22019804914878008,No,Normal Risk,Continue regular engagement
5295-PCJOO,4,49.4,184.4,DSL,Month-to-month,Yes,1,0.37758481956316287,No,Normal Risk,Continue regular engagement
2369-FEVNO,1,19.9,19.9,No,Month-to-month,No,0,0.3918824131446887,No,Normal Risk,Continue regular engagement
9863-JZAIC,35,55.0,2010.55,DSL,Month-to-month,Yes,1,0.3298998056553096,No,Normal Risk,Continue regular engagement
7471-MQPOS,71,72.9,5139.65,DSL,One year,No,4,0.019670032026553562,No,Normal Risk,Continue regular engagement
7660-HDPJV,1,69.2,69.2,Fiber optic,Month-to-month,Yes,0,0.8780787960940242,Yes,High Risk,Offer contract upgrade discount
5115-SQAAU,69,25.6,1673.4,No,Two year,No,0,0.008216456068392178,No,Normal Risk,Continue regular engagement
9845-QOMAD,14,19.75,309.35,No,One year,No,0,0.02953746580933888,No,Normal Risk,Continue regular engagement
7672-VFMXZ,57,55.7,3171.6,DSL,Month-to-month,No,2,0.06828155985000393,No,Normal Risk,Continue regular engagement
9739-JLPQJ,72,117.5,8670.1,Fiber optic,Two year,No,6,0.045835989608606104,No,Normal Risk,Continue regular engagement
9916-AYHTC,48,19.85,916.0,No,Two year,No,0,0.010252906048596298,No,Normal Risk,Continue regular engagement
3855-ONCAR,4,78.9,299.75,Fiber optic,Month-to-month,No,1,0.6837314417795266,Yes,Normal Risk,Continue regular engagement
1488-SYSFC,31,20.65,702.05,No,Month-to-month,No,0,0.08058443605370828,No,Normal Risk,Continue regular engagement
7931-PXHFC,38,62.3,2354.8,DSL,One year,Yes,3,0.060185537254198805,No,Normal Risk,Continue regular engagement
3990-QYKBE,37,92.5,3473.4,Fiber optic,Month-to-month,Yes,2,0.6306866071781219,Yes,Normal Risk,Continue regular engagement
0970-QXPXW,1,19.65,19.65,No,Month-to-month,No,0,0.43466427537878477,No,Normal Risk,Continue regular engagement
3259-KNMRR,57,79.75,4438.2,DSL,Two year,No,4,0.09355943582678872,No,Normal Risk,Continue regular engagement
6120-RJKLU,62,79.95,4819.75,DSL,Two year,No,5,0.01422860195555334,No,Normal Risk,Continue regular engagement
9572-WUKSB,3,29.9,92.25,DSL,Month-to-month,No,1,0.5737061930928138,Yes,Normal Risk,Continue regular engagement
5893-KCLGT,72,19.75,1567.0,No,Two year,No,0,0.003778216218597206,No,Normal Risk,Continue regular engagement
0076-LVEPS,29,45.0,1242.45,DSL,Month-to-month,No,4,0.040861738056364685,No,Normal Risk,Continue regular engagement
3640-JQGJG,13,44.8,559.2,DSL,Month-to-month,No,0,0.363247987779686,No,Normal Risk,Continue regular engagement
4919-MOAVT,3,69.65,220.1,Fiber optic,Month-to-month,Yes,0,0.7401400434434675,Yes,High Risk,Offer contract upgrade discount
1596-OQSPS,11,51.1,531.15,DSL,Month-to-month,No,1,0.628598445249828,Yes,Normal Risk,Continue regular engagement
9867-XOBQA,21,53.15,1183.2,DSL,Two year,No,5,0.013541659554659862,No,Normal Risk,Continue regular engagement
9546-KDTRB,19,24.7,465.85,No,Month-to-month,No,0,0.3144852190281088,No,Normal Risk,Continue regular engagement
3090-HAWSU,61,111.6,6876.05,Fiber optic,Two year,Yes,5,0.09730613308682393,No,Normal Risk,Continue regular engagement
9820-RMCQV,11,48.55,501.0,DSL,Month-to-month,Yes,1,0.36392603170270105,No,Normal Risk,Continue regular engagement
3174-RKMOW,35,109.95,3782.4,Fiber optic,Month-to-month,No,5,0.3175852310636195,No,Normal Risk,Continue regular engagement
1760-CAZHT,25,20.8,460.2,No,Month-to-month,No,0,0.07722044406889055,No,Normal Risk,Continue regular engagement
7839-QRKXN,1,20.2,20.2,No,Month-to-month,Yes,0,0.4620010731901066,No,Normal Risk,Continue regular engagement
8441-SHIPE,67,25.6,1790.35,No,Two year,No,0,0.021669582020371555,No,Normal Risk,Continue regular engagement
5204-QZXPU,19,39.65,733.35,DSL,Month-to-month,Yes,2,0.48509077141596085,No,Normal Risk,Continue regular engagement
4597-ELFTS,56,24.9,1334.0,No,One year,Yes,0,0.024015978718359948,No,Normal Risk,Continue regular engagement
1320-GVNHT,72,108.4,7767.25,Fiber optic,Two year,No,5,0.0382507911145407,No,Normal Risk,Continue regular engagement
1047-RNXZV,43,19.55,876.15,No,Two year,No,0,0.014477577134051522,No,Normal Risk,Continue regular engagement
3541-ZNUHK,55,85.1,4600.95,Fiber optic,Month-to-month,No,2,0.22627959250762322,No,Normal Risk,Continue regular engagement
8450-JOVAH,2,56.7,113.55,DSL,Month-to-month,Yes,1,0.2606722319287953,No,Normal Risk,Continue regular engagement
8725-JEDFD,27,69.05,1793.25,Fiber optic,Month-to-month,No,0,0.5618649554668429,Yes,Normal Risk,Continue regular engagement
7562-UXTPG,13,70.15,886.7,Fiber optic,Month-to-month,No,0,0.6802600176856242,Yes,Normal Risk,Continue regular engagement
8071-SBTRN,70,111.15,7737.55,Fiber optic,Two year,No,5,0.15630083755357585,No,Normal Risk,Continue regular engagement
1113-IUJYX,14,105.95,1348.9,Fiber optic,One year,Yes,5,0.1306243143191685,No,Normal Risk,Continue regular engagement
6668-CNMFP,19,89.35,1686.85,Fiber optic,One year,No,2,0.3043104908998315,No,Normal Risk,Continue regular engagement
5626-MGTUK,20,89.1,1879.25,Fiber optic,Month-to-month,No,2,0.7154875464095288,Yes,High Risk,Offer contract upgrade discount
5681-LLOEI,43,91.25,4013.8,Fiber optic,One year,No,3,0.04034580182677713,No,Normal Risk,Continue regular engagement
8212-DJRCH,5,90.35,434.5,Fiber optic,Month-to-month,No,3,0.4145914249776971,No,Normal Risk,Continue regular engagement
4323-OHFOW,70,105.55,7195.35,Fiber optic,One year,No,4,0.3156341524723958,No,Normal Risk,Continue regular engagement
4933-BSAIP,40,19.1,780.1,No,Two year,No,0,0.01578710903211729,No,Normal Risk,Continue regular engagement
2030-BTZRO,6,20.4,107.6,No,Two year,No,0,0.041576743938930925,No,Normal Risk,Continue regular engagement
1116-DXXDF,39,100.45,3801.7,Fiber optic,Two year,No,4,0.22798607389712536,No,Normal Risk,Continue regular engagement
9274-CNFMO,4,74.95,308.7,Fiber optic,Month-to-month,Yes,0,0.7510522201718107,Yes,High Risk,Offer contract upgrade discount
7758-XKCBS,15,29.7,438.25,DSL,Month-to-month,Yes,1,0.3723827799582649,No,Normal Risk,Continue regular engagement
8992-JQYUN,1,50.35,50.35,DSL,Month-to-month,Yes,3,0.7555802853233047,Yes,High Risk,Offer contract upgrade discount
6563-VNPMN,45,85.7,3778.1,Fiber optic,Month-to-month,No,3,0.32931793307072965,No,Normal Risk,Continue regular engagement
0617-AQNWT,64,47.85,3147.5,DSL,Two year,Yes,4,0.014857208439806728,No,Normal Risk,Continue regular engagement
2267-WTPYD,57,94.0,5438.95,Fiber optic,Month-to-month,No,3,0.3246534568077023,No,Normal Risk,Continue regular engagement
0270-THENM,72,69.85,5102.35,DSL,Two year,No,4,0.006105816141497471,No,Normal Risk,Continue regular engagement
2446-PLQVO,1,70.3,70.3,Fiber optic,Month-to-month,Yes,0,0.857015453839501,Yes,High Risk,Offer contract upgrade discount
4707-MAXGU,72,25.85,1872.2,No,Two year,No,0,0.0038951885326135656,No,Normal Risk,Continue regular engagement
2710-WYVXG,3,71.1,213.35,DSL,Two year,No,4,0.08176552611471234,No,Normal Risk,Continue regular engagement
3005-NFMTA,55,98.8,5617.75,Fiber optic,Month-to-month,Yes,3,0.5362738568098105,Yes,Normal Risk,Continue regular engagement
6300-BWMJX,59,93.35,5386.5,Fiber optic,Month-to-month,No,3,0.4126953140858552,No,Normal Risk,Continue regular engagement
8784-CGILN,18,99.85,1776.95,Fiber optic,Month-to-month,Yes,3,0.7821066185594424,Yes,High Risk,Offer contract upgrade discount
5389-FFVKB,32,80.3,2483.05,Fiber optic,Month-to-month,Yes,1,0.4758314667620451,No,Normal Risk,Continue regular engagement
7009-LGECI,4,50.55,235.65,DSL,Month-to-month,No,1,0.7003349151093615,Yes,High Risk,Offer contract upgrade discount
8444-WRIDW,66,80.45,5224.35,Fiber optic,Month-to-month,Yes,1,0.32385015962275665,No,Normal Risk,Continue regular engagement
5022-KVDQT,27,81.3,2272.8,Fiber optic,Month-to-month,No,1,0.6750240017611222,Yes,Normal Risk,Continue regular engagement
7976-CICYS,4,20.7,83.75,No,Month-to-month,No,0,0.3438403774760668,No,Normal Risk,Continue regular engagement
1036-GUDCL,60,79.05,4663.4,DSL,Month-to-month,No,5,0.029872107062924404,No,Normal Risk,Continue regular engagement
2005-DWQZJ,8,19.05,201.7,No,Two year,No,0,0.04962090491664319,No,Normal Risk,Continue regular engagement
8148-WOCMK,8,19.6,125.0,No,Two year,No,0,0.03371735766068769,No,Normal Risk,Continue regular engagement
7815-PDTHL,35,20.2,684.4,No,Two year,No,0,0.021958539175878995,No,Normal Risk,Continue regular engagement
9451-LPGOO,7,86.8,620.35,Fiber optic,Month-to-month,Yes,1,0.8790045145243224,Yes,High Risk,Offer contract upgrade discount
9173-IVZVP,53,20.9,1146.05,No,Two year,No,0,0.006259772222332005,No,Normal Risk,Continue regular engagement
9129-UXERG,18,103.6,1806.35,Fiber optic,Month-to-month,No,4,0.3888868302870542,No,Normal Risk,Continue regular engagement
3635-JBPSG,15,38.8,603.0,DSL,Two year,No,2,0.1418713734374597,No,Normal Risk,Continue regular engagement
7964-ZRKKG,67,88.4,5798.3,Fiber optic,One year,No,2,0.2962302283815497,No,Normal Risk,Continue regular engagement
5868-YWPDW,6,84.2,519.15,Fiber optic,Month-to-month,Yes,2,0.7098989193437354,Yes,High Risk,Offer contract upgrade discount
6229-LSCKB,6,79.7,497.6,Fiber optic,Month-to-month,No,1,0.8256066446421207,Yes,High Risk,Offer contract upgrade discount
2025-JKFWI,13,99.0,1301.7,Fiber optic,Month-to-month,Yes,3,0.5458739988388771,Yes,Normal Risk,Continue regular engagement
4078-SAYYN,11,100.75,1129.75,Fiber optic,Month-to-month,Yes,3,0.8859981639270187,Yes,High Risk,Offer contract upgrade discount
1724-IQWNM,1,19.3,19.3,No,Month-to-month,No,0,0.25450941563755763,No,Normal Risk,Continue regular engagement
8217-QYOHV,5,55.75,266.95,DSL,Month-to-month,No,2,0.28414304378718686,No,Normal Risk,Continue regular engagement
5546-QUERU,13,19.95,257.0,No,One year,No,0,0.07305857019345913,No,Normal Risk,Continue regular engagement
9940-HPQPG,9,91.75,865.8,Fiber optic,Month-to-month,Yes,3,0.6679548119998316,Yes,Normal Risk,Continue regular engagement
6897-UUBNU,29,89.65,2623.65,Fiber optic,Month-to-month,No,3,0.377217125285899,No,Normal Risk,Continue regular engagement
6127-IYJOZ,1,45.85,45.85,DSL,Month-to-month,No,0,0.5833215865876967,Yes,Normal Risk,Continue regular engagement
6618-RYATB,1,79.55,79.55,Fiber optic,Month-to-month,Yes,1,0.7813626752611781,Yes,High Risk,Offer contract upgrade discount
8930-XOTDP,18,55.95,1082.8,DSL,Month-to-month,No,1,0.2853602110451681,No,Normal Risk,Continue regular engagement
5916-QEWPT,2,69.0,147.8,DSL,Month-to-month,No,3,0.5743039220501847,Yes,Normal Risk,Continue regular engagement
5060-TQUQN,30,83.55,2570.2,Fiber optic,Month-to-month,No,2,0.31490100106775804,No,Normal Risk,Continue regular engagement
0531-XBKMM,66,65.7,4378.9,DSL,Two year,No,3,0.010825144387252888,No,Normal Risk,Continue regular engagement
8465-SBRXP,38,94.9,3616.25,Fiber optic,Two year,No,3,0.13138922384854013,No,Normal Risk,Continue regular engagement
2408-PSJVE,44,61.9,2924.05,DSL,Month-to-month,No,3,0.051723132627724044,No,Normal Risk,Continue regular engagement
9079-YEXQJ,54,111.1,6014.85,Fiber optic,Month-to-month,Yes,5,0.5856962261919167,Yes,Normal Risk,Continue regular engagement
9700-ZCLOT,2,20.0,32.7,No,Month-to-month,No,0,0.3670730840078791,No,Normal Risk,Continue regular engagement
8738-JOKAR,42,67.7,2882.25,DSL,One year,No,4,0.03463517938253101,No,Normal Risk,Continue regular engagement
4534-WGCIR,58,25.15,1509.9,No,Two year,No,0,0.004514041888175403,No,Normal Risk,Continue regular engagement
1930-WNXSB,58,92.85,5305.05,Fiber optic,Month-to-month,No,3,0.39409076532075876,No,Normal Risk,Continue regular engagement
2685-SREOM,25,89.1,2368.4,Fiber optic,Month-to-month,Yes,2,0.5768226854860834,Yes,Normal Risk,Continue regular engagement
3508-CFVZL,71,111.3,7985.9,Fiber optic,Two year,No,6,0.0610550461307088,No,Normal Risk,Continue regular engagement
0402-CQAJN,37,101.9,3545.35,Fiber optic,Month-to-month,Yes,4,0.7280071943724922,Yes,High Risk,Offer contract upgrade discount
6692-UDPJC,14,91.65,1301.0,Fiber optic,Month-to-month,Yes,2,0.5003126518858662,Yes,Normal Risk,Continue regular engagement
1273-MTETI,4,88.85,372.45,Fiber optic,Month-to-month,Yes,2,0.8239572690960969,Yes,High Risk,Offer contract upgrade discount
0657-DOGUM,48,60.6,2985.25,DSL,One year,No,2,0.07027629861238052,No,Normal Risk,Continue regular engagement
5480-HPRRX,3,25.3,77.75,DSL,Month-to-month,Yes,0,0.764389251163625,Yes,High Risk,Offer contract upgrade discount
8792-AOROI,8,65.5,564.35,DSL,Two year,No,3,0.08453296188503878,No,Normal Risk,Continue regular engagement
0295-PPHDO,1,95.45,95.45,Fiber optic,Month-to-month,Yes,2,0.8904678912369979,Yes,High Risk,Offer contract upgrade discount
5146-YYFRZ,67,19.95,1311.75,No,Two year,No,0,0.012705367305152631,No,Normal Risk,Continue regular engagement
1195-OIYEJ,13,91.1,1135.7,Fiber optic,Month-to-month,Yes,2,0.8028690909284274,Yes,High Risk,Offer contract upgrade discount
5906-CVLHP,45,54.15,2319.8,DSL,One year,Yes,2,0.01758750786853294,No,Normal Risk,Continue regular engagement
3452-SRFEG,49,74.6,3720.35,Fiber optic,Month-to-month,No,0,0.6886542641080196,Yes,Normal Risk,Continue regular engagement
4070-OKWVH,52,94.6,5025.8,Fiber optic,Month-to-month,No,3,0.6369730108265422,Yes,Normal Risk,Continue regular engagement
5297-MDOIR,63,81.15,5224.5,Fiber optic,One year,No,2,0.11063586463657248,No,Normal Risk,Continue regular engagement
6369-MCAKO,68,89.05,6185.8,DSL,Two year,No,6,0.02045795144090066,No,Normal Risk,Continue regular engagement
4926-UMJZD,31,49.2,1498.55,DSL,Month-to-month,No,1,0.1815148045449842,No,Normal Risk,Continue regular engagement
6848-HJTXY,64,19.45,1208.6,No,Two year,No,0,0.005307938219332101,No,Normal Risk,Continue regular engagement
6341-AEVKX,62,104.3,6613.65,Fiber optic,One year,No,5,0.1991109337082137,No,Normal Risk,Continue regular engagement
4501-EQDRN,1,69.7,69.7,Fiber optic,Month-to-month,Yes,0,0.9112458142076031,Yes,High Risk,Offer contract upgrade discount
2990-HWIML,6,89.5,573.3,Fiber optic,Month-to-month,Yes,2,0.9069864886153343,Yes,High Risk,Offer contract upgrade discount
0682-USIXD,21,86.05,1818.9,Fiber optic,Month-to-month,No,2,0.6118329415776702,Yes,Normal Risk,Continue regular engagement
6976-BWGLQ,72,25.2,1787.35,No,Two year,No,0,0.006755716562456525,No,Normal Risk,Continue regular engagement
7078-NVFAM,32,35.15,1051.05,DSL,Month-to-month,No,2,0.12130438124663973,No,Normal Risk,Continue regular engagement
8065-QBYTO,71,99.65,7181.25,Fiber optic,One year,No,4,0.07409148138206162,No,Normal Risk,Continue regular engagement
2133-TSRRM,34,105.35,3688.6,Fiber optic,Month-to-month,No,5,0.536010043212412,Yes,Normal Risk,Continue regular engagement
7384-GHBPI,3,35.15,99.75,DSL,Month-to-month,Yes,1,0.763564878702778,Yes,High Risk,Offer contract upgrade discount
7603-USHJS,12,73.75,871.4,Fiber optic,Month-to-month,Yes,0,0.5681924537249814,Yes,Normal Risk,Continue regular engagement
7234-FECYN,8,101.35,780.5,Fiber optic,Month-to-month,Yes,3,0.8540231319205392,Yes,High Risk,Offer contract upgrade discount
2511-ALLCS,35,24.3,821.6,No,Two year,No,0,0.02481527822018167,No,Normal Risk,Continue regular engagement
3191-CSNMG,3,80.7,239.45,Fiber optic,Month-to-month,No,1,0.7947152770825228,Yes,High Risk,Offer contract upgrade discount
7952-OBOYL,3,89.85,244.45,Fiber optic,Month-to-month,No,3,0.6219602238600965,Yes,Normal Risk,Continue regular engagement
7470-DYNOE,53,61.1,3357.9,DSL,One year,No,2,0.15666041135828565,No,Normal Risk,Continue regular engagement
7853-OETYL,4,29.05,129.6,DSL,Month-to-month,No,1,0.5990113357256501,Yes,Normal Risk,Continue regular engagement
1545-ACTAS,48,99.7,4977.2,Fiber optic,One year,No,4,0.2925431217459413,No,Normal Risk,Continue regular engagement
5876-HZVZM,6,55.9,365.35,DSL,Month-to-month,Yes,2,0.18724456678424173,No,Normal Risk,Continue regular engagement
1400-MMYXY,3,105.9,334.65,Fiber optic,Month-to-month,Yes,4,0.7153234811308846,Yes,High Risk,Offer contract upgrade discount
5126-RCXYW,54,46.0,2424.05,DSL,Two year,No,3,0.011348986431869813,No,Normal Risk,Continue regular engagement
3085-QUOZK,1,43.95,43.95,DSL,Month-to-month,Yes,0,0.6574339313447363,Yes,Normal Risk,Continue regular engagement
2363-BJLSL,62,80.4,4981.15,DSL,Month-to-month,No,5,0.25364844087281047,No,Normal Risk,Continue regular engagement
1956-YIFGE,22,100.05,2090.25,Fiber optic,One year,No,4,0.1556691999285455,No,Normal Risk,Continue regular engagement
3926-CUQZX,1,45.1,45.1,DSL,Month-to-month,Yes,0,0.79511985653233,Yes,High Risk,Offer contract upgrade discount
7921-LMDFQ,51,94.0,4905.75,Fiber optic,One year,No,3,0.4862707326896998,No,Normal Risk,Continue regular engagement
2925-MXLSX,30,68.95,2038.7,DSL,One year,No,3,0.11048537240170318,No,Normal Risk,Continue regular engagement
5820-PTRYM,56,68.45,4014.0,DSL,One year,No,4,0.00967266533591033,No,Normal Risk,Continue regular engagement
9609-BENEA,35,69.0,2441.7,DSL,One year,No,3,0.07575579891700931,No,Normal Risk,Continue regular engagement
6211-WHMYA,64,43.85,2751.0,DSL,Month-to-month,No,3,0.10494667217702154,No,Normal Risk,Continue regular engagement
4459-BBGHE,30,44.5,1307.8,DSL,Month-to-month,No,2,0.41070939269743345,No,Normal Risk,Continue regular engagement
9945-PSVIP,25,18.7,383.65,No,Two year,No,0,0.01593188047514916,No,Normal Risk,Continue regular engagement
1041-RXHRA,41,70.25,2868.05,Fiber optic,Month-to-month,Yes,0,0.751962834058067,Yes,High Risk,Offer contract upgrade discount
1750-CSKKM,9,55.35,449.75,DSL,Month-to-month,Yes,1,0.5601771799551353,Yes,Normal Risk,Continue regular engagement
9108-EJFJP,1,53.55,53.55,DSL,Month-to-month,No,2,0.3276974099839971,No,Normal Risk,Continue regular engagement
0530-IJVDB,70,114.6,7882.5,Fiber optic,Two year,No,6,0.055015822968490995,No,Normal Risk,Continue regular engagement
0508-SQWPL,57,20.1,1087.7,No,Two year,No,0,0.011456437298728004,No,Normal Risk,Continue regular engagement
2215-ZAFGX,9,85.5,791.7,Fiber optic,Month-to-month,No,1,0.8600979094550675,Yes,High Risk,Offer contract upgrade discount
8213-TAZPM,69,108.75,7493.05,Fiber optic,One year,No,5,0.20777650939858391,No,Normal Risk,Continue regular engagement
7142-HVGBG,43,103.0,4414.3,Fiber optic,Month-to-month,Yes,4,0.4916626116341365,No,Normal Risk,Continue regular engagement
1304-SEGFY,72,97.85,6841.3,Fiber optic,Two year,No,3,0.2603685124190692,No,Normal Risk,Continue regular engagement
7242-EDTYC,44,19.55,819.95,No,Two year,No,0,0.01682272356921397,No,Normal Risk,Continue regular engagement
2904-GGUAZ,72,84.05,6052.25,Fiber optic,Two year,No,2,0.10910581067421313,No,Normal Risk,Continue regular engagement
8267-ZNYVZ,33,103.75,3361.05,Fiber optic,One year,Yes,5,0.20479516387759583,No,Normal Risk,Continue regular engagement
5136-GFPMB,54,89.4,4869.5,Fiber optic,Month-to-month,No,2,0.4707715884241558,No,Normal Risk,Continue regular engagement
2595-KIWPV,27,19.7,509.3,No,Two year,No,0,0.013019459791725273,No,Normal Risk,Continue regular engagement
5243-SAOTC,54,79.85,4308.25,Fiber optic,Month-to-month,No,1,0.5945101688717248,Yes,Normal Risk,Continue regular engagement
9398-MMQTO,3,74.45,221.1,Fiber optic,Month-to-month,No,1,0.6506124946495369,Yes,Normal Risk,Continue regular engagement
7619-PLRLP,53,74.1,3833.95,DSL,One year,No,4,0.0756290144798445,No,Normal Risk,Continue regular engagement
6457-GIRWB,1,69.35,69.35,Fiber optic,Month-to-month,Yes,0,0.8481937616177134,Yes,High Risk,Offer contract upgrade discount
6508-NJYRO,15,18.8,294.95,No,One year,No,0,0.046316395319952,No,Normal Risk,Continue regular engagement
1450-SKCVI,56,73.85,4092.85,Fiber optic,Month-to-month,Yes,1,0.5091717509203733,Yes,Normal Risk,Continue regular engagement
4710-NKCAW,5,64.4,316.9,DSL,Month-to-month,No,3,0.07438071828338705,No,Normal Risk,Continue regular engagement
5306-BVTKJ,48,55.8,2651.2,DSL,One year,No,2,0.02244750128369268,No,Normal Risk,Continue regular engagement
0357-NVCRI,25,20.05,471.7,No,Month-to-month,No,0,0.08213500738390332,No,Normal Risk,Continue regular engagement
5570-PTWEH,3,75.15,216.75,Fiber optic,Month-to-month,Yes,0,0.7597472013252324,Yes,High Risk,Offer contract upgrade discount
2371-KFUOG,58,99.15,5720.95,Fiber optic,One year,No,4,0.3198958151384433,No,Normal Risk,Continue regular engagement
0463-ZSDNT,10,56.75,503.25,DSL,Month-to-month,No,1,0.8040077823000795,Yes,High Risk,Offer contract upgrade discount
6502-MJQAE,1,69.6,69.6,Fiber optic,Month-to-month,Yes,0,0.8505576940769973,Yes,High Risk,Offer contract upgrade discount
6257-DTAYD,71,104.15,7365.3,Fiber optic,Two year,No,4,0.08647825639845469,No,Normal Risk,Continue regular engagement
4616-ULAOA,65,110.8,7245.9,Fiber optic,Two year,No,5,0.06959203642622915,No,Normal Risk,Continue regular engagement
7693-LCKZL,5,80.15,385.0,Fiber optic,Month-to-month,Yes,1,0.6020745824016797,Yes,Normal Risk,Continue regular engagement
7746-AWNQW,28,35.75,961.4,DSL,Month-to-month,No,2,0.2414414211129055,No,Normal Risk,Continue regular engagement
5996-EBTKM,67,69.9,4615.9,DSL,Two year,No,3,0.03343672842387272,No,Normal Risk,Continue regular engagement
2758-RNWXS,35,89.2,3251.3,Fiber optic,One year,No,3,0.20663122331829983,No,Normal Risk,Continue regular engagement
2314-TNDJQ,72,55.65,3880.05,DSL,Two year,No,5,0.003440747584833102,No,Normal Risk,Continue regular engagement
2405-LBMUW,61,50.7,3088.75,DSL,One year,No,4,0.02610077066743172,No,Normal Risk,Continue regular engagement
3454-JFUBC,68,20.0,1396.0,No,Two year,No,0,0.004006678337988901,No,Normal Risk,Continue regular engagement
0032-PGELS,1,30.5,30.5,DSL,Month-to-month,Yes,1,0.5838333875186402,Yes,Normal Risk,Continue regular engagement
9039-ZVJDC,3,19.1,53.05,No,Month-to-month,No,0,0.3587439108047765,No,Normal Risk,Continue regular engagement
6797-LNAQX,70,98.3,6859.5,Fiber optic,Two year,Yes,3,0.16759682492655756,No,Normal Risk,Continue regular engagement
9013-AQORL,48,45.55,2108.35,DSL,Month-to-month,No,3,0.11533903063806566,No,Normal Risk,Continue regular engagement
2898-MRKPI,68,101.05,6770.5,Fiber optic,One year,No,3,0.15489148973256459,No,Normal Risk,Continue regular engagement
2750-BJLSB,47,103.7,4730.6,Fiber optic,One year,No,5,0.22636687799903774,No,Normal Risk,Continue regular engagement
3648-GZPHF,32,36.25,1151.05,DSL,One year,No,2,0.03436536216160682,No,Normal Risk,Continue regular engagement
2075-RMJIK,5,49.4,232.55,DSL,Month-to-month,No,1,0.2810634845929587,No,Normal Risk,Continue regular engagement
9588-YRFHY,49,19.9,1022.6,No,Two year,No,0,0.010974258062081188,No,Normal Risk,Continue regular engagement
6394-MFYNG,48,107.4,5121.3,Fiber optic,Month-to-month,Yes,4,0.8173709635603653,Yes,High Risk,Offer contract upgrade discount
1564-NTYXF,13,82.0,1127.2,Fiber optic,Month-to-month,Yes,1,0.7179075039147453,Yes,High Risk,Offer contract upgrade discount
9364-YKUVW,15,19.8,309.4,No,Month-to-month,No,0,0.16533489943805935,No,Normal Risk,Continue regular engagement
5392-AKEMH,12,45.05,523.1,DSL,Month-to-month,No,0,0.7099521360642533,Yes,High Risk,Offer contract upgrade discount
2451-YMUXS,67,64.55,4250.1,DSL,Two year,No,3,0.013391181963738714,No,Normal Risk,Continue regular engagement
3914-FDRHP,9,86.25,770.5,Fiber optic,Month-to-month,No,2,0.7600645295021335,Yes,High Risk,Offer contract upgrade discount
3078-ZKNTS,13,19.75,246.7,No,Two year,No,0,0.05437148257131291,No,Normal Risk,Continue regular engagement
1024-KPRBB,38,89.1,3342.0,Fiber optic,One year,No,2,0.48143816176230103,No,Normal Risk,Continue regular engagement
4690-PKDQG,42,95.55,3930.6,Fiber optic,Month-to-month,No,3,0.5225826873312246,Yes,Normal Risk,Continue regular engagement
8155-IBNHG,24,75.4,1747.85,Fiber optic,Month-to-month,Yes,0,0.5408820023976221,Yes,Normal Risk,Continue regular engagement
0886-QGENL,27,101.25,2754.45,Fiber optic,Month-to-month,Yes,4,0.5718355434085042,Yes,Normal Risk,Continue regular engagement
9547-ITEFG,9,102.6,897.75,Fiber optic,Month-to-month,No,4,0.42909319449099675,No,Normal Risk,Continue regular engagement
1264-FUHCX,49,56.3,2780.6,DSL,One year,No,4,0.06785605982558249,No,Normal Risk,Continue regular engagement
7789-CRUVC,61,94.2,5895.45,Fiber optic,Month-to-month,No,4,0.09557980486826109,No,Normal Risk,Continue regular engagement
6598-KELSS,50,43.05,2208.05,DSL,One year,No,3,0.046090018660650524,No,Normal Risk,Continue regular engagement
8739-WWKDU,25,89.5,2196.15,Fiber optic,Month-to-month,Yes,2,0.5943702063022089,Yes,Normal Risk,Continue regular engagement
8685-WHQPW,22,74.4,1692.6,Fiber optic,Month-to-month,Yes,0,0.7528675199778019,Yes,High Risk,Offer contract upgrade discount
4745-LSPLO,1,20.5,20.5,No,Month-to-month,Yes,0,0.38580853794896774,No,Normal Risk,Continue regular engagement
8083-YTZES,4,74.35,265.35,Fiber optic,Month-to-month,Yes,0,0.8351309372985529,Yes,High Risk,Offer contract upgrade discount
7240-FQLHE,18,99.75,1836.25,Fiber optic,Month-to-month,Yes,3,0.6714571655777921,Yes,Normal Risk,Continue regular engagement
6664-FPDAC,56,111.95,6418.9,Fiber optic,One year,Yes,5,0.3269229366421517,No,Normal Risk,Continue regular engagement
9972-VAFJJ,53,94.0,4871.45,Fiber optic,One year,No,4,0.13967998960230213,No,Normal Risk,Continue regular engagement
0422-UXFAP,51,98.85,4947.55,Fiber optic,One year,No,3,0.45183801772897697,No,Normal Risk,Continue regular engagement
1904-WAJAA,24,64.35,1558.65,DSL,Two year,No,3,0.020769145363055835,No,Normal Risk,Continue regular engagement
5130-YPIRV,62,72.0,4284.2,DSL,Two year,No,4,0.01836650502470031,No,Normal Risk,Continue regular engagement
2843-CQMEG,24,49.7,1218.25,DSL,Month-to-month,No,1,0.23834659025225358,No,Normal Risk,Continue regular engagement
6439-PKTRR,70,80.7,5617.95,DSL,Two year,No,5,0.008910161726237677,No,Normal Risk,Continue regular engagement
5351-QESIO,1,24.2,24.2,DSL,Month-to-month,No,0,0.5370928313844217,Yes,Normal Risk,Continue regular engagement
0786-VSSUD,16,39.0,679.85,DSL,Month-to-month,Yes,2,0.303750851079895,No,Normal Risk,Continue regular engagement
5568-DMXZS,8,65.45,554.45,DSL,Month-to-month,No,3,0.5411217601047189,Yes,Normal Risk,Continue regular engagement
8468-FZTOE,72,74.35,5237.4,DSL,Two year,No,5,0.007297194200908424,No,Normal Risk,Continue regular engagement
6633-SYEUS,23,83.2,2032.3,Fiber optic,Month-to-month,No,3,0.4921039378480166,No,Normal Risk,Continue regular engagement
6447-GORXK,31,25.0,789.2,DSL,Month-to-month,No,0,0.1760648723249557,No,Normal Risk,Continue regular engagement
6967-PEJLL,37,40.2,1525.35,DSL,One year,No,3,0.021603520116634214,No,Normal Risk,Continue regular engagement
3976-BWUCK,30,94.1,2804.45,Fiber optic,Month-to-month,Yes,3,0.35167577292984364,No,Normal Risk,Continue regular engagement
5981-ZVXOT,35,108.35,3726.15,Fiber optic,One year,No,5,0.24347068065746524,No,Normal Risk,Continue regular engagement
1684-FLBGS,23,69.5,1652.1,DSL,Month-to-month,No,3,0.09572246978831907,No,Normal Risk,Continue regular engagement
1389-WNUIB,20,76.0,1588.75,DSL,One year,No,3,0.16944526805605858,No,Normal Risk,Continue regular engagement
0376-OIWME,36,93.6,3366.05,Fiber optic,Month-to-month,No,3,0.5440114113662955,Yes,Normal Risk,Continue regular engagement
3585-ISXZP,8,95.65,778.1,Fiber optic,Month-to-month,Yes,2,0.9329585390832094,Yes,High Risk,Offer contract upgrade discount
0218-QNVAS,71,100.55,7113.75,Fiber optic,One year,No,3,0.30009850773199115,No,Normal Risk,Continue regular engagement
6583-QGCSI,50,88.05,4367.35,Fiber optic,Month-to-month,Yes,2,0.4924765584172185,No,Normal Risk,Continue regular engagement
0804-YGEQV,43,24.45,993.15,No,One year,No,0,0.03326957213709493,No,Normal Risk,Continue regular engagement
7164-BPTUT,57,89.55,5012.35,DSL,Two year,No,6,0.00920452491583021,No,Normal Risk,Continue regular engagement
4174-LPGTI,41,66.5,2728.6,DSL,One year,Yes,3,0.08706299244407716,No,Normal Risk,Continue regular engagement
2523-EWWZL,27,76.1,2093.4,Fiber optic,Month-to-month,No,1,0.6308755010860406,Yes,Normal Risk,Continue regular engagement
0928-XUTSN,13,80.5,1011.8,Fiber optic,Month-to-month,No,1,0.8082807388968195,Yes,High Risk,Offer contract upgrade discount
2108-XWMPY,3,35.45,106.85,DSL,Month-to-month,Yes,2,0.4189782300378276,No,Normal Risk,Continue regular engagement
0052-YNYOT,67,20.55,1343.4,No,One year,No,0,0.02017385836393834,No,Normal Risk,Continue regular engagement
6304-IJFSQ,3,49.9,130.1,DSL,Month-to-month,Yes,1,0.5095055984288345,Yes,Normal Risk,Continue regular engagement
9586-JGQKH,64,105.4,6794.75,Fiber optic,Two year,No,4,0.282154646098871,No,Normal Risk,Continue regular engagement
4501-VCPFK,26,35.75,1022.5,DSL,Month-to-month,No,2,0.2824823823118408,No,Normal Risk,Continue regular engagement
6075-SLNIL,38,95.1,3691.2,Fiber optic,Month-to-month,No,3,0.4670605800505572,No,Normal Risk,Continue regular engagement
9347-AERRL,23,19.3,486.2,No,One year,No,0,0.031002160433969275,No,Normal Risk,Continue regular engagement
0093-XWZFY,40,104.5,4036.85,Fiber optic,Month-to-month,Yes,4,0.5009935777051816,Yes,Normal Risk,Continue regular engagement
2274-XUATA,72,63.1,4685.55,DSL,Two year,No,6,0.013424950854200538,No,Normal Risk,Continue regular engagement
1980-KXVPM,3,75.05,256.25,Fiber optic,Month-to-month,Yes,0,0.7591801050783219,Yes,High Risk,Offer contract upgrade discount
7703-ZEKEF,23,81.0,1917.1,Fiber optic,Month-to-month,Yes,1,0.6484490945324239,Yes,Normal Risk,Continue regular engagement
0723-DRCLG,1,74.45,74.45,Fiber optic,Month-to-month,Yes,0,0.8102356955182963,Yes,High Risk,Offer contract upgrade discount
5482-NUPNA,4,60.4,272.15,DSL,Month-to-month,Yes,3,0.25689725601878105,No,Normal Risk,Continue regular engagement
6691-CCIHA,62,84.95,5150.55,DSL,Two year,No,5,0.030485197058424802,No,Normal Risk,Continue regular engagement
1685-BQULA,40,93.4,3756.4,Fiber optic,Month-to-month,No,3,0.7016874310741327,Yes,High Risk,Offer contract upgrade discount
9053-EJUNL,41,89.2,3645.75,Fiber optic,Month-to-month,No,2,0.6081291556722068,Yes,Normal Risk,Continue regular engagement
0666-UXTJO,34,85.2,2874.45,Fiber optic,Month-to-month,No,2,0.4116904583585206,No,Normal Risk,Continue regular engagement
1471-GIQKQ,1,49.95,49.95,DSL,Month-to-month,No,1,0.6741512152991807,Yes,Normal Risk,Continue regular engagement
4807-IZYOZ,51,20.65,1020.75,No,Two year,No,0,0.032732101106684314,No,Normal Risk,Continue regular engagement
1122-JWTJW,1,70.65,70.65,Fiber optic,Month-to-month,Yes,0,0.6340971857843561,Yes,Normal Risk,Continue regular engagement
9710-NJERN,39,20.15,826.0,No,Two year,No,0,0.02320820158797375,No,Normal Risk,Continue regular engagement
9837-FWLCH,12,19.2,239.0,No,Month-to-month,No,0,0.2069055614741465,No,Normal Risk,Continue regular engagement
1699-HPSBG,12,59.8,727.8,DSL,One year,Yes,2,0.2995027259014415,No,Normal Risk,Continue regular engagement
7203-OYKCT,72,104.95,7544.3,Fiber optic,One year,No,4,0.3745355861590147,No,Normal Risk,Continue regular engagement
1035-IPQPU,63,103.5,6479.4,Fiber optic,Month-to-month,No,4,0.5359505222817947,Yes,Normal Risk,Continue regular engagement
7398-LXGYX,44,84.8,3626.35,Fiber optic,Month-to-month,No,2,0.2298629836596851,No,Normal Risk,Continue regular engagement
2823-LKABH,18,95.05,1679.4,Fiber optic,Month-to-month,No,3,0.6998283289088431,Yes,Normal Risk,Continue regular engagement
8775-CEBBJ,9,44.2,403.35,DSL,Month-to-month,Yes,0,0.7884767842778045,Yes,High Risk,Offer contract upgrade discount
0550-DCXLH,13,73.35,931.55,DSL,Month-to-month,No,4,0.21841660895467502,No,Normal Risk,Continue regular engagement
9281-CEDRU,68,64.1,4326.25,DSL,Two year,No,3,0.03785616957816467,No,Normal Risk,Continue regular engagement
2235-DWLJU,6,44.4,263.05,DSL,Month-to-month,No,2,0.8066812142799932,Yes,High Risk,Offer contract upgrade discount
0871-OPBXW,2,20.05,39.25,No,Month-to-month,No,0,0.44927070912519756,No,Normal Risk,Continue regular engagement
3605-JISKB,55,60.0,3316.1,DSL,One year,No,2,0.01566574594474897,No,Normal Risk,Continue regular engagement
6894-LFHLY,1,75.75,75.75,Fiber optic,Month-to-month,Yes,0,0.8222675445059093,Yes,High Risk,Offer contract upgrade discount
9767-FFLEM,38,69.5,2625.25,Fiber optic,Month-to-month,No,0,0.48576252884609944,No,Normal Risk,Continue regular engagement
0639-TSIQW,67,102.95,6886.25,Fiber optic,Month-to-month,Yes,4,0.36830071442038836,No,Normal Risk,Continue regular engagement
8456-QDAVC,19,78.7,1495.1,Fiber optic,Month-to-month,No,1,0.7844862156472701,Yes,High Risk,Offer contract upgrade discount
7750-EYXWZ,12,60.65,743.3,DSL,One year,No,5,0.3184659678786117,No,Normal Risk,Continue regular engagement
2569-WGERO,72,21.15,1419.4,No,Two year,No,0,0.015884800436531735,No,Normal Risk,Continue regular engagement
6840-RESVB,24,84.8,1990.5,DSL,One year,No,5,0.025083872669161258,No,Normal Risk,Continue regular engagement
2234-XADUH,72,103.2,7362.9,Fiber optic,One year,No,4,0.13422391978613324,No,Normal Risk,Continue regular engagement
4801-JZAZL,11,29.6,346.45,DSL,Month-to-month,No,1,0.4019152377684945,No,Normal Risk,Continue regular engagement
8361-LTMKD,4,74.4,306.6,Fiber optic,Month-to-month,Yes,0,0.6695523459201921,Yes,Normal Risk,Continue regular engagement
3186-AJIEK,66,105.65,6844.5,Fiber optic,Two year,No,5,0.1743410440987498,No,Normal Risk,Continue regular engagement
